participant_id,additional_doses,ad_recall,ad_emotion,trust_medical_endline,trust_government_endline,trust_pharma_endline,trust_media_endline,understand_vaccines_endline,vaccine_immunity_endline,personal_choice_endline,social_influence_endline,social_media_impact_endline,external_pressure_endline,judged_endline,bad_reaction_endline,variant_concern_endline,safety_concern_endline,conflicting_info_endline,short_term_effects_endline,long_term_effects_endline,risk_exaggerated_endline,preventive_measures_endline,access_delay_endline,incentives_help_endline,overall_view_change
3768,Yes,No,No strong feelings (neutral),5,1,3,3,5,1,5,2,4,4,5,4,5,4,3,2,5,2,1,2,3,Does not change
3086,Yes,No,NA,5,5,2,2,3,5,3,3,3,5,3,4,5,2,5,4,1,5,1,4,3,Positive
3589,Yes,No,No strong feelings (neutral),4,1,3,2,5,5,4,2,5,1,3,1,3,4,5,2,1,5,1,3,1,Does not change
1247,Yes,Yes,More confident in vaccines,5,5,5,4,2,5,1,4,2,5,2,4,3,2,2,3,1,2,2,2,4,Positive
1164,No,No,No strong feelings (neutral),3,5,3,4,5,2,3,3,2,2,3,1,1,1,3,1,2,2,1,1,1,Does not change
2016,Yes,Yes,More confident in vaccines,4,5,3,5,3,3,3,4,3,2,2,4,2,1,2,1,1,1,3,1,4,Does not change
2276,Yes,Yes,More anxious about side effects,3,4,4,4,4,4,5,5,2,1,1,2,2,2,3,4,1,1,3,3,3,Does not change
2542,Yes,Yes,More confident in vaccines,3,4,3,1,2,4,4,3,1,1,2,3,1,2,1,1,2,3,3,5,2,Does not change
2321,No,No,NA,5,2,2,2,5,4,4,5,2,3,5,4,3,3,3,1,2,3,4,3,5,Does not change
371,Yes,No,No strong feelings (neutral),4,4,3,2,1,5,3,3,3,4,3,5,1,4,4,2,2,3,3,3,4,Does not change
1073,Yes,Yes,More motivated to protect others,5,4,3,5,4,4,2,5,3,3,4,1,2,3,1,2,2,3,1,2,4,Does not change
48,Yes,No,No strong feelings (neutral),4,3,4,1,3,1,3,3,2,3,3,1,4,2,4,3,4,1,1,3,4,Does not change
2980,Yes,No,NA,5,5,1,4,5,3,4,4,1,4,4,4,2,1,2,4,3,2,1,4,5,Does not change
2850,No,No,No strong feelings (neutral),1,5,4,5,5,5,2,3,5,1,4,1,4,2,3,3,1,2,2,3,2,Much more negative
4988,Yes,Yes,No strong feelings (neutral),4,2,2,5,4,5,4,4,4,2,2,1,3,5,4,3,3,2,2,4,3,Does not change
3616,Yes,No,NA,4,3,4,2,1,5,2,5,5,3,4,3,1,5,4,2,3,4,5,4,3,Does not change
471,Yes,No,No strong feelings (neutral),3,2,1,4,2,3,2,3,1,4,5,5,3,5,3,4,5,5,4,4,2,Positive
262,Yes,Yes,More confident in vaccines,5,2,4,5,4,4,1,5,2,1,3,3,3,1,5,3,3,1,2,1,2,Does not change
744,Yes,Yes,NA,5,5,1,1,4,5,2,1,4,2,4,3,4,1,3,5,4,2,2,5,2,Positive
47,Yes,Yes,More confident in vaccines,5,4,3,3,5,2,3,4,2,3,1,2,4,4,1,3,4,5,2,3,2,Does not change
554,No,Yes,More confident in vaccines,5,5,5,5,3,5,2,3,2,2,2,4,4,1,3,1,3,2,1,3,3,Does not change
1404,No,Yes,More motivated to protect others,5,2,5,5,4,3,2,2,4,1,2,3,1,1,1,1,3,1,2,3,2,Does not change
2912,No,Yes,No strong feelings (neutral),4,3,5,1,5,5,2,3,2,1,3,2,3,3,2,4,3,5,2,5,1,Does not change
3608,No,No,No strong feelings (neutral),5,2,3,5,1,3,4,5,4,2,3,3,4,3,4,5,4,2,3,4,2,Does not change
3081,No,No,No strong feelings (neutral),4,2,4,2,3,3,4,5,2,3,2,5,4,5,3,5,4,5,5,3,2,Does not change
3675,Yes,Yes,No strong feelings (neutral),5,3,3,4,4,4,3,2,4,5,4,3,3,1,2,3,5,3,3,5,5,Does not change
2179,Yes,Yes,More confident in vaccines,5,5,1,4,5,5,5,4,2,1,1,1,3,2,2,1,1,1,2,4,2,Positive
2769,Yes,Yes,More confident in vaccines,5,4,1,5,1,1,3,1,1,5,3,2,4,4,3,5,3,4,4,5,5,Positive
4946,No,No,No strong feelings (neutral),5,1,5,5,5,4,5,3,2,4,4,3,3,3,1,5,2,2,3,3,5,Does not change
4566,No,No,Overwhelmed,5,1,5,5,4,1,3,4,3,2,2,1,2,1,5,3,4,4,3,3,1,Positive
4688,Yes,Yes,NA,3,5,5,3,3,4,4,2,2,1,5,3,5,3,5,1,5,3,3,3,4,Positive
2749,Yes,No,No strong feelings (neutral),4,5,3,5,5,3,5,4,2,3,3,1,2,3,2,4,1,3,2,4,4,Does not change
4164,No,Yes,More confident in vaccines,5,4,2,4,1,2,3,2,3,1,5,2,1,1,2,1,2,2,2,1,3,Much more positive
4599,Yes,No,More anxious about side effects,2,4,1,5,4,5,4,1,5,3,4,4,2,4,4,2,2,4,2,3,3,Positive
4166,Yes,Yes,More confident in vaccines,2,4,2,4,3,2,2,2,3,1,2,2,2,3,3,1,2,2,3,3,4,Does not change
2230,Yes,No,NA,5,2,2,3,2,4,5,3,3,5,4,3,4,3,2,5,2,2,4,3,4,Does not change
3906,No,No,No strong feelings (neutral),2,4,5,1,3,5,4,4,3,1,1,4,3,1,4,1,4,5,4,2,4,Does not change
4697,No,No,No strong feelings (neutral),3,3,2,1,1,2,5,4,4,5,4,3,1,4,3,2,4,2,4,4,4,Negative
3900,No,No,No strong feelings (neutral),4,2,1,2,3,4,3,2,1,2,4,5,3,5,3,2,3,4,5,4,4,Does not change
257,No,No,No strong feelings (neutral),4,2,3,3,2,3,3,4,4,4,2,3,4,4,1,3,1,4,4,3,5,Does not change
2092,Yes,No,NA,5,2,4,3,4,4,3,5,2,4,4,4,3,3,3,4,2,5,3,5,3,Positive
2094,Yes,No,No strong feelings (neutral),3,5,3,4,3,4,4,4,2,3,4,4,4,1,3,5,2,5,3,4,4,Negative
2066,No,No,No strong feelings (neutral),3,5,4,3,2,4,2,3,2,2,3,2,4,1,3,3,5,1,4,5,4,Does not change
2873,No,Yes,No strong feelings (neutral),4,4,2,3,2,1,1,3,5,4,4,3,5,3,4,4,2,2,5,3,4,Does not change
4412,No,Yes,More confident in vaccines,5,2,3,3,4,1,4,4,5,2,3,3,2,3,2,3,4,4,3,1,3,Does not change
4163,Yes,Yes,More motivated to protect others,3,5,5,5,2,5,5,3,5,5,2,1,1,4,4,2,3,1,2,2,4,Positive
2853,No,No,More confident in vaccines,5,4,5,5,3,4,3,4,5,3,1,4,1,1,2,3,2,2,1,3,2,Much more positive
3405,No,No,NA,5,4,1,3,4,3,4,4,4,1,3,5,3,5,3,2,4,2,1,3,4,Does not change
1565,No,No,No strong feelings (neutral),2,2,4,2,1,4,2,4,3,1,5,4,3,4,4,5,3,5,4,3,5,Does not change
2024,Yes,Yes,More confident in vaccines,4,2,5,3,5,5,4,4,3,2,2,4,2,3,3,4,4,2,1,4,2,Does not change
1287,Yes,No,More confident in vaccines,5,3,5,4,2,4,1,4,2,3,5,1,3,4,3,3,3,2,3,1,1,Much more positive
1538,Yes,No,More confident in vaccines,3,1,5,4,3,4,4,4,2,2,3,3,2,1,2,5,3,1,3,4,3,Positive
3274,No,Yes,No strong feelings (neutral),3,3,5,5,3,5,5,1,3,2,4,1,2,1,2,1,3,4,1,1,5,Does not change
2941,No,Yes,More confident in vaccines,5,3,5,3,1,3,1,1,4,2,2,1,1,2,4,1,4,1,2,2,3,Positive
3440,No,Yes,No strong feelings (neutral),4,5,4,3,4,5,2,4,2,1,3,1,1,4,2,1,2,1,4,2,3,Does not change
1026,Yes,Yes,Overwhelmed,3,5,5,5,3,5,5,4,3,1,3,3,1,3,5,4,2,1,3,1,3,Does not change
1079,No,Yes,"More motivated to protect others, More confident in vaccines",5,2,4,3,5,1,4,3,2,4,4,1,3,4,3,5,4,5,3,4,3,Negative
3663,Yes,Yes,More confident in vaccines,5,2,5,5,5,4,4,3,4,3,1,1,1,3,4,3,1,5,3,3,4,Positive
1255,Yes,Yes,"More motivated to protect others, Overwhelmed",2,4,2,3,1,4,4,4,5,5,3,1,2,5,2,2,3,3,3,3,2,Does not change
2988,Yes,No,No strong feelings (neutral),2,3,4,1,5,4,2,3,5,5,5,5,3,4,4,3,2,4,5,5,4,Does not change
1567,Yes,No,More motivated to protect others,5,3,1,4,2,2,3,2,3,4,1,1,5,3,1,2,1,5,5,3,4,Does not change
1358,No,Yes,No strong feelings (neutral),3,1,3,5,1,3,3,5,4,4,1,2,5,1,4,4,5,1,1,4,5,Does not change
3772,Yes,No,No strong feelings (neutral),4,4,4,5,1,3,3,1,4,3,5,2,5,1,4,5,2,4,1,4,3,Does not change
697,Yes,Yes,No strong feelings (neutral),3,2,4,5,5,4,3,2,5,2,1,4,1,3,3,4,1,4,3,4,2,Does not change
1864,No,No,No strong feelings (neutral),4,2,4,3,5,5,1,2,5,3,3,4,1,3,4,5,2,3,2,1,3,Does not change
2764,Yes,Yes,NA,5,3,2,4,4,3,3,2,3,4,1,4,3,1,2,3,2,3,5,3,3,Positive
2799,No,Yes,No strong feelings (neutral),4,3,5,3,4,1,4,3,2,3,1,1,2,2,3,5,3,2,3,2,4,Positive
2203,No,No,No strong feelings (neutral),3,3,4,3,2,5,2,5,3,3,1,5,4,5,5,5,5,5,4,4,5,Does not change
3200,No,No,No strong feelings (neutral),5,2,4,3,4,1,4,2,5,3,2,2,1,5,3,4,5,2,5,4,2,Does not change
4361,Yes,Yes,No strong feelings (neutral),4,4,3,4,2,5,5,4,4,4,4,2,2,2,5,3,1,4,3,1,4,Negative
4683,Yes,Yes,More confident in vaccines,5,5,2,4,1,3,3,3,3,2,1,2,4,1,4,4,3,2,3,3,2,Does not change
1743,Yes,Yes,More confident in vaccines,3,3,4,5,2,5,2,4,4,1,1,2,5,1,2,1,1,1,1,2,1,Does not change
1350,No,Yes,No strong feelings (neutral),3,1,5,3,3,3,2,4,3,1,2,4,5,1,2,4,3,1,4,1,1,Much more positive
1230,No,Yes,More confident in vaccines,5,3,1,1,3,3,4,2,1,4,1,2,2,2,2,3,2,1,2,4,3,Positive
3740,Yes,No,NA,2,2,1,2,4,4,3,3,3,5,3,1,4,5,5,1,4,2,3,2,4,Does not change
2255,No,No,More confident in vaccines,4,4,5,5,2,3,5,3,5,1,1,1,4,2,3,2,3,1,1,2,2,Does not change
3189,No,Yes,Overwhelmed,1,5,1,3,5,1,3,2,3,3,3,4,1,1,5,1,3,4,4,2,3,Positive
4857,Yes,Yes,Overwhelmed,5,3,3,3,3,4,3,1,4,1,3,3,4,4,1,1,5,2,4,3,2,Much more positive
4758,No,No,NA,1,5,5,5,5,1,3,2,4,3,5,1,5,5,3,5,3,2,3,4,3,Does not change
827,Yes,Yes,No strong feelings (neutral),5,4,5,3,5,2,2,2,2,1,1,2,3,1,4,3,4,3,2,4,5,Positive
311,No,Yes,"More motivated to protect others, More confident in vaccines",4,2,4,4,5,2,5,3,3,4,5,4,4,4,3,3,1,1,1,4,2,Does not change
4294,Yes,No,More confident in vaccines,5,4,3,5,3,5,4,4,2,2,2,4,1,1,3,2,1,2,1,2,1,Positive
1407,Yes,No,No strong feelings (neutral),2,5,3,2,4,5,3,2,2,5,3,3,5,1,4,3,1,1,4,1,5,Does not change
3919,Yes,Yes,More confident in vaccines,4,4,5,5,4,3,3,3,2,1,3,1,1,1,1,1,2,2,3,2,4,Positive
2173,Yes,No,"Overwhelmed, More anxious about side effects",4,3,3,3,2,3,2,1,2,1,5,3,2,2,5,4,2,3,1,4,3,Negative
553,No,Yes,More confident in vaccines,3,4,3,3,3,1,4,3,1,1,2,3,2,2,1,2,2,3,1,1,3,Does not change
2177,No,Yes,More confident in vaccines,1,5,3,4,3,2,3,3,5,1,4,2,2,4,3,3,3,2,1,2,2,Positive
367,No,No,No strong feelings (neutral),1,3,2,2,4,3,4,3,1,5,1,5,1,4,5,5,5,4,2,2,4,Does not change
722,Yes,Yes,More confident in vaccines,5,3,3,2,3,5,1,4,3,2,3,2,5,4,2,1,2,2,1,3,4,Does not change
1157,No,No,No strong feelings (neutral),4,4,1,2,5,4,4,1,5,1,4,3,2,4,5,2,5,1,4,3,3,Much more positive
3346,No,Yes,NA,3,4,3,3,4,3,2,2,1,5,1,3,1,3,2,5,3,5,2,2,3,Does not change
566,Yes,Yes,No strong feelings (neutral),5,5,5,3,5,2,5,4,1,2,2,2,3,1,1,1,1,3,1,1,3,Does not change
2701,Yes,Yes,No strong feelings (neutral),5,1,5,3,3,3,2,3,3,4,2,1,5,2,1,2,1,4,5,4,3,Does not change
2878,No,Yes,More confident in vaccines,5,3,1,5,5,5,3,4,4,1,1,3,1,2,1,1,1,3,1,1,1,Does not change
3350,No,No,Overwhelmed,5,5,5,4,4,5,4,3,3,3,1,1,3,1,4,3,3,2,2,3,5,Does not change
4855,Yes,Yes,No strong feelings (neutral),5,5,4,2,3,4,5,4,1,2,5,1,4,3,3,4,1,4,1,1,5,Does not change
2235,No,No,More confident in vaccines,4,5,4,1,2,1,3,3,3,1,3,1,3,1,1,5,1,4,2,3,1,Positive
3097,Yes,Yes,No strong feelings (neutral),3,5,2,5,1,4,3,2,2,1,2,3,3,4,2,4,4,2,1,3,2,Does not change
3050,Yes,Yes,NA,4,2,3,2,5,2,3,4,1,5,5,3,5,1,5,4,3,3,1,5,5,Negative
2857,No,No,More anxious about side effects,5,4,2,3,5,4,3,2,4,4,4,4,3,1,4,3,3,2,4,3,3,Positive
1881,No,No,No strong feelings (neutral),5,5,4,1,4,4,3,2,2,4,3,3,2,3,2,4,4,4,3,1,2,Much more negative
1754,No,No,No strong feelings (neutral),2,3,1,3,3,2,4,3,2,3,1,5,3,3,4,2,3,4,5,5,1,Does not change
3258,Yes,No,More confident in vaccines,5,3,4,4,3,4,5,3,1,1,4,5,4,1,1,2,2,5,4,1,3,Positive
1995,No,Yes,More confident in vaccines,5,3,3,3,1,5,4,3,4,3,3,2,5,2,5,2,3,4,2,2,4,Does not change
4927,Yes,Yes,More confident in vaccines,5,5,3,3,2,2,4,2,5,3,2,2,4,4,4,4,2,3,2,1,1,Much more positive
2846,Yes,Yes,More confident in vaccines,4,3,2,5,1,4,5,4,1,4,5,4,5,5,4,4,2,4,4,3,1,Positive
4519,Yes,No,No strong feelings (neutral),1,3,4,5,2,5,3,3,5,2,3,1,5,1,3,2,5,2,5,1,3,Does not change
242,Yes,No,More motivated to protect others,4,4,2,1,1,2,4,4,4,1,3,3,1,3,2,1,2,4,1,4,1,Does not change
1555,No,Yes,More confident in vaccines,5,2,4,4,3,5,4,2,4,3,2,2,5,2,1,2,3,1,3,1,1,Much more positive
2171,No,No,No strong feelings (neutral),5,2,1,2,1,1,3,4,4,4,4,4,5,5,5,2,3,2,3,4,5,Does not change
1332,No,No,NA,5,5,1,1,3,2,2,3,2,2,1,3,2,5,1,1,4,2,5,3,1,Does not change
2299,No,No,No strong feelings (neutral),5,5,4,2,3,1,2,2,4,3,2,1,1,2,4,5,3,4,4,1,4,Does not change
2222,Yes,No,"More confident in vaccines, Overwhelmed",5,4,4,2,2,5,4,1,1,3,4,4,1,1,5,1,2,1,3,3,4,Does not change
808,No,Yes,No strong feelings (neutral),4,1,4,3,3,3,4,5,5,2,3,5,3,4,2,4,2,1,2,2,3,Does not change
1859,Yes,Yes,More motivated to protect others,4,4,5,5,4,3,2,5,5,4,2,1,1,5,2,1,5,1,3,3,2,Does not change
4494,No,Yes,More confident in vaccines,5,5,1,4,5,5,5,4,3,1,4,4,1,2,2,1,1,2,2,2,1,Positive
3341,Yes,No,More motivated to protect others,5,3,4,2,1,2,2,1,2,3,2,1,4,2,3,2,2,2,4,1,4,Negative
1277,Yes,Yes,More confident in vaccines,3,2,2,5,5,4,4,5,1,2,5,1,2,1,2,1,3,4,3,2,4,Does not change
2706,Yes,No,No strong feelings (neutral),3,1,4,1,2,2,5,3,1,4,5,4,4,5,5,3,5,5,4,5,4,Negative
4676,No,Yes,More motivated to protect others,5,5,3,4,3,3,1,3,3,4,2,1,1,1,2,1,1,2,1,2,1,Much more negative
1627,Yes,No,No strong feelings (neutral),2,4,4,3,5,2,4,3,4,3,5,3,2,5,4,1,3,3,3,1,2,Does not change
4121,No,Yes,No strong feelings (neutral),1,3,1,4,4,5,4,3,3,4,2,2,3,4,4,3,5,4,3,3,1,Negative
3580,No,No,No strong feelings (neutral),1,3,1,2,4,1,3,3,5,3,1,4,4,3,2,4,5,3,5,2,1,Does not change
2072,Yes,Yes,"More motivated to protect others, More confident in vaccines",3,3,2,3,5,4,3,4,4,4,3,1,3,4,2,3,1,4,1,3,4,Positive
3541,Yes,No,More anxious about side effects,3,2,4,3,4,4,4,5,1,1,5,3,2,5,1,1,1,5,4,2,3,Does not change
4209,Yes,Yes,More confident in vaccines,2,4,3,1,2,5,2,2,1,3,2,3,2,2,2,1,4,2,4,1,3,Positive
4860,Yes,Yes,More confident in vaccines,5,2,4,5,5,3,1,3,5,1,4,4,3,3,1,2,3,1,1,4,4,Does not change
103,No,No,No strong feelings (neutral),4,3,5,3,3,3,3,3,1,5,4,3,3,3,4,5,4,4,2,5,4,Does not change
4021,Yes,Yes,Overwhelmed,5,1,4,2,5,2,2,2,4,2,2,5,3,3,5,5,1,2,4,4,5,Much more negative
2894,Yes,Yes,"More confident in vaccines, Overwhelmed",3,5,2,5,3,4,2,2,2,2,4,3,5,4,4,5,5,4,5,3,5,Does not change
2888,Yes,No,No strong feelings (neutral),2,4,5,5,5,3,2,2,4,3,3,1,1,3,4,2,4,4,2,2,1,Positive
4678,No,Yes,More confident in vaccines,2,4,5,3,5,5,3,4,2,4,1,3,3,4,1,3,3,3,3,1,5,Does not change
4326,Yes,Yes,More confident in vaccines,5,5,4,3,2,5,1,1,5,1,1,1,3,3,1,3,1,4,1,1,3,Positive
1523,Yes,Yes,NA,4,2,3,2,4,2,2,3,2,3,4,5,2,1,3,1,5,5,2,3,3,Does not change
1090,Yes,Yes,More confident in vaccines,3,3,5,5,5,5,3,3,3,4,3,3,4,3,3,1,1,2,1,4,4,Does not change
2537,No,No,No strong feelings (neutral),3,3,2,1,2,5,3,3,1,2,4,5,2,5,3,1,4,1,4,5,5,Does not change
2917,Yes,No,No strong feelings (neutral),3,3,5,3,4,1,3,5,3,2,1,4,3,3,3,3,1,2,3,1,4,Does not change
611,No,Yes,No strong feelings (neutral),4,3,5,3,2,4,5,2,2,2,2,2,2,5,3,5,2,4,2,3,4,Does not change
552,No,Yes,No strong feelings (neutral),3,3,1,1,1,4,2,3,3,2,4,5,1,3,3,2,5,3,4,3,4,Positive
3847,Yes,Yes,No strong feelings (neutral),4,2,5,5,4,5,2,1,2,3,1,4,3,1,3,4,4,3,1,3,1,Does not change
4193,No,Yes,More confident in vaccines,4,1,2,3,1,2,3,5,3,2,1,1,1,3,1,2,2,3,4,3,3,Does not change
2169,Yes,Yes,No strong feelings (neutral),3,5,4,3,3,5,4,4,2,1,4,4,2,1,1,4,2,2,4,3,3,Much more negative
3506,Yes,Yes,No strong feelings (neutral),2,2,4,2,4,1,3,5,4,2,4,5,5,4,5,5,4,5,3,3,3,Does not change
4788,No,Yes,More confident in vaccines,5,3,5,3,5,5,2,2,2,2,2,1,4,2,2,4,1,5,1,2,2,Positive
536,No,Yes,No strong feelings (neutral),1,1,2,3,1,5,2,5,1,4,2,4,4,5,4,2,5,2,4,2,5,Does not change
1161,Yes,Yes,No strong feelings (neutral),4,4,1,5,4,1,3,3,5,3,2,3,1,2,3,2,4,5,4,4,4,Does not change
3949,No,Yes,No strong feelings (neutral),4,5,5,4,1,2,1,3,3,1,2,1,5,3,5,4,3,3,2,4,3,Positive
2422,Yes,No,No strong feelings (neutral),2,4,3,1,2,1,2,1,3,4,2,3,2,4,5,4,2,3,3,3,3,Much more negative
4553,No,Yes,No strong feelings (neutral),2,3,5,2,4,4,3,4,3,5,5,1,3,4,5,4,4,1,1,2,1,Does not change
1542,Yes,No,NA,2,4,3,4,2,4,4,5,3,5,5,5,1,4,2,4,4,3,5,2,2,Does not change
372,Yes,No,More motivated to protect others,2,3,4,4,1,4,4,4,2,4,2,4,2,1,4,2,1,5,3,3,3,Much more positive
1321,Yes,Yes,More motivated to protect others,4,5,5,3,5,3,4,4,2,1,3,2,1,3,4,3,1,4,4,3,5,Does not change
2811,Yes,Yes,Overwhelmed,4,2,2,4,4,5,2,2,5,2,4,3,2,3,4,5,4,5,5,3,4,Positive
1296,Yes,No,No strong feelings (neutral),2,2,3,3,3,5,4,2,1,4,3,3,3,1,4,3,3,5,3,1,4,Does not change
3342,No,No,No strong feelings (neutral),2,4,1,2,3,1,4,1,2,3,4,3,4,3,3,2,2,2,3,3,2,Does not change
2063,Yes,Yes,No strong feelings (neutral),5,4,5,5,5,1,2,3,5,3,2,2,2,3,3,1,3,5,3,1,3,Does not change
78,No,Yes,NA,5,3,4,5,4,5,4,1,2,1,1,1,4,2,4,4,2,2,4,1,5,Does not change
2611,Yes,Yes,Overwhelmed,1,3,4,2,5,2,3,3,2,4,5,4,4,3,4,2,4,5,3,3,4,Does not change
2485,Yes,Yes,No strong feelings (neutral),5,4,4,5,5,5,1,2,3,2,1,5,1,1,3,3,1,3,1,1,1,Much more negative
4998,No,No,No strong feelings (neutral),2,2,1,1,1,1,5,1,5,5,4,4,4,2,5,3,3,5,2,1,4,Positive
1253,No,Yes,Overwhelmed,5,1,2,3,3,2,1,3,5,5,3,4,4,3,4,2,2,2,5,2,1,Does not change
3311,Yes,No,More confident in vaccines,4,5,5,5,1,2,4,2,1,1,2,5,2,2,3,2,3,2,5,4,5,Positive
1909,No,Yes,No strong feelings (neutral),5,3,2,4,4,3,1,3,3,5,1,3,3,1,4,2,1,3,2,1,1,Does not change
1570,Yes,Yes,More confident in vaccines,4,4,3,4,2,4,2,4,5,3,1,4,3,1,3,3,1,5,2,3,5,Does not change
4615,Yes,Yes,More anxious about side effects,4,5,4,2,4,5,4,4,1,1,1,1,2,4,3,3,1,5,2,2,3,Positive
344,No,No,No strong feelings (neutral),5,1,3,5,5,5,3,3,5,2,5,2,2,4,2,3,2,2,3,1,4,Does not change
4619,No,Yes,"More motivated to protect others, More confident in vaccines",2,5,5,2,2,4,1,3,2,4,4,1,5,2,4,2,4,3,4,4,1,Does not change
394,Yes,Yes,No strong feelings (neutral),5,3,3,5,4,5,4,5,4,4,1,2,2,3,2,4,1,2,1,3,2,Does not change
2349,No,Yes,"More confident in vaccines, More anxious about side effects",3,5,2,2,2,4,4,5,2,4,1,4,2,4,3,5,5,4,3,2,4,Much more positive
4514,No,No,No strong feelings (neutral),5,5,1,2,4,5,4,2,5,2,1,4,1,2,4,3,3,4,5,3,3,Does not change
857,Yes,Yes,More confident in vaccines,5,4,4,4,4,5,5,4,3,3,2,1,2,2,1,3,1,3,2,1,1,Much more positive
1723,No,No,No strong feelings (neutral),3,3,2,1,5,5,3,3,4,3,4,2,4,2,1,1,4,5,3,5,4,Does not change
4297,Yes,No,No strong feelings (neutral),2,4,3,5,4,5,2,3,4,1,2,4,2,2,1,2,4,1,3,5,3,Negative
1827,No,No,No strong feelings (neutral),4,1,4,1,4,3,3,2,2,4,3,4,3,3,4,2,2,3,3,5,2,Does not change
895,Yes,Yes,More confident in vaccines,4,5,5,5,4,1,4,2,5,1,5,2,1,1,3,1,2,1,1,2,1,Does not change
580,Yes,No,No strong feelings (neutral),4,3,2,1,2,4,4,3,1,3,2,2,2,2,2,2,2,2,2,5,2,Does not change
4799,No,No,No strong feelings (neutral),5,2,4,4,2,5,1,4,1,4,3,3,2,3,3,3,1,1,1,2,4,Does not change
3183,No,No,More confident in vaccines,5,3,3,5,5,5,4,2,3,2,1,1,2,2,3,1,2,3,1,2,3,Positive
604,Yes,No,NA,1,4,5,3,3,3,5,1,4,4,3,1,3,2,3,3,4,3,4,2,2,Does not change
1414,Yes,Yes,More anxious about side effects,3,5,1,3,1,1,5,3,2,3,4,3,2,3,2,1,4,3,4,3,4,Does not change
2193,Yes,No,More anxious about side effects,5,5,5,4,5,3,3,4,2,3,4,1,4,4,3,5,1,3,1,5,4,Much more positive
1298,No,Yes,More confident in vaccines,5,3,4,2,5,3,1,5,2,3,1,1,5,1,3,4,3,2,4,4,1,Positive
4770,No,Yes,No strong feelings (neutral),1,5,5,4,5,4,4,3,4,3,1,5,2,4,2,2,2,3,2,1,4,Does not change
3824,Yes,No,Overwhelmed,4,5,2,2,1,5,3,4,3,3,5,5,1,1,4,3,3,1,4,4,5,Does not change
3588,No,No,No strong feelings (neutral),5,3,3,5,3,3,3,3,2,2,5,3,3,2,2,4,2,3,4,5,2,Does not change
3582,Yes,Yes,More confident in vaccines,5,4,5,5,5,5,2,2,2,1,1,2,2,1,2,3,1,1,2,1,2,Much more positive
2140,Yes,Yes,More confident in vaccines,4,5,3,3,4,4,1,2,4,2,2,1,1,3,1,5,5,2,2,1,1,Negative
683,No,Yes,More anxious about side effects,2,2,4,3,2,2,1,2,3,3,4,4,2,1,3,3,3,4,2,2,2,Does not change
2568,No,No,No strong feelings (neutral),5,3,5,3,3,4,4,4,3,2,1,1,1,5,4,4,3,2,4,2,5,Does not change
3887,Yes,No,No strong feelings (neutral),5,1,3,1,1,1,4,3,4,2,5,3,3,5,2,5,4,5,4,3,5,Does not change
3777,Yes,No,No strong feelings (neutral),4,3,5,3,3,2,2,3,2,1,4,4,3,4,3,3,2,3,4,2,3,Does not change
4330,Yes,Yes,No strong feelings (neutral),5,5,2,4,5,2,3,2,3,4,2,4,2,4,3,3,1,3,1,3,2,Does not change
1895,No,Yes,No strong feelings (neutral),5,5,4,4,3,4,1,2,2,5,4,3,5,2,4,3,4,2,4,3,3,Does not change
1576,No,No,NA,2,3,3,3,5,1,1,4,3,2,4,2,2,3,2,5,2,1,3,2,5,Does not change
354,Yes,Yes,Overwhelmed,2,5,4,4,5,2,2,3,2,2,3,4,4,1,1,4,1,1,4,3,3,Much more positive
1047,Yes,No,NA,4,4,4,3,3,4,2,5,1,3,2,3,2,1,3,5,1,3,1,2,1,Positive
4958,Yes,No,No strong feelings (neutral),3,5,5,3,2,4,4,4,4,1,1,2,2,5,2,1,3,4,2,1,4,Positive
3458,No,No,No strong feelings (neutral),4,2,2,5,4,2,4,3,5,5,3,5,5,4,5,3,2,3,5,5,5,Does not change
823,No,No,No strong feelings (neutral),2,4,5,3,4,4,3,1,5,3,4,3,4,1,4,3,2,3,4,3,4,Does not change
2392,No,Yes,Overwhelmed,1,3,3,4,2,3,3,3,5,1,3,3,5,1,5,2,1,3,1,3,1,Does not change
398,Yes,No,No strong feelings (neutral),2,4,2,5,4,3,1,2,4,5,1,4,3,2,5,4,3,4,5,4,2,Does not change
2040,Yes,Yes,No strong feelings (neutral),1,1,2,5,1,5,3,3,2,2,3,3,3,1,5,4,4,5,4,5,3,Positive
4465,Yes,Yes,No strong feelings (neutral),4,5,5,2,3,2,4,2,5,2,4,5,4,5,4,5,3,3,4,4,5,Negative
1964,No,Yes,More confident in vaccines,4,5,2,4,2,1,4,2,4,1,2,1,1,1,1,2,1,2,3,2,1,Much more negative
4488,No,Yes,No strong feelings (neutral),5,4,3,5,4,2,4,5,3,1,2,3,2,4,1,2,1,1,2,2,2,Does not change
4675,No,No,No strong feelings (neutral),4,4,5,2,4,5,1,5,3,3,5,3,2,2,3,3,2,4,2,3,5,Does not change
2708,Yes,Yes,No strong feelings (neutral),2,5,2,1,3,3,5,3,1,1,1,5,3,3,4,2,3,2,2,2,5,Negative
3890,Yes,Yes,More motivated to protect others,4,5,5,4,4,2,4,2,1,1,1,2,3,2,4,1,5,4,2,3,1,Much more negative
4331,Yes,Yes,Overwhelmed,5,5,3,4,2,4,1,2,5,2,4,3,5,1,5,3,2,1,3,2,2,Does not change
4905,No,No,No strong feelings (neutral),2,4,2,2,4,1,2,3,2,2,3,2,1,3,5,4,2,4,3,5,5,Does not change
1978,No,No,No strong feelings (neutral),4,2,3,2,3,5,4,4,4,4,2,4,4,2,5,5,1,4,2,4,4,Does not change
65,Yes,No,No strong feelings (neutral),2,3,2,4,1,2,2,1,1,3,5,3,3,5,5,5,5,4,1,4,1,Positive
1153,Yes,Yes,More confident in vaccines,5,4,2,3,3,2,3,3,2,1,4,4,4,2,3,1,5,3,2,3,2,Does not change
4705,No,No,More confident in vaccines,3,2,5,5,3,3,3,2,5,2,1,4,2,2,2,4,1,2,1,2,4,Does not change
4302,No,No,No strong feelings (neutral),5,1,1,4,5,5,2,4,1,1,4,3,3,4,1,3,4,4,1,2,3,Positive
486,No,Yes,NA,5,5,1,2,3,5,5,3,4,4,3,2,3,1,3,4,3,1,5,1,3,Negative
4526,Yes,Yes,More motivated to protect others,5,3,3,3,1,2,1,3,1,1,3,1,5,4,3,3,4,4,4,1,1,Does not change
87,Yes,No,No strong feelings (neutral),1,2,2,1,1,4,5,3,2,4,1,1,5,5,4,2,4,5,5,4,4,Does not change
4042,No,Yes,No strong feelings (neutral),2,4,4,1,5,1,4,4,3,2,1,4,4,2,2,5,5,3,4,2,2,Does not change
614,No,No,NA,2,3,3,4,4,4,2,4,4,3,3,1,4,3,3,5,1,3,2,1,4,Negative
4094,No,Yes,No strong feelings (neutral),5,4,3,3,3,4,2,4,3,2,3,5,5,3,2,2,1,2,3,1,1,Does not change
1052,No,Yes,No strong feelings (neutral),1,3,4,3,5,5,3,4,4,2,4,5,2,1,2,3,3,3,3,3,4,Does not change
3012,Yes,No,More confident in vaccines,2,5,4,4,4,5,4,3,3,3,3,3,3,1,3,1,1,3,1,1,1,Positive
1246,Yes,No,More confident in vaccines,5,5,5,5,4,4,1,3,5,1,3,1,3,1,1,2,3,2,1,2,3,Does not change
4713,No,Yes,No strong feelings (neutral),5,5,2,3,1,1,2,3,1,2,1,3,4,1,2,1,3,2,4,4,2,Does not change
1406,No,No,NA,1,1,3,3,3,2,1,4,3,1,2,3,2,2,1,3,3,2,5,1,3,Negative
4475,No,No,More confident in vaccines,5,3,4,5,1,3,4,4,2,1,3,2,3,3,2,5,2,2,3,2,3,Does not change
2487,Yes,Yes,More motivated to protect others,5,5,4,4,4,4,1,2,3,5,2,1,3,1,2,4,1,4,1,4,2,Does not change
2781,Yes,Yes,More confident in vaccines,2,5,4,5,2,5,4,4,3,3,3,3,1,1,3,1,1,1,1,4,4,Does not change
4856,Yes,Yes,No strong feelings (neutral),3,1,3,5,5,5,1,2,3,4,1,4,4,4,3,1,1,5,3,3,2,Much more negative
419,No,Yes,Overwhelmed,3,5,2,4,5,4,4,4,3,1,4,3,2,2,4,2,4,2,1,2,2,Does not change
4938,Yes,No,No strong feelings (neutral),2,5,3,5,4,3,3,2,4,2,2,3,4,3,5,5,3,3,2,1,2,Does not change
3612,Yes,Yes,No strong feelings (neutral),4,1,5,3,4,3,3,3,4,3,5,5,5,1,4,3,3,2,5,1,4,Does not change
1208,No,No,More confident in vaccines,5,3,4,5,5,5,3,4,3,1,1,3,1,4,1,2,1,1,3,4,1,Does not change
2135,No,Yes,No strong feelings (neutral),2,2,4,5,2,4,4,2,4,1,2,1,3,4,5,3,2,2,1,3,4,Positive
630,Yes,Yes,Overwhelmed,4,5,2,5,5,5,3,3,2,2,3,1,3,4,5,3,1,1,3,4,3,Does not change
4096,No,No,No strong feelings (neutral),4,5,5,5,4,4,4,4,1,5,5,2,3,3,4,2,4,3,3,4,2,Does not change
3952,Yes,No,No strong feelings (neutral),5,3,1,3,2,1,3,1,1,2,2,2,5,5,2,4,4,5,3,5,3,Does not change
3937,Yes,No,More anxious about side effects,3,4,1,2,2,4,3,3,3,3,1,4,5,5,4,4,4,4,1,5,1,Does not change
472,Yes,Yes,More confident in vaccines,5,4,3,5,2,5,3,1,5,1,2,2,5,2,3,3,2,3,2,1,1,Does not change
4411,Yes,Yes,Overwhelmed,5,5,3,5,4,5,1,3,4,3,5,1,3,1,5,3,2,4,2,2,3,Does not change
166,Yes,Yes,More motivated to protect others,5,5,2,3,5,4,3,1,5,5,3,5,2,4,4,5,1,1,3,1,4,Does not change
4447,No,Yes,Overwhelmed,4,4,3,4,4,2,3,2,3,1,5,3,2,4,4,3,1,2,1,4,2,Does not change
1651,No,No,No strong feelings (neutral),3,4,4,4,1,3,3,4,5,3,4,4,4,3,2,2,2,2,1,5,3,Negative
4827,No,No,More anxious about side effects,4,3,3,3,4,2,1,3,1,1,1,4,3,4,3,1,1,4,1,4,2,Does not change
3510,No,No,NA,4,1,5,3,4,5,4,1,4,5,4,4,1,4,3,1,1,2,4,4,5,Does not change
2202,No,Yes,More motivated to protect others,3,1,5,4,3,2,4,4,4,1,2,1,3,1,2,3,5,1,3,1,5,Positive
2765,No,No,No strong feelings (neutral),3,1,1,2,2,4,2,2,4,3,4,4,5,4,5,2,3,4,5,4,5,Does not change
3120,No,No,No strong feelings (neutral),1,3,1,3,5,3,1,3,3,5,5,5,4,2,2,5,2,5,2,5,4,Does not change
2535,Yes,No,Overwhelmed,5,4,4,5,4,2,4,5,4,1,1,1,2,3,5,3,2,1,3,2,4,Much more positive
1749,Yes,Yes,No strong feelings (neutral),5,4,4,5,3,2,3,5,5,5,3,3,2,2,2,1,1,1,2,1,1,Positive
756,Yes,Yes,No strong feelings (neutral),2,3,4,2,4,2,1,1,3,5,3,4,1,1,3,5,4,4,4,5,2,Does not change
3723,Yes,No,No strong feelings (neutral),5,5,4,5,2,3,3,3,4,2,2,2,1,2,1,2,1,1,2,1,3,Positive
3576,No,Yes,More confident in vaccines,2,2,5,1,1,2,1,4,2,2,4,1,4,1,1,4,5,4,2,1,1,Does not change
1990,Yes,Yes,More anxious about side effects,5,5,4,4,3,2,2,3,4,4,1,1,1,3,5,2,1,2,5,1,3,Does not change
2301,No,No,More motivated to protect others,3,4,4,5,5,4,5,1,3,2,1,3,3,3,2,1,2,5,1,1,1,Does not change
972,Yes,No,No strong feelings (neutral),3,3,2,2,5,4,5,3,5,3,2,3,5,2,2,2,3,1,4,1,4,Does not change
3843,No,Yes,"Overwhelmed, More anxious about side effects",4,4,1,4,4,5,4,5,5,4,3,2,4,3,4,3,4,5,1,4,5,Does not change
2564,Yes,Yes,More motivated to protect others,5,4,3,5,2,3,3,3,3,3,1,3,1,2,1,4,1,3,2,2,2,Much more positive
1860,No,No,No strong feelings (neutral),5,3,3,5,4,2,4,2,3,1,1,4,3,3,3,4,1,3,4,5,3,Positive
4821,No,No,No strong feelings (neutral),3,5,2,3,4,1,5,3,2,1,2,4,1,4,2,2,4,3,3,5,5,Does not change
4539,Yes,No,"Overwhelmed, More anxious about side effects",4,2,5,4,2,4,5,3,5,4,1,5,2,3,5,1,5,2,3,2,5,Positive
348,Yes,Yes,Overwhelmed,4,4,3,1,5,3,1,5,2,4,4,1,4,2,4,3,4,4,1,1,4,Does not change
2065,Yes,Yes,More confident in vaccines,3,5,5,2,4,4,4,3,5,2,3,4,3,4,4,2,2,4,3,2,2,Negative
4012,No,Yes,More confident in vaccines,1,3,3,3,3,4,1,5,3,2,1,4,4,4,5,3,1,3,3,3,3,Does not change
3563,No,Yes,No strong feelings (neutral),4,5,5,5,5,4,3,5,3,1,2,1,4,2,3,3,3,2,5,3,2,Does not change
4199,Yes,Yes,More confident in vaccines,5,5,5,4,1,5,4,3,1,2,3,3,5,1,3,1,4,2,1,1,1,Does not change
3659,Yes,Yes,No strong feelings (neutral),4,2,5,1,3,5,4,3,4,1,4,4,4,1,2,3,4,1,1,2,1,Much more positive
661,No,No,No strong feelings (neutral),1,3,1,2,1,5,1,1,5,5,3,4,4,1,5,3,3,4,3,2,2,Does not change
4829,Yes,Yes,More anxious about side effects,2,4,2,4,4,5,4,3,2,1,4,1,3,4,1,1,2,4,2,4,1,Does not change
3239,No,Yes,More confident in vaccines,2,2,3,2,3,1,3,5,4,4,3,5,3,4,5,1,3,2,4,5,5,Does not change
528,Yes,Yes,No strong feelings (neutral),5,3,3,5,4,4,3,2,2,1,3,1,1,2,2,2,2,3,3,1,5,Positive
2064,No,No,No strong feelings (neutral),4,2,1,3,5,1,4,3,3,2,4,3,2,4,2,4,3,3,2,2,3,Negative
3808,No,Yes,More confident in vaccines,4,4,5,4,4,5,5,5,1,1,4,1,1,3,1,1,1,2,3,2,1,Much more negative
2257,Yes,Yes,No strong feelings (neutral),5,4,5,1,1,1,2,1,4,2,1,1,3,1,2,1,2,2,1,2,1,Does not change
4716,Yes,Yes,More confident in vaccines,5,3,4,4,3,5,3,2,5,2,1,3,2,4,2,1,1,2,1,2,2,Does not change
4569,No,Yes,No strong feelings (neutral),5,3,3,2,4,4,4,4,5,5,5,3,3,3,4,2,3,1,4,2,1,Positive
2911,Yes,Yes,Overwhelmed,4,3,4,4,5,5,1,3,4,1,3,4,4,4,5,3,5,3,2,2,4,Does not change
659,No,Yes,No strong feelings (neutral),5,5,5,1,3,4,1,2,5,1,4,2,3,4,2,1,1,3,1,2,1,Much more positive
2788,No,Yes,Overwhelmed,4,5,1,3,3,1,1,2,1,3,3,3,2,2,5,2,3,2,3,3,3,Does not change
2221,Yes,Yes,No strong feelings (neutral),5,3,3,2,2,1,2,5,4,3,4,2,3,5,4,5,2,1,3,1,1,Much more positive
1716,No,No,No strong feelings (neutral),1,2,3,1,1,3,3,4,2,2,4,4,4,5,4,3,5,4,2,5,3,Does not change
4341,Yes,Yes,More motivated to protect others,5,2,2,5,5,2,3,3,2,4,1,3,2,1,3,5,2,2,3,2,2,Negative
4298,No,No,NA,2,2,3,1,2,1,2,5,2,4,4,4,3,4,5,4,2,2,5,1,5,Does not change
4702,No,No,More motivated to protect others,5,2,1,5,5,4,4,1,4,3,2,2,1,1,4,4,2,1,1,1,1,Does not change
662,Yes,Yes,No strong feelings (neutral),2,4,1,2,5,4,3,4,3,3,1,4,3,3,4,1,3,1,5,5,3,Positive
2342,No,No,No strong feelings (neutral),1,1,5,1,1,2,4,3,5,2,1,1,4,5,4,5,5,2,1,1,4,Does not change
2053,Yes,No,No strong feelings (neutral),5,3,4,4,3,3,4,3,1,3,3,4,5,2,1,1,3,1,3,3,5,Does not change
31,Yes,Yes,More confident in vaccines,4,3,4,4,2,4,1,4,2,2,2,3,1,1,5,3,2,2,1,3,2,Does not change
4573,Yes,No,No strong feelings (neutral),5,3,2,3,4,3,4,3,3,2,2,2,1,1,3,2,4,1,3,5,3,Does not change
3153,Yes,No,More confident in vaccines,5,4,5,5,5,5,5,3,3,1,1,3,3,2,1,2,3,1,3,2,3,Does not change
3568,Yes,No,No strong feelings (neutral),5,1,1,2,5,4,1,3,5,4,3,1,5,3,2,4,4,1,1,3,5,Does not change
2771,No,Yes,No strong feelings (neutral),3,3,1,3,4,4,4,4,5,1,3,2,3,1,4,4,4,2,4,4,2,Does not change
3017,Yes,No,NA,5,3,4,4,3,5,5,5,5,4,4,1,1,2,2,3,4,1,1,4,1,Positive
1252,No,Yes,Overwhelmed,5,3,4,2,3,4,4,3,2,2,2,4,1,2,3,1,4,2,3,1,3,Does not change
2438,Yes,No,More confident in vaccines,3,5,5,3,5,5,3,3,1,1,3,3,4,2,1,1,1,2,2,1,2,Much more negative
1015,Yes,Yes,No strong feelings (neutral),1,2,5,2,2,1,2,3,3,2,5,5,3,3,2,3,5,4,4,4,3,Positive
1561,Yes,Yes,More anxious about side effects,3,5,2,2,1,3,3,2,4,1,3,2,5,1,3,3,3,3,1,1,3,Does not change
1158,Yes,Yes,No strong feelings (neutral),5,4,4,3,3,3,2,1,4,4,4,4,5,1,2,4,2,4,5,3,3,Does not change
2409,Yes,No,No strong feelings (neutral),3,5,3,5,3,4,2,4,2,1,1,1,2,1,1,1,1,2,1,2,2,Positive
1083,Yes,Yes,More motivated to protect others,5,4,3,5,4,3,1,2,3,4,3,5,2,3,3,5,1,3,2,2,3,Does not change
2833,Yes,Yes,More motivated to protect others,4,5,1,1,4,4,5,3,3,5,3,4,3,1,3,5,3,1,2,4,2,Positive
1884,Yes,Yes,NA,5,4,5,4,5,5,4,4,1,2,3,2,2,3,5,2,2,1,3,1,2,Does not change
1868,Yes,Yes,More confident in vaccines,3,4,5,5,3,3,1,3,4,3,5,5,1,2,3,3,3,2,1,5,3,Does not change
117,Yes,Yes,No strong feelings (neutral),3,5,3,4,4,2,1,2,4,3,3,3,4,1,4,3,3,2,2,3,2,Does not change
2584,No,Yes,More confident in vaccines,5,5,4,4,3,4,1,5,5,1,4,3,3,3,2,5,3,1,1,1,4,Positive
1053,No,Yes,"More motivated to protect others, Overwhelmed",4,2,5,1,2,3,3,1,2,4,1,1,3,4,4,4,2,3,5,4,2,Does not change
53,No,Yes,No strong feelings (neutral),5,5,3,4,5,3,4,1,2,3,4,4,5,3,1,5,2,1,1,3,2,Does not change
4563,Yes,Yes,Overwhelmed,2,1,4,2,2,2,2,2,1,4,1,1,4,1,5,1,4,3,3,5,5,Does not change
3261,No,No,NA,4,2,4,4,4,3,3,5,3,2,5,3,3,5,3,5,1,1,5,5,3,Much more negative
4208,Yes,No,Overwhelmed,2,2,2,4,5,3,2,5,4,1,4,5,2,4,4,3,5,5,5,4,5,Does not change
955,Yes,Yes,More confident in vaccines,5,5,5,3,5,2,2,4,1,1,1,1,4,3,1,3,2,2,1,1,4,Does not change
3366,Yes,Yes,More confident in vaccines,4,2,3,3,1,3,3,5,4,3,3,5,2,5,3,5,3,3,5,1,2,Does not change
926,No,No,Overwhelmed,5,2,3,3,4,5,2,3,2,3,2,3,3,3,3,1,4,4,1,5,3,Negative
233,No,No,No strong feelings (neutral),4,2,5,3,4,5,2,4,3,2,2,3,3,1,2,4,3,2,2,4,1,Does not change
2012,No,Yes,"Overwhelmed, More anxious about side effects",5,4,5,4,2,5,2,3,1,1,3,3,4,3,5,4,1,3,2,5,1,Does not change
1427,Yes,No,No strong feelings (neutral),2,1,1,2,3,3,1,1,4,4,4,5,5,1,3,4,4,1,5,3,4,Negative
1173,Yes,Yes,More motivated to protect others,5,3,2,5,3,2,1,3,1,3,5,3,4,2,2,5,4,1,2,5,1,Positive
3571,No,No,No strong feelings (neutral),4,3,4,1,2,3,5,2,2,2,2,3,3,4,2,4,3,2,3,2,4,Does not change
1389,Yes,No,More confident in vaccines,5,2,4,2,3,4,3,5,4,1,1,1,2,2,3,1,1,2,2,2,2,Positive
2419,No,No,No strong feelings (neutral),3,5,4,4,1,3,1,4,1,3,3,4,5,2,2,4,1,4,3,4,4,Negative
17,No,No,More confident in vaccines,4,5,3,5,3,4,3,4,3,2,2,2,1,4,1,5,3,4,1,4,3,Does not change
2059,Yes,Yes,No strong feelings (neutral),3,5,2,1,3,4,2,3,2,2,3,5,1,1,4,4,2,3,3,3,4,Does not change
1763,No,No,"More confident in vaccines, Overwhelmed",2,1,5,5,1,3,2,5,5,4,2,1,3,3,5,5,5,1,2,5,1,Does not change
3309,No,No,NA,4,4,4,2,5,4,3,1,2,2,2,2,1,5,4,4,4,4,3,2,1,Does not change
1836,Yes,No,No strong feelings (neutral),3,3,4,4,3,5,1,3,3,3,2,2,1,3,1,3,3,5,1,4,2,Does not change
140,Yes,Yes,More confident in vaccines,3,4,5,1,4,3,4,5,2,4,1,1,2,2,4,2,2,1,1,2,4,Does not change
4006,Yes,No,More confident in vaccines,5,4,4,4,4,5,1,3,2,1,3,5,1,1,5,2,3,1,1,4,1,Does not change
164,Yes,Yes,More confident in vaccines,3,5,5,5,5,3,4,3,2,2,2,3,2,1,3,1,2,1,2,3,3,Does not change
601,Yes,Yes,No strong feelings (neutral),4,5,2,1,3,4,2,3,5,2,5,5,1,4,4,1,1,2,5,1,3,Positive
2082,Yes,Yes,No strong feelings (neutral),4,5,4,4,4,3,3,1,3,3,3,4,2,2,2,3,3,2,2,1,3,Negative
4951,No,Yes,No strong feelings (neutral),5,5,1,2,5,3,3,2,4,1,2,1,1,1,2,1,1,1,2,1,3,Does not change
4532,No,No,Overwhelmed,4,4,3,2,2,5,1,3,4,4,3,1,3,3,5,1,5,4,1,3,4,Positive
3245,No,Yes,No strong feelings (neutral),5,5,5,4,3,5,3,2,2,1,5,2,3,1,4,2,2,5,4,1,1,Positive
1399,No,No,No strong feelings (neutral),4,2,3,3,5,4,1,3,2,2,2,2,4,3,2,4,3,4,4,4,4,Negative
834,Yes,Yes,More confident in vaccines,3,5,5,2,5,5,2,3,3,1,3,2,3,2,4,1,3,1,5,3,1,Positive
1759,Yes,Yes,No strong feelings (neutral),5,3,2,5,3,3,1,4,3,1,3,3,1,3,3,4,2,3,3,2,2,Much more positive
2589,Yes,Yes,More confident in vaccines,3,5,2,5,4,5,3,3,4,3,2,2,1,2,1,2,1,4,1,2,1,Does not change
4365,No,Yes,More confident in vaccines,5,1,3,2,5,4,1,3,3,3,2,2,1,5,2,1,1,2,2,1,2,Does not change
4119,No,Yes,More confident in vaccines,5,5,4,5,2,5,4,3,3,1,3,2,4,3,3,4,2,2,2,1,3,Does not change
1901,No,Yes,NA,4,3,5,3,3,1,4,2,3,5,3,3,5,5,5,1,1,3,5,5,5,Does not change
3033,Yes,No,Overwhelmed,5,5,5,4,5,5,2,2,4,4,3,2,3,2,4,2,5,1,3,5,1,Does not change
4228,Yes,Yes,More motivated to protect others,2,5,3,2,5,4,4,4,1,3,1,3,5,4,2,2,1,2,1,1,2,Positive
3864,No,Yes,More anxious about side effects,5,4,3,2,2,2,1,5,3,1,1,3,4,3,3,3,3,4,2,4,1,Does not change
4511,No,No,NA,3,4,2,2,3,3,5,2,2,3,1,4,3,5,4,2,1,2,3,4,1,Much more negative
3084,No,Yes,Overwhelmed,4,2,3,2,4,1,2,1,5,2,5,5,3,5,5,1,5,3,4,3,4,Does not change
457,Yes,Yes,More motivated to protect others,5,3,5,5,4,3,3,2,5,2,2,1,1,2,1,1,1,1,1,2,5,Negative
4196,Yes,Yes,More confident in vaccines,5,4,2,4,4,3,3,2,4,3,3,2,5,1,2,2,1,2,1,1,1,Positive
650,Yes,Yes,No strong feelings (neutral),3,2,3,4,4,1,5,3,4,3,5,3,2,3,4,3,4,5,5,4,3,Much more negative
3390,No,No,NA,4,5,4,3,4,4,3,5,1,2,5,4,3,4,3,1,4,3,2,5,5,Does not change
2109,No,No,No strong feelings (neutral),1,1,1,1,1,4,2,3,2,5,2,3,1,5,2,2,3,4,5,5,5,Negative
4968,Yes,Yes,More motivated to protect others,3,5,3,5,4,5,4,1,3,1,3,1,1,2,1,1,4,1,2,2,3,Positive
4883,No,Yes,NA,4,2,5,5,3,3,3,1,4,4,3,1,1,1,4,2,4,3,1,3,2,Positive
2942,Yes,Yes,No strong feelings (neutral),3,2,2,2,3,5,4,3,3,5,3,2,5,2,4,5,3,1,4,5,5,Positive
4145,Yes,No,No strong feelings (neutral),5,3,5,3,1,5,4,3,5,3,4,3,3,4,2,1,3,3,2,3,2,Does not change
3819,No,Yes,More confident in vaccines,2,1,2,1,5,2,4,5,1,4,3,1,3,4,3,4,3,4,4,4,3,Does not change
2983,No,Yes,More confident in vaccines,2,3,2,4,3,2,2,3,3,3,3,1,3,3,1,4,3,1,5,3,4,Positive
615,Yes,Yes,More motivated to protect others,5,3,5,1,5,5,3,3,3,4,1,1,1,3,2,1,3,1,1,1,2,Does not change
3540,No,No,No strong feelings (neutral),1,3,2,2,5,3,2,1,3,2,4,1,5,5,5,4,5,4,5,4,1,Negative
1365,No,Yes,No strong feelings (neutral),4,5,5,3,3,5,1,5,3,3,2,2,3,3,3,2,1,2,1,1,3,Positive
4091,Yes,No,No strong feelings (neutral),3,5,2,1,3,3,1,3,5,2,4,5,4,3,1,2,4,4,4,4,5,Much more negative
159,No,Yes,No strong feelings (neutral),5,3,1,3,3,1,1,5,2,1,2,1,4,4,2,1,2,3,4,4,4,Positive
801,Yes,No,No strong feelings (neutral),3,5,3,4,5,5,3,3,2,3,2,3,3,2,2,3,5,4,2,3,2,Does not change
4399,No,No,No strong feelings (neutral),2,3,2,2,2,3,2,2,3,4,4,1,1,4,2,3,2,1,1,1,1,Does not change
3020,Yes,Yes,More motivated to protect others,3,4,2,2,2,5,2,4,3,2,1,2,3,1,4,3,2,2,3,1,4,Positive
3511,No,No,NA,5,4,5,5,2,2,2,5,4,4,2,2,4,3,5,5,3,5,2,4,5,Does not change
2254,No,No,NA,3,1,1,5,2,4,1,1,4,4,4,5,4,5,5,2,4,3,3,5,3,Does not change
2246,No,No,No strong feelings (neutral),5,3,4,1,4,3,2,1,3,5,2,3,4,3,3,4,3,2,3,1,3,Much more negative
1462,Yes,Yes,More motivated to protect others,5,3,4,4,2,5,3,2,3,3,3,4,2,1,4,3,4,4,2,2,4,Negative
3860,No,No,No strong feelings (neutral),2,4,4,3,5,5,1,2,3,1,2,1,1,3,4,4,3,3,2,3,3,Much more negative
4478,Yes,Yes,More motivated to protect others,2,3,5,5,4,4,3,3,2,2,1,2,2,4,1,3,2,1,4,1,1,Does not change
4840,Yes,Yes,"More confident in vaccines, Overwhelmed",3,2,5,4,3,3,2,3,4,4,3,2,5,1,5,5,3,3,2,3,1,Positive
1658,No,No,No strong feelings (neutral),4,2,5,5,5,5,4,4,3,3,3,3,3,4,2,3,2,4,4,1,4,Does not change
3738,No,No,More confident in vaccines,4,5,3,5,2,5,5,2,4,1,2,2,5,1,1,4,2,2,1,1,1,Positive
1203,Yes,No,Overwhelmed,4,2,5,5,3,3,4,3,3,2,4,3,3,3,5,2,1,1,3,5,1,Does not change
114,No,No,No strong feelings (neutral),2,4,4,2,5,2,3,4,1,4,3,3,5,3,4,4,4,4,3,4,4,Positive
4448,No,No,NA,4,4,3,4,5,4,2,2,4,4,2,3,4,4,2,2,4,2,5,4,4,Does not change
1217,No,No,No strong feelings (neutral),4,5,2,1,1,2,3,2,4,2,2,1,1,1,4,3,4,4,3,3,4,Much more negative
2145,No,Yes,No strong feelings (neutral),1,2,3,5,5,3,1,1,4,2,2,2,4,1,3,3,4,3,4,4,4,Does not change
1278,No,Yes,No strong feelings (neutral),4,5,4,3,1,2,2,5,5,1,2,2,3,1,2,2,4,1,5,2,5,Does not change
227,No,No,NA,1,1,1,2,2,2,2,1,3,4,1,5,3,1,4,5,2,2,4,4,5,Does not change
1268,Yes,Yes,Overwhelmed,1,5,1,5,3,5,3,5,3,2,5,4,1,3,5,3,5,2,5,4,3,Much more negative
2436,No,Yes,No strong feelings (neutral),4,2,1,3,4,3,2,4,3,2,5,2,3,4,3,4,3,3,1,4,1,Does not change
1315,No,Yes,No strong feelings (neutral),2,1,1,3,2,1,3,5,4,3,3,2,4,5,5,5,3,5,4,3,3,Negative
391,Yes,No,More motivated to protect others,5,4,5,5,2,3,3,3,4,2,2,2,2,1,1,1,1,1,4,3,3,Does not change
1309,No,No,No strong feelings (neutral),2,4,5,3,5,4,1,4,3,2,2,1,3,1,3,5,2,1,1,3,1,Does not change
4787,No,No,No strong feelings (neutral),4,5,5,3,1,2,4,3,3,3,2,3,1,4,1,4,4,4,3,4,5,Does not change
2740,Yes,No,NA,4,4,3,3,5,3,3,5,4,4,4,5,2,5,5,3,2,1,2,2,5,Negative
634,No,Yes,NA,5,1,5,3,3,4,2,5,4,5,3,2,1,3,3,4,4,5,4,3,4,Does not change
516,Yes,Yes,NA,5,5,3,3,5,3,5,1,2,5,1,3,4,1,4,3,3,3,4,2,1,Does not change
4456,Yes,Yes,More confident in vaccines,5,2,5,4,2,3,3,3,3,2,4,2,4,2,3,2,3,3,4,1,2,Does not change
1738,No,No,No strong feelings (neutral),3,4,5,4,3,2,4,3,2,4,3,3,1,4,2,2,4,2,3,3,4,Does not change
4570,Yes,Yes,More confident in vaccines,3,3,3,3,2,5,3,3,4,1,3,1,4,5,4,3,4,3,1,3,2,Does not change
1931,Yes,No,More confident in vaccines,5,5,5,3,3,3,2,2,4,5,4,3,1,3,3,2,4,1,2,4,3,Does not change
1254,Yes,Yes,More confident in vaccines,5,3,3,5,3,4,1,3,3,1,1,3,1,2,1,1,1,4,1,2,2,Positive
1364,No,No,No strong feelings (neutral),5,3,3,5,5,4,2,3,4,2,2,2,2,5,1,4,5,5,5,5,2,Does not change
4882,No,No,No strong feelings (neutral),5,3,1,4,3,4,5,2,2,1,4,3,4,1,3,5,5,4,1,3,1,Negative
1016,Yes,No,No strong feelings (neutral),3,5,3,1,3,2,3,5,2,4,1,4,3,3,1,5,5,5,3,2,1,Does not change
1446,No,Yes,No strong feelings (neutral),5,5,1,3,5,4,2,5,1,3,1,2,4,1,1,1,4,1,2,3,1,Does not change
734,Yes,No,No strong feelings (neutral),4,5,3,5,5,3,4,1,4,2,1,4,4,3,5,2,3,5,2,4,3,Does not change
1353,No,No,No strong feelings (neutral),3,3,5,2,4,5,2,4,3,4,5,2,5,3,3,5,3,1,2,1,2,Negative
448,No,Yes,No strong feelings (neutral),3,5,4,4,4,2,2,3,2,2,2,3,1,1,1,1,5,3,1,1,4,Does not change
4578,Yes,No,Overwhelmed,3,4,5,2,3,5,4,1,3,2,4,2,3,1,5,1,1,5,2,1,2,Does not change
270,No,No,More confident in vaccines,4,4,3,5,2,3,4,3,4,3,1,3,2,3,4,1,1,4,5,4,2,Positive
2628,No,No,NA,3,2,3,1,3,2,4,2,1,4,4,5,3,3,3,5,4,1,2,3,5,Does not change
2026,No,Yes,NA,5,1,2,1,5,5,4,2,1,4,4,5,4,3,5,1,2,3,5,3,2,Negative
4695,No,Yes,Overwhelmed,3,1,3,2,3,1,4,3,1,4,4,3,5,1,4,5,4,1,3,1,5,Does not change
2305,Yes,No,No strong feelings (neutral),5,1,5,2,4,2,3,3,3,4,4,4,4,5,5,5,4,5,3,4,5,Much more negative
1587,Yes,No,No strong feelings (neutral),4,4,3,2,3,1,2,3,3,1,4,2,2,1,4,1,2,2,5,4,1,Positive
389,No,Yes,More confident in vaccines,5,5,5,2,2,5,4,3,1,3,5,3,2,4,3,3,3,1,3,5,5,Does not change
338,No,Yes,Overwhelmed,1,1,5,1,3,5,3,2,3,5,3,2,4,2,5,5,1,4,3,4,3,Positive
3445,No,Yes,NA,1,5,5,4,3,1,4,3,5,3,1,3,3,4,5,2,3,3,1,5,4,Does not change
4461,Yes,No,No strong feelings (neutral),1,1,4,2,4,3,5,4,4,3,1,1,1,4,3,4,3,1,5,4,2,Does not change
1383,No,Yes,More confident in vaccines,5,5,5,5,3,3,2,4,2,3,1,2,4,2,2,4,1,2,2,2,2,Does not change
1781,Yes,No,Overwhelmed,4,4,3,5,4,2,1,3,3,2,2,1,3,1,5,1,2,2,2,4,3,Positive
2580,Yes,Yes,More confident in vaccines,3,3,5,4,4,5,4,4,4,2,4,2,1,2,1,1,1,2,2,2,2,Does not change
433,No,Yes,Overwhelmed,5,3,5,5,5,5,2,1,3,2,1,3,5,2,5,3,1,2,3,4,3,Negative
415,No,No,More motivated to protect others,4,5,4,5,5,3,2,5,4,5,2,3,1,5,1,1,4,3,1,4,1,Positive
1110,Yes,Yes,No strong feelings (neutral),5,2,5,4,5,1,4,1,4,1,1,3,1,1,3,3,1,2,1,4,1,Does not change
452,No,No,No strong feelings (neutral),5,1,5,4,3,2,2,2,4,4,3,3,3,3,2,3,3,2,4,1,2,Does not change
1042,Yes,Yes,No strong feelings (neutral),3,1,3,5,2,2,5,1,4,2,3,3,4,1,3,4,5,2,5,4,3,Does not change
2470,Yes,Yes,More confident in vaccines,4,2,2,5,3,3,2,3,4,2,4,1,1,1,4,1,4,1,2,3,3,Much more negative
272,No,No,NA,5,1,2,3,4,5,4,4,4,5,4,3,5,2,4,2,3,4,5,3,1,Does not change
1823,Yes,Yes,No strong feelings (neutral),2,5,5,5,5,5,2,5,5,1,2,1,1,3,3,4,2,2,1,1,4,Does not change
4129,Yes,No,No strong feelings (neutral),5,3,4,3,5,5,3,1,3,1,1,3,2,2,3,1,5,1,3,3,2,Does not change
893,Yes,No,No strong feelings (neutral),4,4,1,4,4,5,5,4,1,2,1,2,2,3,2,3,3,1,4,4,1,Positive
3899,No,Yes,No strong feelings (neutral),4,2,5,3,4,2,4,4,5,2,2,2,4,5,1,3,3,4,5,1,3,Does not change
4771,No,Yes,More confident in vaccines,4,2,5,3,5,4,1,1,3,2,1,1,3,2,4,3,2,1,2,1,1,Much more negative
4933,Yes,Yes,More confident in vaccines,2,5,5,3,2,5,3,3,2,4,1,2,4,2,1,2,4,2,1,1,1,Much more negative
946,No,No,More confident in vaccines,5,5,3,4,2,4,4,3,3,4,2,3,2,1,4,3,1,1,3,3,4,Positive
1729,No,Yes,More confident in vaccines,5,4,4,3,1,5,2,5,5,5,1,2,4,3,3,3,5,3,4,1,4,Positive
1170,Yes,Yes,No strong feelings (neutral),4,5,4,4,4,5,1,1,2,2,4,2,1,1,5,1,1,1,2,1,4,Does not change
888,No,No,No strong feelings (neutral),5,3,3,2,4,2,2,1,4,2,2,1,3,2,4,1,3,2,4,5,2,Does not change
4097,Yes,Yes,More confident in vaccines,5,5,2,1,5,4,2,2,3,1,1,1,2,3,1,5,3,2,2,3,3,Does not change
1378,No,Yes,No strong feelings (neutral),3,2,4,5,5,5,5,5,3,3,3,2,5,3,1,3,1,4,3,5,1,Does not change
1156,No,Yes,More motivated to protect others,5,3,2,5,2,5,3,3,5,1,2,3,1,1,2,2,4,4,2,2,1,Much more positive
1039,Yes,Yes,More anxious about side effects,5,3,4,4,4,5,5,3,5,2,5,3,2,3,4,1,1,2,5,1,1,Does not change
4990,Yes,Yes,More motivated to protect others,5,4,2,5,1,5,1,2,1,5,1,3,4,1,1,1,2,4,2,2,2,Much more positive
3356,Yes,Yes,No strong feelings (neutral),5,5,2,5,4,5,2,1,1,3,5,3,1,1,2,2,1,2,1,4,2,Positive
34,Yes,No,No strong feelings (neutral),5,5,5,3,5,2,3,1,4,1,3,3,4,1,1,1,1,2,1,1,1,Does not change
1636,No,Yes,No strong feelings (neutral),5,4,5,1,1,1,4,2,3,1,2,5,1,3,3,5,5,3,2,5,2,Does not change
4833,Yes,No,No strong feelings (neutral),3,1,3,1,1,1,3,1,4,4,5,2,3,4,3,4,1,3,3,3,3,Positive
2795,No,No,More confident in vaccines,4,4,5,2,4,3,4,4,2,1,2,4,2,1,1,1,1,2,3,2,2,Much more positive
523,No,Yes,No strong feelings (neutral),4,3,4,3,4,3,4,2,3,2,4,2,4,1,1,1,2,4,1,4,2,Negative
3424,Yes,Yes,More confident in vaccines,5,5,5,4,3,3,3,3,2,4,1,2,3,1,2,2,1,1,2,2,2,Positive
4583,No,No,No strong feelings (neutral),1,1,1,5,4,3,1,3,3,3,3,3,5,4,5,1,5,1,4,1,5,Does not change
4935,Yes,Yes,More confident in vaccines,5,2,3,1,5,3,3,4,2,2,1,2,2,5,1,3,1,2,1,4,1,Does not change
4151,No,No,No strong feelings (neutral),5,4,5,5,4,4,4,3,2,2,2,2,3,4,4,4,2,1,1,1,4,Much more positive
1660,No,No,No strong feelings (neutral),4,4,2,3,5,1,2,1,1,2,1,2,3,1,5,4,2,3,4,1,1,Does not change
2481,Yes,No,"More confident in vaccines, Overwhelmed",5,2,1,4,1,4,5,2,1,2,3,2,3,2,4,1,3,4,1,1,1,Negative
1922,No,No,NA,3,5,5,4,5,4,4,3,3,3,1,1,3,3,3,1,2,3,2,1,2,Does not change
3001,Yes,No,No strong feelings (neutral),1,4,3,2,5,3,5,3,4,2,4,2,2,4,4,1,2,1,4,4,3,Does not change
4363,No,No,Overwhelmed,2,5,5,5,5,1,1,5,2,5,3,4,5,4,4,4,3,5,1,5,5,Does not change
2902,Yes,Yes,More motivated to protect others,4,2,1,3,2,2,3,2,4,4,3,1,3,3,4,1,5,1,1,4,4,Positive
587,Yes,No,No strong feelings (neutral),5,3,4,2,4,3,3,4,3,2,2,1,1,3,4,4,1,3,1,4,1,Does not change
3228,Yes,Yes,More confident in vaccines,2,4,3,4,5,3,4,2,3,3,2,2,2,3,4,3,1,3,1,3,3,Does not change
629,No,Yes,More confident in vaccines,3,2,5,3,3,4,3,5,5,2,1,2,1,2,5,2,1,3,2,2,4,Positive
183,No,Yes,No strong feelings (neutral),4,4,3,4,3,5,2,4,3,4,2,3,2,5,4,3,1,1,2,4,1,Negative
2680,No,Yes,NA,4,4,3,3,5,5,2,5,3,4,4,1,1,1,3,1,2,2,2,3,2,Positive
2691,Yes,No,NA,1,5,2,4,5,2,4,2,3,4,3,3,3,5,2,4,1,2,4,2,4,Does not change
4749,No,No,NA,2,1,2,3,2,5,2,4,3,3,3,5,3,1,5,4,1,5,3,2,4,Negative
3676,Yes,Yes,More confident in vaccines,5,4,3,5,2,3,1,2,5,1,4,3,2,1,1,1,2,3,3,2,2,Does not change
3957,No,No,No strong feelings (neutral),3,1,2,1,1,1,1,5,4,4,4,1,2,3,5,4,4,2,5,3,5,Much more negative
3829,Yes,No,More confident in vaccines,5,4,2,4,3,3,2,2,1,4,2,2,1,5,4,4,3,2,3,1,3,Does not change
1986,Yes,Yes,More motivated to protect others,1,2,2,1,1,5,4,3,4,4,3,4,4,4,3,1,3,3,1,3,4,Much more positive
2326,Yes,Yes,Overwhelmed,5,2,5,5,5,4,1,3,2,3,2,4,4,1,5,4,2,4,5,4,1,Much more positive
4663,No,No,No strong feelings (neutral),3,5,5,3,5,2,3,4,3,3,1,1,2,1,1,2,5,3,3,4,1,Does not change
4607,Yes,Yes,NA,1,2,1,2,2,1,1,2,4,4,2,1,3,1,1,2,3,2,3,2,2,Positive
3578,Yes,Yes,No strong feelings (neutral),2,5,3,3,5,3,5,5,3,2,3,4,2,3,2,3,3,2,3,1,4,Does not change
3614,No,No,No strong feelings (neutral),4,4,4,5,1,3,4,3,1,4,5,5,2,2,2,5,2,5,2,1,3,Does not change
724,No,Yes,No strong feelings (neutral),4,5,2,5,1,2,2,3,5,3,2,2,4,1,1,3,1,3,4,1,4,Does not change
855,No,Yes,More confident in vaccines,3,4,3,2,2,2,4,5,2,2,2,1,3,3,2,4,1,1,1,1,4,Positive
3448,No,Yes,More anxious about side effects,5,5,5,4,1,5,3,3,4,2,4,2,1,1,2,3,1,1,2,3,1,Positive
3047,Yes,No,No strong feelings (neutral),4,1,1,1,1,4,3,5,4,5,4,3,4,3,3,3,4,4,5,3,3,Does not change
3128,Yes,Yes,"More confident in vaccines, Overwhelmed",2,1,4,5,1,4,1,3,2,3,4,5,3,4,5,4,3,5,3,3,2,Does not change
3105,Yes,No,No strong feelings (neutral),1,2,3,4,2,4,4,5,2,3,2,4,3,2,4,5,3,1,3,1,4,Does not change
2387,Yes,Yes,"Overwhelmed, More anxious about side effects",2,2,3,2,2,3,4,4,2,5,4,5,1,4,5,4,3,3,2,2,2,Does not change
139,No,No,No strong feelings (neutral),3,2,4,3,1,5,3,4,4,2,1,2,5,5,5,2,5,5,2,1,1,Does not change
992,Yes,No,No strong feelings (neutral),4,5,5,3,5,3,5,5,1,4,2,1,2,2,3,1,3,1,2,3,3,Does not change
3287,Yes,Yes,No strong feelings (neutral),5,5,3,3,5,5,3,3,5,4,2,5,1,2,2,2,1,4,3,3,1,Positive
2412,Yes,Yes,No strong feelings (neutral),5,3,4,4,5,5,4,2,4,2,4,3,3,1,2,3,4,4,2,3,3,Negative
4385,Yes,No,Overwhelmed,3,2,3,1,4,5,3,4,1,3,1,4,3,3,4,1,3,4,4,2,1,Negative
1934,No,No,No strong feelings (neutral),4,2,2,3,4,5,2,4,4,2,5,2,3,1,3,5,5,3,1,2,3,Negative
3265,No,No,No strong feelings (neutral),5,1,2,3,5,1,3,5,3,3,3,3,3,3,4,3,3,3,3,3,5,Does not change
582,Yes,No,No strong feelings (neutral),3,5,4,3,5,1,3,4,5,1,1,4,4,3,5,3,3,5,2,3,5,Does not change
3592,Yes,No,More confident in vaccines,4,5,1,4,5,5,5,4,2,4,2,1,1,2,1,4,3,3,1,4,2,Negative
514,No,Yes,NA,1,1,2,1,2,2,3,2,4,5,5,4,4,2,5,5,4,4,4,5,5,Positive
3494,No,No,No strong feelings (neutral),4,3,5,4,4,4,4,4,3,4,4,4,4,3,3,2,3,4,3,2,1,Much more negative
971,No,No,More confident in vaccines,2,3,5,4,4,4,1,1,1,4,2,3,1,1,3,2,1,1,2,3,3,Does not change
1025,Yes,No,No strong feelings (neutral),4,5,3,3,2,3,2,3,3,3,3,1,2,3,4,1,3,2,3,1,3,Does not change
2350,Yes,Yes,More confident in vaccines,3,1,5,5,1,3,4,2,4,1,1,4,2,1,1,1,1,1,1,3,1,Positive
3104,Yes,Yes,More motivated to protect others,4,4,2,5,3,5,2,3,5,1,1,2,1,1,1,1,3,3,3,3,3,Does not change
2534,Yes,Yes,More confident in vaccines,4,3,5,1,3,5,2,2,5,1,1,3,2,3,3,1,5,4,2,3,3,Does not change
1854,Yes,No,No strong feelings (neutral),5,4,5,5,3,5,3,2,2,3,1,5,4,3,5,5,4,3,2,5,4,Does not change
3169,No,Yes,No strong feelings (neutral),5,1,3,3,4,4,4,2,3,2,2,2,3,2,4,4,2,4,2,4,3,Does not change
128,Yes,Yes,More anxious about side effects,3,4,4,5,5,1,3,1,3,4,1,2,3,3,2,2,4,3,1,5,3,Negative
2180,No,No,No strong feelings (neutral),3,4,3,2,4,5,2,2,4,4,1,3,4,1,3,1,2,2,4,1,1,Negative
1930,Yes,No,More confident in vaccines,3,4,5,4,5,4,4,4,3,1,4,1,1,1,3,3,2,1,3,2,2,Much more positive
4386,No,No,No strong feelings (neutral),1,2,1,2,4,5,2,1,5,4,5,4,5,2,5,4,5,4,1,2,4,Does not change
1571,Yes,Yes,More confident in vaccines,4,1,1,5,1,4,3,3,3,2,4,4,3,2,3,3,4,3,4,1,2,Positive
2036,Yes,No,More confident in vaccines,1,3,2,5,2,2,4,3,1,3,3,3,4,3,5,2,5,2,3,4,2,Does not change
2608,No,Yes,No strong feelings (neutral),4,5,5,4,5,5,1,1,3,3,3,1,3,5,2,2,2,2,3,2,2,Does not change
539,Yes,No,No strong feelings (neutral),5,3,5,3,4,3,2,3,2,1,2,2,4,1,3,3,3,2,1,1,2,Positive
3516,No,No,More anxious about side effects,3,3,4,5,3,2,2,1,4,3,1,3,2,3,5,1,1,2,4,2,2,Does not change
525,No,Yes,No strong feelings (neutral),5,3,2,5,5,5,4,2,1,2,1,3,4,3,1,1,4,1,3,2,1,Much more positive
4919,No,No,No strong feelings (neutral),2,1,1,1,2,4,4,1,2,2,5,5,3,4,5,3,5,2,5,4,5,Much more negative
1318,No,Yes,No strong feelings (neutral),4,5,3,4,3,4,4,4,2,3,1,3,2,4,3,2,3,1,3,2,1,Positive
4556,Yes,Yes,More motivated to protect others,2,3,4,3,2,1,5,3,5,2,2,3,5,3,5,3,3,3,4,4,3,Positive
4158,No,Yes,Overwhelmed,3,4,1,2,2,3,5,4,5,3,1,2,3,1,5,1,3,2,3,4,4,Does not change
913,Yes,Yes,No strong feelings (neutral),3,1,3,2,4,4,2,2,5,3,3,5,4,3,2,3,4,3,2,1,4,Does not change
1805,No,Yes,More confident in vaccines,4,5,1,4,4,5,5,2,3,2,1,1,1,2,2,2,2,1,1,1,1,Does not change
1118,No,Yes,More confident in vaccines,3,3,4,5,4,5,1,4,5,2,2,3,1,1,3,4,1,1,1,2,2,Positive
4292,No,Yes,More anxious about side effects,4,3,5,1,3,4,3,5,4,4,1,2,3,3,2,1,2,2,2,2,2,Negative
74,No,No,No strong feelings (neutral),2,5,5,3,5,2,1,3,2,3,4,4,2,3,5,4,2,5,3,2,5,Negative
547,No,No,No strong feelings (neutral),1,3,3,5,4,4,2,5,1,1,1,2,4,4,3,4,5,4,3,2,3,Does not change
635,Yes,No,No strong feelings (neutral),3,5,3,5,2,3,4,4,3,1,1,3,5,5,4,3,4,2,4,2,1,Does not change
4337,Yes,Yes,No strong feelings (neutral),3,5,4,1,5,5,3,4,3,1,1,1,1,3,2,1,5,1,1,2,1,Much more negative
3792,No,No,"More confident in vaccines, Overwhelmed",1,2,4,2,1,4,4,4,3,2,5,4,5,1,5,3,3,3,4,4,5,Does not change
4818,No,Yes,More confident in vaccines,5,1,4,2,3,5,3,2,1,3,4,2,1,3,1,4,1,2,4,2,3,Positive
3087,Yes,Yes,Overwhelmed,4,2,1,3,3,3,3,4,2,3,4,1,3,2,5,2,3,3,4,3,1,Does not change
898,No,Yes,No strong feelings (neutral),3,2,3,4,4,5,2,5,2,4,2,3,2,1,4,4,1,5,3,1,5,Positive
4721,No,Yes,More confident in vaccines,5,3,5,5,1,4,4,3,3,3,3,2,4,2,5,2,3,1,2,3,1,Does not change
345,No,No,NA,1,2,4,4,3,5,3,3,3,3,2,2,4,2,1,4,3,4,3,1,2,Much more negative
3355,Yes,Yes,NA,5,2,2,3,3,5,3,4,5,1,1,1,2,3,1,4,1,2,2,4,3,Does not change
3561,Yes,Yes,More confident in vaccines,5,3,5,5,4,4,2,4,2,1,1,3,1,1,2,1,3,2,2,1,1,Does not change
2274,No,No,No strong feelings (neutral),5,1,5,5,4,5,2,2,2,1,1,3,2,5,4,4,2,4,5,1,2,Does not change
3684,Yes,Yes,More motivated to protect others,4,3,3,5,5,5,1,5,4,5,1,4,1,2,2,1,3,2,2,1,4,Does not change
1271,No,Yes,No strong feelings (neutral),4,2,5,5,4,5,3,5,3,2,5,2,3,1,2,2,2,2,3,2,1,Does not change
3729,Yes,No,No strong feelings (neutral),4,2,1,4,4,5,1,4,3,5,1,1,1,4,3,5,3,5,2,3,3,Does not change
4252,No,No,No strong feelings (neutral),4,2,5,5,1,1,4,2,2,3,4,4,4,4,2,1,5,4,5,3,4,Does not change
4994,No,No,NA,2,5,2,1,4,4,4,4,3,3,4,2,2,1,2,4,3,2,3,2,3,Negative
4253,Yes,Yes,No strong feelings (neutral),1,1,2,2,3,2,2,3,3,3,2,5,4,3,1,4,3,5,4,5,4,Does not change
3960,No,Yes,NA,3,4,1,2,4,2,3,3,2,3,3,3,4,5,3,3,5,3,5,3,4,Does not change
647,No,No,No strong feelings (neutral),3,3,4,5,3,4,1,5,2,3,3,5,1,4,3,3,2,3,3,2,2,Does not change
2478,No,Yes,More motivated to protect others,3,5,4,3,5,3,3,4,3,5,1,3,2,1,2,4,1,5,1,2,5,Does not change
4733,No,No,No strong feelings (neutral),4,4,4,5,1,5,4,3,4,3,2,3,3,2,3,3,4,2,2,3,4,Positive
1214,Yes,No,No strong feelings (neutral),3,3,3,2,4,1,4,5,4,3,3,2,1,3,2,1,1,3,1,2,5,Does not change
3651,No,No,No strong feelings (neutral),3,2,4,5,2,5,5,4,2,3,5,4,3,3,3,3,4,4,2,4,4,Much more negative
2401,No,Yes,More anxious about side effects,3,3,4,4,3,3,1,2,3,1,4,4,1,5,3,1,4,5,2,3,2,Positive
1610,No,Yes,More anxious about side effects,5,2,5,2,5,3,3,1,1,3,3,5,1,2,4,2,3,2,1,1,4,Positive
4169,Yes,Yes,No strong feelings (neutral),4,4,4,5,4,3,4,3,1,1,2,3,2,5,3,3,1,2,2,2,1,Does not change
1586,No,No,No strong feelings (neutral),4,3,1,2,5,5,3,3,1,3,1,2,2,3,4,5,1,2,2,5,3,Negative
2852,Yes,No,No strong feelings (neutral),4,3,3,5,5,5,3,3,3,3,4,3,1,3,3,2,5,3,1,4,2,Negative
979,No,Yes,No strong feelings (neutral),3,4,3,5,4,4,3,3,1,3,2,3,4,3,2,4,2,3,2,4,4,Does not change
1956,Yes,Yes,More motivated to protect others,5,5,4,1,5,1,2,1,3,2,1,1,2,5,1,2,2,2,2,3,1,Negative
4913,No,Yes,More motivated to protect others,4,2,2,2,2,3,5,2,4,4,5,1,3,1,3,1,1,3,2,5,4,Positive
4197,Yes,No,No strong feelings (neutral),1,3,2,5,5,1,3,2,1,5,2,2,3,2,4,3,3,2,1,1,1,Much more negative
2634,Yes,Yes,No strong feelings (neutral),5,3,2,3,4,5,2,2,2,2,2,3,2,2,3,1,1,2,1,1,4,Does not change
3358,Yes,Yes,No strong feelings (neutral),3,3,5,2,4,2,5,4,3,5,5,2,5,4,4,2,5,3,1,5,3,Does not change
1925,Yes,Yes,No strong feelings (neutral),4,4,2,5,1,5,4,3,1,4,1,3,1,2,4,1,3,5,4,3,2,Does not change
2522,No,Yes,No strong feelings (neutral),5,4,4,4,5,4,4,3,1,4,2,5,1,1,3,3,4,3,1,3,3,Does not change
605,No,No,No strong feelings (neutral),1,1,2,1,3,1,3,1,4,1,5,2,5,5,4,4,4,5,3,5,1,Does not change
2747,No,Yes,No strong feelings (neutral),3,5,4,2,3,4,2,2,5,2,4,2,2,3,4,1,5,2,1,5,4,Positive
1510,No,No,No strong feelings (neutral),1,4,3,1,3,4,2,2,1,5,2,4,4,4,2,4,3,5,4,4,5,Does not change
1091,No,Yes,No strong feelings (neutral),3,3,5,3,4,2,1,3,2,5,3,1,1,3,2,5,2,4,5,3,3,Negative
1999,Yes,Yes,More confident in vaccines,5,5,3,5,2,5,5,4,3,1,2,3,2,1,2,2,2,1,3,2,2,Does not change
1395,Yes,Yes,No strong feelings (neutral),3,5,3,5,3,2,1,5,2,2,4,2,1,2,2,1,3,5,3,1,5,Does not change
3591,No,No,No strong feelings (neutral),5,4,5,1,1,5,3,5,1,3,4,5,2,5,5,4,5,3,4,2,4,Does not change
2010,No,No,No strong feelings (neutral),3,1,1,3,2,2,5,1,4,1,3,3,5,3,3,1,3,3,2,3,3,Much more negative
2720,No,No,No strong feelings (neutral),4,2,3,5,4,5,1,2,3,1,3,5,3,3,4,3,1,2,1,1,1,Positive
2693,No,Yes,No strong feelings (neutral),2,5,1,4,5,2,5,3,2,4,5,4,4,3,4,4,5,4,3,4,1,Does not change
1641,Yes,No,NA,3,3,5,1,2,2,5,3,5,4,3,2,3,4,4,4,1,4,5,2,3,Does not change
4350,No,Yes,No strong feelings (neutral),3,4,3,3,5,3,5,4,4,4,3,3,4,3,4,3,3,3,2,1,2,Positive
3337,No,No,No strong feelings (neutral),2,2,3,4,2,1,2,1,2,3,1,1,2,5,4,5,3,5,3,4,5,Negative
1366,No,Yes,Overwhelmed,4,5,3,4,3,4,3,3,3,3,2,1,3,1,2,2,4,2,1,4,1,Negative
4982,No,No,No strong feelings (neutral),4,3,5,3,2,2,3,1,2,5,1,1,3,3,5,2,3,2,3,2,4,Does not change
1773,No,No,No strong feelings (neutral),3,1,4,2,2,2,1,1,1,3,4,4,5,1,5,5,5,3,2,4,1,Much more positive
1430,No,No,No strong feelings (neutral),2,4,1,3,1,3,2,3,2,3,3,3,5,5,4,2,3,1,3,4,4,Does not change
4421,Yes,Yes,Overwhelmed,2,5,3,3,4,2,4,4,3,4,2,4,3,4,4,4,5,1,3,1,4,Positive
5000,Yes,Yes,Overwhelmed,4,2,5,1,2,2,2,2,3,2,5,2,2,4,5,4,1,3,5,3,1,Positive
1147,No,Yes,No strong feelings (neutral),1,2,3,4,2,1,1,2,2,4,4,5,2,5,5,4,4,5,4,2,5,Does not change
4423,No,No,No strong feelings (neutral),2,3,2,1,4,3,2,4,5,4,3,3,3,4,4,5,4,3,3,5,4,Does not change
150,Yes,No,More confident in vaccines,5,4,1,1,2,4,3,4,2,1,1,1,4,2,3,5,5,5,4,5,3,Does not change
2316,Yes,Yes,More motivated to protect others,3,1,4,3,3,2,5,3,3,3,1,3,4,1,3,2,3,3,2,2,1,Does not change
940,Yes,Yes,No strong feelings (neutral),3,4,1,1,5,3,3,2,3,4,3,3,1,3,4,1,4,2,1,3,5,Positive
1804,No,No,No strong feelings (neutral),3,5,3,4,4,3,2,3,4,3,2,5,2,4,4,1,5,3,3,4,5,Does not change
4364,No,No,No strong feelings (neutral),1,3,1,1,1,2,3,1,5,5,5,3,5,4,5,3,5,3,2,4,5,Negative
2188,No,No,More confident in vaccines,2,5,4,5,5,5,2,2,4,2,1,1,2,3,3,1,3,3,5,3,1,Negative
626,Yes,No,More motivated to protect others,2,1,1,3,5,5,4,2,2,5,1,1,3,3,2,1,5,1,3,2,1,Much more negative
877,No,No,No strong feelings (neutral),4,5,3,5,4,2,2,3,5,3,1,5,1,5,5,3,5,4,4,4,2,Negative
3083,Yes,Yes,More motivated to protect others,2,4,5,3,4,1,2,5,2,5,3,1,5,2,3,1,2,3,1,5,4,Does not change
1221,No,No,NA,4,4,3,1,5,3,4,2,4,1,4,4,4,3,3,3,1,2,2,3,2,Positive
4952,No,Yes,More confident in vaccines,4,5,1,5,5,3,2,5,1,1,2,2,4,4,1,1,2,2,5,1,1,Does not change
1027,No,No,No strong feelings (neutral),2,5,3,5,2,2,2,4,4,3,4,5,2,2,4,2,2,2,2,3,2,Positive
3700,No,Yes,No strong feelings (neutral),5,3,5,5,4,4,5,2,4,4,2,5,4,1,3,2,2,1,3,2,4,Does not change
4582,No,No,NA,4,3,1,2,2,1,2,1,4,5,4,4,5,5,3,3,2,5,2,4,2,Positive
4410,No,No,"More confident in vaccines, More anxious about side effects",3,5,5,4,1,4,4,1,2,2,1,3,1,1,3,1,1,4,2,2,4,Negative
2472,No,Yes,More anxious about side effects,4,3,5,5,3,1,2,5,2,2,1,3,3,2,5,1,3,3,4,2,2,Negative
3206,Yes,No,No strong feelings (neutral),3,1,4,4,4,3,1,2,4,4,3,4,3,3,2,2,5,3,4,1,1,Does not change
3704,No,No,No strong feelings (neutral),5,5,2,3,3,2,4,3,5,2,4,3,2,4,1,4,4,4,4,4,2,Much more negative
1339,No,Yes,More confident in vaccines,1,4,4,1,1,3,2,3,2,2,1,4,3,1,3,2,2,1,1,3,1,Positive
205,Yes,Yes,More motivated to protect others,3,1,5,5,1,4,1,3,3,2,3,1,2,2,1,5,1,4,4,3,4,Does not change
903,Yes,Yes,"More motivated to protect others, More confident in vaccines",3,5,2,1,1,4,1,3,4,4,3,1,3,1,3,3,2,2,3,3,1,Does not change
633,Yes,Yes,More confident in vaccines,5,3,5,5,3,4,4,5,4,3,2,2,2,1,1,1,1,3,3,5,2,Does not change
2334,Yes,Yes,More confident in vaccines,2,2,1,1,2,3,2,4,3,1,4,1,1,2,2,4,2,3,2,3,5,Positive
19,Yes,No,No strong feelings (neutral),4,5,5,2,4,4,2,4,3,5,4,5,2,4,3,3,4,5,3,1,4,Does not change
1227,No,Yes,More motivated to protect others,4,2,4,3,5,4,2,4,4,3,5,1,1,2,2,1,2,2,3,3,3,Much more negative
3472,Yes,Yes,No strong feelings (neutral),2,5,2,3,4,4,3,1,4,1,1,2,1,1,3,4,2,2,2,2,4,Does not change
934,Yes,Yes,More motivated to protect others,5,2,4,5,5,5,2,1,4,1,2,1,1,3,2,2,2,3,2,1,2,Does not change
4406,Yes,Yes,More confident in vaccines,3,1,5,3,5,4,4,5,2,2,3,1,3,3,3,2,3,2,1,1,4,Positive
2009,No,No,No strong feelings (neutral),4,2,5,1,5,4,3,3,4,3,4,1,3,4,3,2,2,3,5,2,4,Negative
3098,Yes,No,No strong feelings (neutral),2,3,1,3,4,3,2,4,3,4,4,2,4,5,5,5,5,4,3,2,4,Negative
175,Yes,Yes,No strong feelings (neutral),5,5,2,2,3,5,2,1,5,1,2,1,1,2,5,1,2,2,2,4,2,Positive
3857,No,Yes,No strong feelings (neutral),1,5,5,3,1,3,3,5,1,2,4,3,5,1,5,5,5,5,2,5,4,Does not change
24,Yes,Yes,More anxious about side effects,4,1,3,3,2,3,4,4,4,1,1,2,4,3,2,4,5,5,5,1,3,Does not change
1939,Yes,Yes,More confident in vaccines,2,3,2,3,3,4,3,5,3,1,1,2,1,1,2,3,3,3,2,1,1,Negative
4824,Yes,Yes,More confident in vaccines,5,3,4,4,3,5,3,2,4,2,2,3,1,1,3,2,3,4,1,2,1,Does not change
2591,No,No,No strong feelings (neutral),3,3,4,1,3,3,4,1,4,1,1,3,1,2,2,5,2,4,3,5,5,Positive
904,Yes,Yes,No strong feelings (neutral),3,5,4,1,1,2,3,2,3,3,4,2,2,2,2,4,4,3,5,2,5,Does not change
4984,No,No,No strong feelings (neutral),3,1,5,3,5,2,3,2,3,1,3,1,2,1,3,3,1,1,1,2,2,Does not change
2172,Yes,Yes,NA,3,1,5,4,3,4,5,5,4,2,3,4,3,4,2,5,2,4,4,2,4,Positive
2461,Yes,Yes,More confident in vaccines,5,5,2,3,5,4,4,5,3,1,2,2,1,1,1,5,4,1,4,1,3,Positive
217,No,No,No strong feelings (neutral),1,3,2,4,4,1,2,3,3,3,4,1,2,4,5,1,5,4,5,1,3,Negative
414,Yes,No,No strong feelings (neutral),2,4,5,5,4,4,4,4,1,5,3,3,4,3,3,4,1,3,3,4,4,Does not change
3911,No,No,No strong feelings (neutral),4,2,3,4,4,4,1,3,4,2,3,2,4,5,4,5,1,4,3,1,5,Much more negative
4752,No,No,No strong feelings (neutral),4,1,1,1,5,1,2,4,4,3,4,4,5,3,5,3,3,3,3,5,4,Does not change
3801,Yes,Yes,NA,5,3,1,5,4,5,5,3,4,1,1,2,1,1,1,1,4,3,4,2,2,Does not change
123,Yes,Yes,No strong feelings (neutral),1,4,4,3,5,2,5,2,1,1,3,3,3,4,4,3,2,2,3,1,1,Does not change
3724,Yes,Yes,More confident in vaccines,4,4,4,4,4,5,2,3,3,4,1,2,2,1,2,3,1,2,3,3,3,Positive
153,No,Yes,Overwhelmed,3,3,3,3,2,2,4,4,4,1,5,3,4,4,5,2,3,4,5,4,2,Does not change
2132,Yes,No,"More confident in vaccines, Overwhelmed",2,1,2,4,2,1,3,3,3,5,2,5,4,3,4,5,5,3,5,3,5,Does not change
538,Yes,Yes,More motivated to protect others,5,3,2,5,5,5,4,3,3,1,5,2,4,1,3,1,1,2,3,4,2,Much more positive
488,Yes,Yes,More confident in vaccines,5,1,4,5,3,5,3,5,5,1,3,2,3,2,3,2,2,4,5,1,1,Positive
4401,No,No,No strong feelings (neutral),3,5,4,3,1,4,4,3,3,3,4,5,1,4,1,1,5,2,3,3,5,Does not change
3118,Yes,Yes,No strong feelings (neutral),5,5,1,3,1,5,2,4,1,5,5,3,2,2,5,3,4,1,4,2,3,Does not change
4067,No,Yes,"More motivated to protect others, More confident in vaccines",4,5,3,4,5,2,5,3,2,5,3,3,5,3,5,3,3,1,5,5,1,Positive
1786,No,Yes,NA,4,5,3,3,4,1,4,2,3,3,2,4,5,4,1,5,5,2,4,3,5,Does not change
3531,Yes,No,More confident in vaccines,4,3,2,4,3,5,3,4,2,4,2,3,2,3,3,5,1,4,3,4,1,Much more positive
573,No,No,No strong feelings (neutral),5,2,5,5,5,5,3,3,1,3,4,3,1,3,4,2,3,1,3,5,4,Positive
3884,No,Yes,More confident in vaccines,1,3,2,2,2,3,1,3,1,5,5,5,1,4,5,3,2,4,4,4,1,Does not change
4714,Yes,Yes,More confident in vaccines,5,4,5,3,4,5,4,3,3,1,3,4,1,5,2,4,2,2,1,5,2,Does not change
4748,No,Yes,No strong feelings (neutral),3,4,3,1,5,4,4,5,3,4,3,1,1,2,1,2,3,3,2,4,1,Does not change
844,Yes,Yes,No strong feelings (neutral),1,2,1,5,3,3,4,3,3,5,5,4,3,1,4,5,3,4,3,3,3,Positive
4468,No,Yes,No strong feelings (neutral),5,3,5,3,5,3,2,1,2,1,1,3,2,3,2,3,2,5,2,5,3,Does not change
3905,No,No,No strong feelings (neutral),4,2,2,2,4,3,4,3,3,2,2,3,5,2,3,4,3,4,3,1,2,Does not change
2836,Yes,No,NA,2,3,3,4,2,1,5,3,2,2,4,4,2,4,1,5,5,2,3,4,4,Does not change
3419,Yes,No,No strong feelings (neutral),3,2,4,3,5,3,3,5,4,5,5,5,5,5,4,2,4,5,1,3,5,Positive
1844,Yes,Yes,No strong feelings (neutral),1,1,5,3,5,5,3,2,3,4,4,5,3,3,2,1,4,3,2,2,1,Much more positive
4395,No,No,NA,5,3,3,3,4,4,3,3,3,3,1,2,4,2,4,2,2,2,4,3,3,Negative
586,Yes,Yes,No strong feelings (neutral),2,2,1,2,3,2,4,3,1,2,3,4,2,4,3,5,4,5,5,2,5,Does not change
638,Yes,Yes,No strong feelings (neutral),2,3,3,5,4,3,5,4,3,1,2,4,3,5,5,1,5,3,2,2,4,Does not change
627,No,No,No strong feelings (neutral),4,5,4,3,4,1,3,5,1,4,4,2,2,1,5,1,3,5,5,4,2,Does not change
741,No,Yes,No strong feelings (neutral),3,5,5,5,4,4,3,1,3,4,4,4,1,3,2,2,1,3,3,2,4,Does not change
660,No,No,No strong feelings (neutral),1,5,4,4,4,2,2,5,3,4,4,2,4,2,3,4,3,3,4,3,5,Does not change
4280,Yes,Yes,More confident in vaccines,5,2,3,4,5,4,5,3,3,1,3,2,3,2,1,3,1,1,1,2,1,Positive
880,No,No,NA,3,1,2,2,4,3,3,1,4,1,3,4,2,5,2,3,1,3,2,4,3,Negative
4223,Yes,Yes,No strong feelings (neutral),5,5,4,4,5,3,4,2,2,3,3,3,1,1,3,3,4,5,3,3,4,Positive
168,Yes,No,No strong feelings (neutral),5,5,2,5,4,5,5,3,2,2,1,2,5,1,3,2,2,2,1,2,4,Positive
1841,Yes,No,No strong feelings (neutral),1,5,3,3,2,3,4,5,3,5,3,2,4,1,1,1,3,3,5,3,2,Does not change
2292,No,Yes,NA,4,5,3,4,5,3,2,3,4,2,3,2,3,2,2,4,3,1,3,3,5,Much more positive
4684,No,Yes,No strong feelings (neutral),2,1,5,3,4,4,2,3,2,5,4,5,3,5,3,4,5,4,5,1,4,Does not change
1624,No,No,NA,1,1,5,2,2,3,2,4,3,5,5,4,4,4,4,5,4,5,4,4,3,Does not change
260,Yes,Yes,More motivated to protect others,5,5,1,5,4,1,1,3,5,4,2,3,3,1,2,3,1,1,1,1,2,Does not change
1750,No,Yes,No strong feelings (neutral),1,2,1,4,5,2,1,1,5,4,3,4,4,3,3,4,2,4,5,5,4,Does not change
4348,Yes,Yes,More confident in vaccines,5,3,3,1,2,4,4,5,2,3,1,5,2,2,4,2,2,3,3,4,1,Does not change
4945,No,No,No strong feelings (neutral),1,2,1,2,1,3,4,4,4,3,5,5,4,5,5,2,4,3,2,5,4,Does not change
2021,No,No,No strong feelings (neutral),5,2,2,5,4,5,1,5,2,1,5,1,2,1,4,3,2,2,5,5,1,Positive
4106,Yes,Yes,"More confident in vaccines, Overwhelmed",1,2,1,2,1,4,4,2,5,5,4,2,3,5,5,1,1,3,1,3,2,Does not change
2997,No,Yes,Overwhelmed,4,2,2,3,3,5,2,5,4,5,1,3,3,4,1,3,5,3,4,1,3,Positive
1914,No,Yes,No strong feelings (neutral),5,4,4,5,5,3,4,2,2,2,2,3,3,1,2,2,3,1,1,2,2,Much more positive
4513,Yes,Yes,No strong feelings (neutral),4,3,4,2,3,3,3,1,1,3,5,2,3,1,3,4,3,2,4,3,3,Does not change
3678,No,No,No strong feelings (neutral),2,4,5,3,2,2,1,1,5,2,3,4,4,4,2,4,3,5,3,5,2,Negative
197,Yes,Yes,More confident in vaccines,4,5,5,2,5,3,3,4,1,4,1,1,1,1,5,1,2,2,2,3,1,Does not change
1465,Yes,Yes,"More motivated to protect others, More anxious about side effects",4,1,2,3,5,5,5,5,2,2,3,2,1,1,5,4,2,5,4,4,2,Negative
600,No,Yes,No strong feelings (neutral),3,1,2,3,4,3,3,1,2,2,2,3,2,2,5,3,4,4,2,3,4,Does not change
1977,Yes,Yes,No strong feelings (neutral),2,2,2,5,5,3,4,5,5,4,4,4,2,3,2,4,4,4,2,1,4,Does not change
2074,No,Yes,No strong feelings (neutral),5,2,4,5,5,4,3,2,1,1,3,2,2,1,4,2,1,2,1,3,4,Does not change
1998,Yes,No,No strong feelings (neutral),3,4,3,3,5,3,4,3,1,1,4,3,4,5,3,4,3,5,3,1,2,Does not change
3721,Yes,Yes,No strong feelings (neutral),3,5,4,4,4,2,3,3,3,1,2,2,1,1,3,1,2,5,1,1,1,Does not change
781,No,Yes,No strong feelings (neutral),3,2,3,4,3,1,4,2,3,5,1,3,2,1,1,4,5,2,5,2,3,Does not change
1352,No,No,More confident in vaccines,5,5,2,5,4,5,1,5,3,1,4,3,1,1,2,1,3,2,1,1,5,Positive
4031,No,Yes,No strong feelings (neutral),3,4,4,5,2,5,5,3,4,2,4,3,1,1,4,3,3,3,4,3,1,Does not change
3546,Yes,No,More confident in vaccines,5,4,4,4,5,5,4,2,2,1,1,2,2,1,1,2,3,1,3,3,1,Negative
1023,No,No,No strong feelings (neutral),3,1,1,2,5,3,2,1,2,4,3,1,3,2,1,4,3,5,5,3,5,Negative
2029,No,No,More anxious about side effects,3,5,4,2,2,3,3,2,2,5,3,4,4,3,1,1,3,4,2,5,3,Negative
3961,Yes,No,Overwhelmed,5,4,4,5,3,3,2,3,4,1,3,3,1,2,5,5,1,3,2,4,5,Does not change
483,Yes,No,No strong feelings (neutral),3,4,3,2,3,5,2,2,1,2,2,4,5,2,4,4,2,3,1,4,4,Does not change
1872,No,No,No strong feelings (neutral),4,2,4,2,5,5,2,2,2,2,3,2,1,2,3,2,3,5,2,1,4,Does not change
3748,No,Yes,NA,2,3,4,1,1,2,5,3,1,1,4,4,4,4,5,4,1,5,3,5,2,Does not change
3862,Yes,Yes,No strong feelings (neutral),4,1,5,3,5,5,5,3,4,3,4,5,4,3,2,1,3,4,2,2,5,Much more positive
2538,No,Yes,Overwhelmed,5,5,5,2,4,4,4,3,3,5,1,4,5,2,5,2,1,2,3,2,2,Does not change
1429,No,Yes,No strong feelings (neutral),3,4,4,1,2,3,2,3,4,2,1,3,2,1,5,2,4,4,3,3,1,Does not change
4251,No,Yes,More motivated to protect others,5,4,5,4,1,4,1,3,2,5,2,1,4,1,3,1,1,1,4,1,1,Positive
3407,No,Yes,Overwhelmed,1,4,5,4,5,2,5,3,2,5,4,5,2,2,5,3,2,2,4,5,5,Does not change
4680,No,No,NA,2,4,4,1,3,4,3,5,2,4,3,4,3,2,3,5,4,2,1,3,4,Does not change
947,No,Yes,No strong feelings (neutral),5,3,4,2,1,1,2,4,1,4,2,4,2,3,1,3,5,3,4,3,1,Much more negative
3282,No,Yes,No strong feelings (neutral),1,2,1,1,5,2,3,3,2,5,3,3,5,2,4,5,4,4,4,1,3,Does not change
16,No,No,No strong feelings (neutral),4,4,1,2,5,4,3,5,4,1,3,2,5,4,5,3,3,1,2,2,4,Does not change
1992,Yes,No,No strong feelings (neutral),2,5,2,3,5,4,3,4,3,4,2,4,3,3,5,4,4,2,5,1,2,Positive
4690,Yes,Yes,Overwhelmed,4,4,2,3,4,5,5,3,2,5,3,5,2,1,5,4,1,1,2,5,4,Positive
1051,Yes,Yes,More anxious about side effects,3,4,1,4,3,3,3,3,5,1,3,1,3,1,3,5,3,3,4,3,4,Does not change
3266,No,Yes,No strong feelings (neutral),5,3,4,5,5,5,4,1,3,1,1,1,1,2,1,2,5,1,1,4,1,Does not change
624,Yes,No,More anxious about side effects,1,3,4,2,3,1,2,2,2,4,2,1,5,2,3,4,4,5,3,5,2,Negative
3168,Yes,No,Overwhelmed,3,2,2,5,4,5,5,4,4,1,5,2,1,4,3,1,4,2,2,5,3,Negative
3655,No,No,No strong feelings (neutral),5,4,4,5,5,1,2,4,3,2,4,3,2,2,5,2,5,3,1,4,2,Does not change
1705,Yes,Yes,No strong feelings (neutral),4,5,5,5,5,4,4,5,3,2,1,3,3,3,4,3,1,3,2,1,1,Does not change
453,Yes,Yes,No strong feelings (neutral),4,4,2,4,4,5,1,3,3,1,3,4,1,4,3,1,3,2,3,2,5,Positive
2883,No,Yes,No strong feelings (neutral),3,1,1,5,4,1,4,2,4,4,3,4,3,1,4,2,2,4,4,2,2,Much more positive
4232,No,No,No strong feelings (neutral),4,2,4,5,5,4,1,3,3,3,3,3,4,3,1,3,2,2,4,2,3,Does not change
1725,No,Yes,No strong feelings (neutral),3,3,4,4,4,3,2,2,1,5,4,4,2,5,1,2,5,2,1,1,4,Does not change
373,No,No,No strong feelings (neutral),1,5,5,4,3,5,5,2,2,2,3,5,2,5,4,4,2,4,2,5,2,Does not change
4445,Yes,Yes,NA,5,1,2,2,4,1,5,3,2,3,4,3,5,3,2,3,2,4,1,3,3,Does not change
2695,Yes,Yes,No strong feelings (neutral),3,2,4,1,5,5,3,1,3,4,3,5,4,5,1,2,3,3,2,5,3,Does not change
2249,No,No,No strong feelings (neutral),5,5,4,2,4,1,5,3,4,4,5,3,4,1,2,2,2,5,4,5,3,Does not change
1972,Yes,Yes,More confident in vaccines,4,4,5,4,2,5,5,3,4,1,1,3,2,4,5,1,2,1,3,1,3,Negative
4886,No,No,No strong feelings (neutral),5,4,5,2,3,2,2,2,4,5,1,4,2,2,1,2,5,4,4,2,1,Negative
1222,No,Yes,No strong feelings (neutral),2,3,3,2,5,2,4,2,4,5,5,3,5,2,1,2,4,4,4,4,2,Much more negative
2110,No,Yes,Overwhelmed,3,5,4,5,3,3,1,1,3,5,4,5,5,3,5,1,1,4,2,5,1,Does not change
684,No,Yes,No strong feelings (neutral),5,3,4,3,2,4,3,1,3,2,2,4,5,5,4,2,3,2,4,2,4,Does not change
1837,No,Yes,NA,2,3,3,2,2,4,4,4,3,2,4,1,4,2,4,3,3,2,4,3,1,Does not change
3701,No,No,No strong feelings (neutral),5,4,3,3,4,4,4,3,1,1,3,1,1,1,1,3,1,1,3,5,3,Negative
4508,Yes,Yes,No strong feelings (neutral),4,4,5,1,1,1,3,5,5,1,4,3,3,3,5,3,5,3,5,2,5,Does not change
4505,No,Yes,Overwhelmed,2,5,2,1,5,2,4,5,4,4,3,2,5,1,4,2,3,3,5,3,3,Does not change
4185,Yes,Yes,NA,5,1,5,4,4,5,2,2,5,4,1,5,4,1,3,1,4,3,1,3,5,Does not change
2103,Yes,No,NA,2,4,3,4,1,3,3,4,2,3,3,3,2,5,2,5,2,2,3,3,4,Negative
4881,No,Yes,More confident in vaccines,3,5,5,4,5,5,5,4,3,2,2,1,1,1,1,1,3,1,2,3,4,Negative
2559,Yes,No,Overwhelmed,4,4,5,5,4,1,4,1,2,5,2,1,1,1,5,3,5,1,3,3,2,Does not change
4747,No,No,No strong feelings (neutral),1,2,4,1,5,4,3,1,4,4,4,3,3,5,4,4,4,5,3,4,3,Does not change
3668,No,No,No strong feelings (neutral),4,5,4,1,4,4,5,5,5,3,3,1,4,3,2,5,5,3,3,1,3,Does not change
1583,No,Yes,No strong feelings (neutral),2,2,2,1,5,3,3,3,4,4,2,5,4,3,2,3,1,5,1,3,4,Much more positive
2421,Yes,Yes,NA,3,4,4,2,2,2,3,2,4,5,4,5,3,5,5,5,3,4,4,3,4,Much more negative
1281,No,No,Overwhelmed,3,3,2,5,3,4,4,3,4,2,3,3,2,4,4,3,3,2,4,5,2,Does not change
3162,No,Yes,"More confident in vaccines, Overwhelmed",5,2,3,5,2,4,3,3,3,3,2,3,2,1,4,3,3,5,1,1,1,Does not change
4291,No,No,No strong feelings (neutral),4,4,3,2,5,2,2,3,1,3,4,1,5,3,5,1,2,2,3,5,4,Does not change
571,Yes,No,No strong feelings (neutral),4,5,1,3,3,1,1,3,3,3,5,2,5,1,4,1,4,1,2,2,3,Does not change
4039,No,Yes,More confident in vaccines,5,3,3,5,4,5,1,5,3,1,3,2,3,1,2,1,1,4,2,3,1,Does not change
1340,Yes,Yes,More confident in vaccines,2,3,3,4,4,3,3,2,3,2,5,3,3,1,3,3,1,1,1,1,2,Positive
2215,Yes,No,No strong feelings (neutral),5,2,5,3,4,4,4,3,2,3,2,2,3,1,5,3,1,1,3,4,4,Negative
2518,No,Yes,No strong feelings (neutral),4,4,5,3,3,4,2,3,1,4,2,4,3,4,1,3,3,3,2,1,3,Positive
2307,No,Yes,More confident in vaccines,5,4,5,1,4,5,5,2,1,3,5,2,1,3,1,3,2,4,1,5,1,Does not change
2489,Yes,Yes,No strong feelings (neutral),3,5,4,4,3,3,5,3,2,1,1,4,3,3,2,3,1,1,1,3,3,Does not change
2158,No,Yes,NA,2,1,2,4,4,5,4,5,1,3,5,3,2,2,5,3,4,4,5,5,1,Does not change
4481,Yes,No,No strong feelings (neutral),5,2,1,3,2,5,2,4,2,4,3,5,3,1,3,3,2,2,4,5,2,Does not change
4961,Yes,Yes,More confident in vaccines,5,2,3,4,5,5,5,4,3,1,1,3,3,3,1,5,3,2,4,2,1,Does not change
3357,Yes,Yes,No strong feelings (neutral),2,2,2,2,3,5,3,2,4,5,4,4,2,5,2,3,1,2,5,2,4,Does not change
1966,No,Yes,More anxious about side effects,3,5,4,5,4,2,5,4,3,4,3,3,4,4,3,2,2,4,2,1,1,Much more negative
4610,No,No,NA,3,1,4,4,2,5,2,3,3,3,2,2,3,5,2,1,3,4,4,1,1,Does not change
1541,Yes,Yes,More anxious about side effects,2,4,4,4,4,4,3,2,2,3,3,2,5,4,3,3,2,4,4,4,3,Does not change
838,Yes,No,"More confident in vaccines, Overwhelmed",3,4,3,3,1,4,2,3,4,2,3,1,4,2,5,5,4,1,4,1,5,Positive
3804,Yes,Yes,More confident in vaccines,5,4,3,5,2,4,1,2,2,3,2,2,4,4,2,3,2,1,4,2,2,Does not change
3270,Yes,No,No strong feelings (neutral),5,1,4,1,5,3,4,2,2,1,2,2,1,2,2,1,3,4,5,3,3,Does not change
3631,No,No,"More motivated to protect others, Overwhelmed",5,1,3,5,3,3,5,2,4,3,3,5,4,1,3,4,3,3,3,3,3,Much more positive
4550,Yes,Yes,More confident in vaccines,2,3,3,2,5,3,2,3,1,1,2,3,1,4,2,3,1,5,1,3,3,Does not change
3243,Yes,Yes,More motivated to protect others,5,5,5,2,3,5,5,2,3,2,3,1,1,1,2,4,3,5,4,3,1,Much more positive
3732,Yes,No,More confident in vaccines,3,2,1,5,2,4,4,3,5,4,5,5,4,2,5,3,3,4,5,2,1,Does not change
937,Yes,No,More confident in vaccines,4,4,3,5,3,5,4,4,4,1,4,3,2,2,5,3,1,1,3,2,2,Negative
2897,Yes,Yes,"More motivated to protect others, More confident in vaccines",5,5,4,4,3,3,1,3,2,5,3,3,2,1,4,3,1,1,4,1,3,Does not change
4575,No,Yes,More confident in vaccines,2,3,3,5,2,3,2,5,3,3,4,4,2,3,3,4,5,5,2,3,1,Does not change
4095,Yes,Yes,More confident in vaccines,3,4,5,5,4,4,3,5,4,2,5,3,5,3,3,2,2,2,2,1,2,Does not change
3595,Yes,No,No strong feelings (neutral),3,3,1,2,1,1,5,5,4,3,3,3,2,3,5,3,2,3,5,4,2,Does not change
3230,No,Yes,More confident in vaccines,5,3,3,5,5,5,3,4,1,2,2,3,2,2,2,5,2,1,4,2,1,Negative
812,No,Yes,More confident in vaccines,4,2,2,3,2,5,5,2,5,3,4,5,5,3,2,1,5,5,4,4,3,Negative
136,Yes,No,"More confident in vaccines, Overwhelmed",5,5,3,3,2,1,1,1,2,4,5,2,3,4,5,1,2,1,4,5,2,Negative
1165,Yes,Yes,More motivated to protect others,3,5,2,2,3,1,4,4,5,4,3,1,3,1,4,1,1,1,5,1,3,Does not change
444,Yes,Yes,No strong feelings (neutral),5,4,5,3,5,3,4,3,4,1,3,2,1,2,2,1,3,4,3,1,5,Positive
3158,Yes,Yes,More confident in vaccines,5,2,2,4,1,2,3,4,2,1,1,5,3,1,4,2,1,3,1,1,3,Does not change
3434,No,Yes,Overwhelmed,4,3,3,4,4,4,4,5,3,4,3,3,2,1,5,2,3,2,2,4,2,Much more positive
1185,No,Yes,More confident in vaccines,5,3,5,5,4,5,2,5,2,2,3,4,3,2,3,2,2,2,3,1,1,Does not change
2861,Yes,Yes,Overwhelmed,1,5,2,1,5,5,3,3,4,1,1,4,2,2,4,3,3,3,4,4,3,Does not change
1144,No,Yes,No strong feelings (neutral),1,2,1,4,2,1,4,3,2,3,5,4,5,2,5,4,5,4,4,4,5,Does not change
125,No,No,No strong feelings (neutral),1,1,1,2,1,2,4,3,1,3,4,2,1,5,5,2,5,5,5,5,3,Does not change
3879,Yes,No,No strong feelings (neutral),4,4,5,1,4,5,4,3,2,1,4,3,2,1,4,3,4,4,3,3,1,Positive
3474,No,No,NA,1,5,3,4,4,3,2,3,4,3,3,2,3,5,2,1,3,5,3,2,5,Does not change
2248,Yes,Yes,No strong feelings (neutral),2,3,5,5,4,4,2,1,2,3,1,1,3,2,3,1,3,4,3,1,2,Much more positive
474,Yes,Yes,No strong feelings (neutral),4,5,4,3,4,3,2,4,2,5,3,3,4,1,3,2,4,5,1,4,5,Much more negative
2690,Yes,Yes,More anxious about side effects,5,3,5,3,4,3,1,3,4,2,1,2,4,4,3,1,2,3,1,4,3,Negative
711,No,No,No strong feelings (neutral),1,4,3,3,5,3,4,5,2,5,4,3,3,4,2,3,4,2,1,3,3,Does not change
3842,Yes,No,No strong feelings (neutral),3,3,3,4,2,4,2,3,1,3,3,3,3,2,3,2,5,3,5,2,4,Positive
3055,No,Yes,NA,4,3,2,3,5,5,1,3,4,1,1,1,3,3,2,4,5,1,4,2,4,Does not change
2317,No,Yes,More motivated to protect others,5,4,3,5,3,1,4,3,4,3,1,2,3,4,3,3,3,3,1,3,3,Does not change
4941,No,Yes,No strong feelings (neutral),4,3,1,5,5,3,3,2,2,2,4,1,4,5,3,1,2,3,3,3,5,Much more positive
4065,Yes,Yes,NA,2,5,4,1,2,4,1,3,3,4,1,1,2,5,3,2,4,1,1,5,4,Positive
3925,Yes,Yes,No strong feelings (neutral),3,4,4,1,1,2,5,2,2,4,2,3,1,3,4,3,2,3,2,4,4,Does not change
3280,Yes,Yes,NA,3,5,4,5,4,5,5,3,5,4,2,4,2,2,4,3,3,3,2,1,1,Positive
1443,No,No,No strong feelings (neutral),5,4,2,1,5,2,4,4,4,2,3,1,3,3,4,3,2,4,4,2,2,Does not change
4492,No,No,More confident in vaccines,5,3,5,3,2,2,4,2,1,4,5,3,1,4,4,5,4,3,2,2,3,Does not change
2793,No,Yes,NA,4,2,4,2,1,5,1,3,4,5,3,3,2,3,4,5,2,5,4,4,5,Much more negative
506,No,Yes,More motivated to protect others,4,5,3,4,4,4,1,2,3,1,3,1,1,1,3,1,1,3,3,2,3,Does not change
4403,Yes,No,Overwhelmed,2,5,3,3,2,2,3,1,3,2,4,5,4,2,5,3,1,5,4,3,3,Positive
772,Yes,Yes,More confident in vaccines,4,3,5,5,1,5,2,4,1,3,2,5,2,2,4,2,1,1,2,2,1,Much more positive
4050,Yes,Yes,More confident in vaccines,3,5,5,2,3,2,3,1,3,3,1,3,1,2,2,1,4,3,1,1,1,Positive
507,No,No,No strong feelings (neutral),4,3,1,3,3,1,2,4,3,4,1,4,5,2,4,5,2,5,3,4,2,Does not change
2697,No,No,NA,1,5,4,3,2,4,1,4,1,2,3,2,1,4,4,2,4,3,2,3,4,Does not change
3667,Yes,Yes,More confident in vaccines,5,4,3,3,5,2,3,3,1,3,2,3,2,4,4,2,2,3,3,3,2,Positive
2149,Yes,Yes,Overwhelmed,5,2,5,4,4,3,1,4,2,3,1,5,4,2,3,1,1,1,2,1,2,Much more positive
4216,Yes,Yes,No strong feelings (neutral),3,1,3,5,3,5,3,4,5,3,1,1,4,2,2,4,3,3,4,5,2,Positive
3173,No,No,No strong feelings (neutral),4,3,1,4,5,1,2,1,3,2,2,3,2,3,1,4,3,5,3,1,4,Does not change
3896,Yes,Yes,No strong feelings (neutral),3,5,3,1,1,1,2,4,4,5,3,2,2,4,5,2,4,5,1,5,4,Positive
2360,Yes,No,No strong feelings (neutral),4,2,3,4,2,4,3,1,5,5,4,5,4,2,3,4,5,1,2,2,5,Positive
4668,No,Yes,More motivated to protect others,5,3,5,4,3,4,3,4,4,5,1,2,3,1,2,4,2,2,1,1,2,Much more negative
3208,No,Yes,No strong feelings (neutral),4,4,3,3,4,2,2,1,4,2,5,2,5,4,2,3,4,3,2,4,2,Does not change
2717,Yes,Yes,No strong feelings (neutral),2,4,5,4,4,5,4,2,3,3,1,2,2,4,3,2,2,4,2,5,1,Much more positive
983,No,No,No strong feelings (neutral),3,5,4,4,5,4,1,3,3,4,3,4,2,5,2,4,4,2,4,2,5,Much more negative
1791,No,No,"More confident in vaccines, More anxious about side effects",3,3,5,5,2,4,2,4,4,2,1,2,4,3,3,5,3,2,5,2,4,Does not change
1072,No,Yes,More motivated to protect others,3,2,1,5,1,1,3,2,4,5,4,3,1,3,1,1,4,4,1,4,3,Does not change
244,No,No,More confident in vaccines,3,4,5,2,3,2,4,4,3,1,3,5,1,4,2,4,2,3,2,5,1,Positive
4087,No,No,No strong feelings (neutral),5,4,3,2,4,4,2,2,3,4,3,4,5,1,1,2,2,3,4,2,4,Negative
2242,Yes,No,No strong feelings (neutral),1,2,3,3,4,1,4,1,4,5,4,4,4,5,3,1,2,4,5,4,4,Does not change
3125,No,No,No strong feelings (neutral),4,5,5,4,5,4,2,2,4,2,2,5,1,4,2,1,3,4,4,5,1,Does not change
3619,Yes,Yes,Overwhelmed,1,2,1,2,3,5,2,1,2,1,2,1,1,4,5,3,4,2,1,2,1,Positive
3950,No,Yes,Overwhelmed,3,3,3,2,5,2,2,3,4,4,2,2,2,4,5,2,1,4,5,1,3,Does not change
1055,Yes,Yes,No strong feelings (neutral),5,3,4,5,4,3,1,4,3,1,4,1,3,1,1,2,1,1,1,1,1,Positive
109,No,Yes,No strong feelings (neutral),2,3,2,4,2,3,5,5,1,2,1,2,1,4,3,4,3,3,5,2,1,Much more positive
1132,No,Yes,No strong feelings (neutral),1,1,2,5,2,5,3,4,2,3,3,5,5,1,2,4,5,5,5,3,4,Does not change
81,Yes,Yes,More confident in vaccines,3,1,4,5,3,5,4,5,1,1,4,4,1,3,1,3,3,3,2,3,4,Does not change
1590,Yes,Yes,More confident in vaccines,5,3,5,5,2,2,1,4,3,2,3,1,2,2,1,1,1,3,4,3,1,Does not change
4964,No,No,No strong feelings (neutral),4,4,3,1,2,5,1,3,2,5,2,1,3,4,4,2,5,4,4,3,4,Does not change
2595,No,Yes,NA,2,3,3,1,4,5,5,4,1,1,1,3,5,4,3,1,2,3,4,4,5,Does not change
2285,Yes,Yes,More motivated to protect others,5,4,2,4,4,4,1,3,3,2,2,1,3,4,1,3,1,2,1,2,1,Much more positive
108,No,Yes,No strong feelings (neutral),2,3,3,1,3,2,2,5,3,4,4,2,4,3,5,2,4,1,5,5,4,Does not change
2758,No,No,No strong feelings (neutral),4,5,2,4,4,3,1,4,3,5,3,5,5,4,4,3,4,1,3,4,3,Does not change
3886,No,No,"More motivated to protect others, More anxious about side effects",3,2,4,5,3,2,1,3,3,4,5,1,4,5,2,2,2,3,2,3,1,Much more negative
3947,Yes,No,NA,2,1,4,3,5,4,4,5,2,1,5,4,3,3,3,1,3,4,2,4,4,Does not change
4244,No,No,No strong feelings (neutral),1,2,3,1,2,3,2,3,2,4,4,2,5,3,4,5,4,5,4,5,3,Does not change
4634,Yes,No,No strong feelings (neutral),5,3,1,4,4,3,2,3,2,3,3,4,2,3,4,1,3,1,3,4,3,Does not change
1919,Yes,No,No strong feelings (neutral),5,2,4,5,3,3,3,3,1,3,1,1,4,2,3,2,3,3,4,3,4,Does not change
4167,No,Yes,No strong feelings (neutral),3,3,3,3,5,4,2,1,3,2,1,2,1,4,4,4,4,3,2,3,5,Does not change
403,No,Yes,More confident in vaccines,2,4,1,3,5,3,3,2,4,3,1,3,2,3,1,2,1,1,3,1,1,Does not change
3267,No,No,No strong feelings (neutral),3,5,3,4,2,4,5,4,3,3,2,1,5,5,3,4,3,5,3,1,5,Does not change
4250,Yes,No,No strong feelings (neutral),2,2,1,3,1,1,1,4,5,3,5,4,1,1,5,5,3,3,5,5,1,Positive
2789,No,Yes,More confident in vaccines,3,2,4,5,3,3,2,5,4,2,4,2,3,1,3,1,3,3,3,5,1,Does not change
301,No,No,NA,4,4,3,2,5,4,2,3,5,1,4,3,4,2,4,3,4,3,3,4,1,Does not change
386,No,No,No strong feelings (neutral),3,4,1,4,5,2,2,1,5,1,5,4,3,4,4,3,2,5,5,3,2,Does not change
826,Yes,Yes,No strong feelings (neutral),4,5,1,4,2,2,2,3,2,3,4,1,4,3,3,2,4,5,4,5,5,Does not change
2938,No,No,More confident in vaccines,2,3,1,3,1,1,3,4,5,2,5,2,2,2,2,2,5,2,3,5,2,Positive
3057,No,No,No strong feelings (neutral),4,2,4,3,2,3,4,3,3,4,1,4,4,5,3,4,4,5,5,5,3,Negative
2772,No,Yes,More confident in vaccines,4,5,4,5,5,2,3,2,3,2,4,1,1,1,2,1,1,3,1,1,3,Much more negative
1775,Yes,No,No strong feelings (neutral),2,4,4,5,5,5,3,1,4,2,3,4,1,3,5,4,4,4,1,4,4,Does not change
37,Yes,Yes,More motivated to protect others,4,3,4,2,5,4,5,2,5,3,1,1,3,1,4,1,3,3,4,1,1,Does not change
3024,Yes,Yes,More confident in vaccines,5,3,5,5,5,5,2,5,2,1,3,4,1,3,2,1,4,2,1,2,3,Does not change
2597,Yes,No,No strong feelings (neutral),1,2,3,5,5,4,5,4,4,2,4,5,2,4,5,2,4,3,2,2,2,Does not change
2303,No,No,No strong feelings (neutral),3,5,3,3,5,3,1,1,3,3,3,1,2,3,1,3,5,5,5,5,2,Negative
4301,Yes,Yes,More confident in vaccines,5,5,4,5,5,4,1,5,5,1,3,2,4,1,2,1,1,1,3,1,3,Much more positive
4316,No,Yes,More confident in vaccines,3,4,3,2,4,3,1,5,5,2,3,2,1,1,3,2,1,3,1,1,4,Negative
2648,No,Yes,No strong feelings (neutral),3,4,2,4,2,4,3,4,3,2,4,3,4,3,3,3,1,1,5,3,4,Positive
2081,No,Yes,Overwhelmed,1,1,3,3,1,3,1,5,4,3,3,4,3,4,5,3,4,4,5,4,2,Does not change
3151,Yes,No,No strong feelings (neutral),2,5,1,1,2,1,4,5,1,4,4,4,5,5,5,5,4,3,5,3,5,Much more negative
3628,Yes,No,"More confident in vaccines, Overwhelmed",2,3,5,1,3,4,4,4,5,1,4,1,2,2,4,1,2,3,4,5,4,Does not change
698,No,Yes,Overwhelmed,2,2,2,1,1,2,3,3,4,3,5,3,1,4,5,2,3,2,1,3,1,Does not change
2947,Yes,Yes,More motivated to protect others,4,3,5,2,5,5,2,1,4,2,2,2,1,1,3,2,2,2,3,1,2,Positive
2258,No,Yes,No strong feelings (neutral),5,1,4,4,3,4,2,2,1,4,2,5,3,2,1,2,1,4,5,3,1,Does not change
1683,No,No,No strong feelings (neutral),4,5,5,3,4,4,1,4,2,2,2,1,1,2,2,1,3,4,2,2,2,Does not change
1282,No,Yes,No strong feelings (neutral),5,2,1,1,4,3,4,3,2,4,5,2,5,4,5,4,4,5,3,4,5,Does not change
4800,Yes,No,No strong feelings (neutral),5,4,5,5,1,4,3,4,4,5,4,2,1,2,3,1,3,5,3,4,4,Does not change
3553,No,Yes,More confident in vaccines,5,5,3,5,1,5,3,3,4,1,4,3,2,2,3,1,2,1,3,5,1,Positive
138,No,Yes,More confident in vaccines,5,2,3,2,2,3,5,3,2,2,1,5,4,2,2,1,4,3,1,1,1,Does not change
4781,Yes,Yes,More confident in vaccines,4,3,4,4,4,5,3,4,3,1,1,2,2,3,5,2,2,4,4,2,3,Positive
3747,Yes,No,No strong feelings (neutral),1,3,5,4,4,2,3,1,4,2,2,1,3,5,1,4,5,2,5,2,3,Does not change
774,No,Yes,More confident in vaccines,2,4,4,5,5,4,4,5,1,2,2,1,1,1,3,3,1,2,1,3,2,Does not change
1030,No,No,No strong feelings (neutral),4,1,3,2,4,1,3,4,4,2,3,2,4,4,3,4,4,4,4,3,2,Does not change
4429,No,No,No strong feelings (neutral),4,1,2,5,4,1,4,5,4,3,3,1,5,4,4,5,4,5,3,2,2,Does not change
1756,Yes,No,No strong feelings (neutral),2,1,2,1,3,1,3,4,2,4,2,4,2,1,2,3,4,5,5,1,5,Does not change
970,No,Yes,No strong feelings (neutral),2,2,2,3,5,5,2,1,2,4,5,1,3,2,3,1,2,4,2,2,2,Does not change
4552,No,Yes,"More confident in vaccines, Overwhelmed",5,4,1,1,1,4,1,2,1,3,5,3,4,3,5,3,1,4,4,4,5,Much more positive
3861,No,Yes,More confident in vaccines,3,5,2,4,2,1,5,3,4,5,1,2,4,2,4,1,3,4,4,4,3,Positive
3092,No,Yes,More motivated to protect others,5,5,4,5,5,5,4,2,4,1,1,3,1,3,2,4,2,2,1,1,3,Does not change
606,Yes,Yes,No strong feelings (neutral),2,4,5,1,5,5,3,4,5,3,3,3,2,3,3,1,1,3,4,2,4,Positive
3634,No,Yes,More motivated to protect others,5,2,5,3,4,2,5,5,1,2,1,1,3,3,1,1,2,1,2,1,4,Negative
2282,Yes,No,No strong feelings (neutral),4,4,2,3,5,3,1,3,3,1,1,5,4,3,5,1,4,4,1,4,4,Positive
1431,Yes,Yes,No strong feelings (neutral),3,5,4,5,5,5,3,2,3,3,2,3,5,3,4,4,3,2,3,1,2,Negative
1405,Yes,Yes,NA,5,5,1,5,4,4,3,5,1,2,1,2,2,4,4,2,5,2,1,1,2,Positive
4134,Yes,No,No strong feelings (neutral),5,5,1,3,5,3,5,1,3,1,1,1,1,2,1,3,3,2,2,1,5,Negative
2363,No,Yes,More confident in vaccines,5,2,1,1,1,4,2,5,4,4,4,1,3,1,5,4,2,4,5,1,3,Positive
2566,Yes,Yes,Overwhelmed,1,2,5,2,4,3,1,4,3,3,1,4,1,4,5,4,5,1,5,2,4,Does not change
3932,Yes,Yes,No strong feelings (neutral),5,2,2,2,3,3,3,1,3,2,5,1,1,1,3,2,1,4,2,1,5,Negative
1647,Yes,Yes,More motivated to protect others,4,5,1,4,3,2,2,3,5,1,2,1,1,1,1,4,1,4,1,2,1,Much more positive
3605,Yes,Yes,No strong feelings (neutral),5,3,5,4,4,5,3,2,4,3,1,2,3,3,1,3,1,3,3,2,2,Does not change
2076,No,No,NA,4,3,4,2,3,3,5,5,4,2,5,1,1,2,3,5,2,1,2,4,4,Does not change
3185,No,Yes,"More confident in vaccines, More anxious about side effects",2,1,5,4,1,4,4,2,1,3,1,2,3,1,5,1,5,2,1,3,1,Does not change
229,Yes,No,Overwhelmed,1,5,4,4,3,2,1,3,3,5,4,4,3,3,5,3,4,5,5,3,5,Positive
10,Yes,Yes,"More confident in vaccines, Overwhelmed",3,3,1,5,2,1,3,3,3,2,2,4,1,2,4,5,4,5,3,5,2,Positive
3471,Yes,No,No strong feelings (neutral),4,4,1,1,4,4,2,4,4,1,3,5,4,1,2,2,4,3,2,3,4,Does not change
1234,No,No,No strong feelings (neutral),5,5,1,1,4,3,3,4,5,3,5,5,5,3,2,5,3,5,5,5,2,Positive
1218,No,Yes,More confident in vaccines,2,4,4,4,4,2,2,2,2,3,4,2,3,1,3,4,2,4,1,1,1,Positive
2044,No,Yes,More confident in vaccines,3,5,2,4,5,1,4,3,4,4,3,2,1,2,1,1,3,5,2,1,3,Negative
1774,No,No,No strong feelings (neutral),1,4,1,4,3,2,4,4,1,5,4,2,5,3,3,1,4,4,3,3,4,Does not change
1847,Yes,No,No strong feelings (neutral),4,1,5,4,4,2,4,4,4,3,3,1,2,3,4,2,2,3,2,5,2,Positive
2533,Yes,Yes,NA,4,2,3,2,2,1,3,4,5,1,3,1,3,2,4,3,4,2,2,2,3,Does not change
2692,Yes,No,Overwhelmed,1,3,1,3,5,1,3,4,5,5,2,2,3,2,5,4,5,5,4,3,2,Negative
4268,No,No,No strong feelings (neutral),3,3,1,4,2,1,4,1,5,4,4,2,5,2,4,4,2,5,4,2,2,Negative
73,Yes,Yes,NA,3,4,5,4,1,5,2,4,3,2,2,2,3,1,4,1,4,3,2,5,3,Negative
1013,Yes,Yes,No strong feelings (neutral),5,3,4,4,4,5,3,2,3,1,5,3,3,3,3,2,1,4,3,3,3,Does not change
2126,Yes,Yes,No strong feelings (neutral),4,4,4,5,5,4,3,3,2,1,1,2,1,2,1,3,1,4,1,3,2,Positive
1739,Yes,Yes,More confident in vaccines,4,5,5,5,2,5,2,4,1,2,2,3,3,2,2,1,2,1,1,1,4,Does not change
1075,No,No,More confident in vaccines,5,5,3,2,2,5,2,2,5,4,2,3,2,2,1,2,1,1,5,3,2,Does not change
1674,Yes,No,No strong feelings (neutral),5,2,2,4,4,3,4,4,3,5,3,5,3,3,3,2,2,2,1,1,2,Does not change
1470,No,Yes,No strong feelings (neutral),5,3,3,5,4,3,4,2,2,1,1,2,2,2,3,5,2,1,3,2,2,Does not change
3385,Yes,Yes,More confident in vaccines,2,4,5,2,2,4,4,1,3,1,2,3,2,2,3,1,3,2,3,4,3,Positive
1873,No,Yes,No strong feelings (neutral),1,2,2,2,1,2,2,2,3,5,5,4,3,5,2,5,3,4,4,5,5,Negative
4606,No,No,NA,1,4,2,3,4,4,5,3,3,1,3,4,5,1,2,2,2,5,3,2,4,Positive
2359,No,Yes,No strong feelings (neutral),2,2,5,4,2,4,3,3,2,4,1,1,5,2,1,4,2,4,1,4,2,Negative
3283,No,Yes,More confident in vaccines,2,5,4,4,1,5,2,2,3,3,5,4,3,1,3,4,5,4,3,3,1,Positive
4381,Yes,Yes,More confident in vaccines,5,4,4,2,5,5,3,4,3,1,4,1,2,5,2,3,3,4,3,3,1,Does not change
4729,No,Yes,No strong feelings (neutral),3,4,2,3,5,5,2,5,4,3,1,1,2,2,2,2,3,5,3,4,1,Negative
402,No,Yes,No strong feelings (neutral),4,3,5,5,5,4,5,2,3,1,1,1,1,2,1,3,2,1,1,2,1,Does not change
2087,No,Yes,More confident in vaccines,1,3,2,1,2,3,2,4,3,4,3,3,5,1,1,4,4,5,1,4,5,Positive
2731,Yes,Yes,More confident in vaccines,5,5,3,4,4,3,3,4,2,1,3,2,1,4,1,2,1,1,1,1,4,Does not change
1163,No,No,Overwhelmed,5,2,5,3,4,5,1,4,3,3,5,2,3,2,4,3,3,3,3,2,3,Much more positive
3464,No,No,No strong feelings (neutral),2,4,3,5,4,1,5,5,2,2,2,4,1,4,2,3,4,1,1,3,2,Does not change
623,Yes,No,"More confident in vaccines, More anxious about side effects",4,3,3,2,2,3,5,2,2,4,5,4,1,1,1,4,4,3,2,5,4,Does not change
1807,No,No,No strong feelings (neutral),3,2,5,2,5,4,4,4,3,1,4,2,1,1,4,1,2,4,3,1,2,Does not change
3132,No,No,No strong feelings (neutral),4,1,4,3,4,5,4,1,4,5,3,2,3,5,5,3,2,1,2,5,4,Does not change
978,Yes,Yes,NA,3,3,5,5,3,1,2,2,3,3,4,4,3,2,3,2,5,4,4,5,4,Negative
616,No,No,No strong feelings (neutral),2,4,4,4,1,2,4,4,2,4,3,2,1,1,2,5,2,4,4,4,1,Negative
4100,No,No,NA,5,4,3,5,5,4,1,5,4,3,2,4,4,2,2,4,3,2,1,5,2,Does not change
3195,No,Yes,NA,2,1,5,2,3,4,5,5,3,5,5,1,2,2,5,2,4,2,4,2,2,Much more negative
3708,No,No,NA,1,5,5,2,3,5,4,2,3,5,2,1,4,5,5,5,3,3,2,3,3,Does not change
1044,Yes,Yes,More confident in vaccines,3,3,4,3,3,5,1,5,4,4,2,1,2,2,1,2,1,1,2,4,1,Much more positive
417,Yes,Yes,No strong feelings (neutral),3,5,1,3,1,3,5,3,5,4,5,3,4,5,4,2,1,1,1,3,2,Does not change
1926,No,No,No strong feelings (neutral),5,5,2,4,3,3,1,4,3,5,2,2,3,2,2,4,2,3,1,3,4,Does not change
2945,Yes,Yes,NA,4,2,3,3,3,1,3,2,2,4,5,4,3,3,5,5,5,3,5,5,4,Negative
4090,Yes,Yes,More motivated to protect others,3,2,1,4,3,2,1,4,1,4,4,2,2,5,2,4,5,2,3,2,2,Positive
2887,No,Yes,No strong feelings (neutral),3,4,1,5,4,4,5,4,3,2,5,2,2,5,4,3,4,5,3,1,5,Does not change
3000,No,No,No strong feelings (neutral),3,5,5,3,5,2,1,4,4,2,3,2,5,2,4,1,3,1,1,5,5,Does not change
2803,No,Yes,No strong feelings (neutral),1,3,1,3,3,4,3,3,4,3,5,3,4,4,3,3,5,3,2,1,3,Positive
4995,Yes,Yes,More confident in vaccines,3,3,5,4,5,4,5,4,2,3,2,3,4,4,1,2,3,1,2,2,1,Much more negative
565,Yes,No,NA,1,2,3,3,4,4,4,3,2,4,4,1,4,3,2,2,1,2,3,3,2,Does not change
2798,No,Yes,More confident in vaccines,4,3,4,3,5,5,1,3,3,4,3,1,2,1,3,1,1,1,2,3,5,Does not change
3941,Yes,Yes,More anxious about side effects,5,4,5,3,3,4,1,4,3,2,3,1,1,1,4,2,4,1,5,4,4,Does not change
2456,No,Yes,NA,5,2,4,4,4,5,2,2,4,4,5,3,4,2,5,2,3,3,2,5,5,Does not change
2572,No,No,No strong feelings (neutral),3,2,4,5,3,2,1,2,5,3,1,3,1,3,4,2,5,2,2,2,2,Positive
3542,Yes,Yes,More confident in vaccines,5,5,2,3,5,5,3,2,1,2,1,3,1,1,4,3,1,1,3,1,1,Positive
439,No,No,No strong feelings (neutral),4,2,1,2,2,2,3,3,2,2,2,2,2,2,3,3,2,4,2,1,1,Does not change
4317,No,No,NA,5,5,3,4,3,5,4,1,5,1,1,5,1,1,5,3,4,2,4,4,1,Does not change
3870,Yes,Yes,"More motivated to protect others, More confident in vaccines",2,2,4,2,3,2,2,3,2,4,4,3,3,2,1,5,3,4,3,4,2,Does not change
4338,No,Yes,More motivated to protect others,4,5,5,5,4,5,2,5,3,3,3,2,2,5,1,1,3,2,5,1,3,Does not change
364,No,No,No strong feelings (neutral),5,5,2,5,4,3,5,3,2,2,2,1,4,3,5,3,3,1,4,5,3,Does not change
290,Yes,No,No strong feelings (neutral),3,4,1,2,5,3,3,1,2,1,1,4,1,2,4,2,5,3,3,5,4,Positive
2751,No,Yes,More confident in vaccines,5,4,2,2,4,5,1,5,4,3,1,2,1,2,3,5,2,1,2,3,1,Negative
3127,Yes,No,"More confident in vaccines, Overwhelmed",4,2,3,5,3,5,5,4,3,3,1,5,4,4,5,5,1,3,4,5,4,Does not change
1211,No,Yes,No strong feelings (neutral),5,4,5,5,5,4,3,1,2,2,1,3,1,1,2,2,5,1,2,1,4,Does not change
4053,No,Yes,No strong feelings (neutral),4,5,3,4,3,4,4,2,3,2,1,1,1,1,2,3,4,3,3,3,3,Much more negative
469,Yes,Yes,No strong feelings (neutral),2,4,5,4,5,3,3,2,2,2,2,4,4,1,1,2,2,1,1,3,2,Positive
1251,No,Yes,"More confident in vaccines, Overwhelmed, More anxious about side effects",5,3,1,2,1,2,3,5,4,5,5,1,2,3,5,5,3,3,5,3,4,Does not change
2115,No,No,No strong feelings (neutral),1,2,3,4,5,3,2,3,2,4,4,4,4,5,3,5,4,5,4,3,3,Does not change
860,No,Yes,Overwhelmed,3,3,2,3,5,3,5,5,2,4,4,4,2,5,5,4,4,1,5,2,4,Does not change
4080,No,No,No strong feelings (neutral),2,3,4,2,2,1,1,2,4,3,5,2,2,3,4,4,3,5,4,2,1,Does not change
1014,Yes,No,More motivated to protect others,4,4,5,4,5,4,2,3,4,3,3,4,2,1,1,4,1,2,2,1,2,Positive
3881,Yes,Yes,Overwhelmed,3,2,4,4,3,3,2,2,2,1,3,3,3,2,5,4,5,1,3,1,1,Does not change
2854,No,No,More confident in vaccines,5,2,2,3,3,5,3,3,2,2,3,4,1,1,1,2,4,3,2,3,1,Negative
1800,No,No,No strong feelings (neutral),4,3,5,5,5,2,1,3,2,1,1,1,1,2,1,4,3,1,4,3,3,Does not change
2967,Yes,Yes,No strong feelings (neutral),4,5,5,5,5,5,3,3,1,1,5,2,2,1,5,2,1,1,3,2,4,Does not change
1882,No,No,No strong feelings (neutral),1,2,4,5,4,5,5,1,3,3,2,3,3,3,1,2,3,3,4,4,3,Positive
4373,Yes,No,No strong feelings (neutral),4,4,5,5,5,5,5,2,3,2,1,1,4,4,1,2,3,1,2,1,2,Does not change
4595,Yes,No,"More confident in vaccines, Overwhelmed",3,5,4,1,3,5,4,3,2,1,3,3,3,3,4,4,3,1,4,3,3,Negative
89,Yes,No,More confident in vaccines,3,2,4,3,1,5,2,2,2,1,2,1,2,2,3,3,2,4,2,1,1,Does not change
1105,No,Yes,Overwhelmed,4,3,3,4,2,4,5,2,2,4,3,3,4,1,5,3,2,2,4,1,2,Positive
70,No,No,No strong feelings (neutral),1,3,2,2,3,5,2,5,1,3,3,2,5,4,3,3,4,2,4,3,3,Much more negative
1206,No,No,NA,5,5,1,4,5,3,3,2,2,3,2,5,4,5,3,2,2,5,5,4,1,Does not change
4101,Yes,No,No strong feelings (neutral),5,4,5,1,4,5,2,1,5,4,2,3,4,5,4,4,3,3,4,4,3,Does not change
3554,No,Yes,No strong feelings (neutral),4,4,3,5,4,4,3,2,3,2,5,3,1,5,3,5,4,1,2,3,3,Much more negative
1665,No,No,No strong feelings (neutral),5,2,4,5,3,4,3,3,5,5,4,3,2,1,3,3,2,3,3,2,4,Does not change
1137,Yes,No,More motivated to protect others,2,4,5,4,4,5,5,5,3,4,2,1,1,2,1,3,2,3,1,3,1,Positive
1524,Yes,No,NA,5,3,3,4,5,3,3,4,3,1,4,3,1,1,3,4,4,2,2,5,4,Positive
3316,Yes,Yes,Overwhelmed,4,5,5,5,2,3,5,4,3,4,2,1,3,2,4,4,3,4,2,2,3,Does not change
725,Yes,No,More confident in vaccines,1,3,2,3,2,2,3,1,3,4,3,4,4,3,5,2,4,3,5,3,4,Positive
2400,No,No,No strong feelings (neutral),3,1,2,2,1,1,4,5,1,3,3,4,1,3,4,4,3,3,5,4,3,Much more negative
1000,No,No,More confident in vaccines,4,1,4,3,3,1,3,1,1,3,5,2,4,2,5,3,1,3,4,3,1,Positive
2056,Yes,Yes,More motivated to protect others,4,4,5,5,4,4,5,2,1,2,3,3,4,2,2,4,1,1,2,2,5,Does not change
2773,No,No,No strong feelings (neutral),4,5,4,3,5,4,2,1,2,2,3,3,4,4,5,4,2,2,2,4,4,Positive
1644,No,Yes,"More confident in vaccines, More anxious about side effects",3,5,2,5,3,5,2,4,1,2,3,2,2,2,3,4,2,1,4,2,5,Does not change
4992,No,No,No strong feelings (neutral),4,2,3,2,5,2,1,3,3,5,1,3,2,2,3,2,4,4,3,3,4,Does not change
4289,No,Yes,No strong feelings (neutral),4,5,3,1,4,1,3,1,3,5,4,3,3,1,3,4,5,5,4,4,1,Does not change
115,No,No,More confident in vaccines,3,2,1,2,2,1,4,5,3,2,3,4,4,3,3,2,3,5,5,4,1,Does not change
4218,Yes,Yes,"Overwhelmed, More anxious about side effects",3,4,3,4,4,2,1,2,5,2,2,3,3,5,5,1,4,3,5,4,1,Does not change
3868,No,Yes,No strong feelings (neutral),2,1,4,5,1,4,1,2,3,1,4,3,2,1,5,3,1,3,1,3,5,Positive
4852,Yes,Yes,More confident in vaccines,5,4,3,3,5,3,4,3,4,3,5,2,4,1,1,1,5,2,1,3,1,Does not change
428,No,Yes,More confident in vaccines,5,5,4,3,2,1,3,5,3,4,2,1,4,1,5,4,2,5,3,1,2,Does not change
3979,No,No,No strong feelings (neutral),3,2,4,3,4,5,4,3,2,3,3,4,4,4,1,1,5,4,2,4,2,Does not change
3154,Yes,Yes,More motivated to protect others,5,3,5,4,5,5,3,3,2,1,4,2,1,2,1,1,3,1,1,2,4,Does not change
4230,Yes,Yes,More motivated to protect others,4,2,3,2,4,3,2,3,3,2,2,4,3,2,4,3,2,3,3,3,4,Does not change
1544,Yes,Yes,No strong feelings (neutral),1,1,3,1,3,3,3,5,2,2,3,4,5,3,4,5,2,3,5,5,1,Does not change
148,Yes,Yes,More confident in vaccines,1,5,1,2,3,3,2,3,2,1,2,4,3,2,2,1,3,3,2,4,5,Does not change
1425,No,Yes,"More confident in vaccines, Overwhelmed, More anxious about side effects",3,3,2,2,1,2,3,4,4,3,5,3,4,2,4,4,3,5,3,1,4,Does not change
2909,Yes,Yes,NA,1,4,4,3,4,4,1,3,4,3,2,2,3,2,4,2,5,2,3,2,4,Positive
2356,No,No,No strong feelings (neutral),4,1,4,3,2,3,4,3,2,3,3,4,3,3,5,4,5,4,2,5,3,Does not change
669,No,No,No strong feelings (neutral),2,4,5,4,5,4,4,5,1,4,4,3,3,3,2,5,2,2,3,3,5,Negative
315,Yes,Yes,No strong feelings (neutral),5,4,2,4,5,5,4,3,1,1,2,1,3,2,1,4,1,3,4,1,1,Much more positive
1466,No,Yes,More confident in vaccines,4,1,2,5,5,4,3,2,5,1,4,3,4,3,2,1,4,3,3,3,4,Positive
2443,Yes,Yes,More confident in vaccines,2,2,3,3,3,2,2,1,4,4,1,2,4,2,2,1,3,3,3,4,4,Does not change
2996,No,No,More anxious about side effects,1,4,3,2,4,5,4,3,2,1,5,2,3,2,3,1,5,1,5,4,2,Positive
291,No,No,No strong feelings (neutral),3,3,4,2,5,2,1,4,3,4,3,3,2,4,3,3,5,2,4,5,4,Does not change
4336,No,Yes,No strong feelings (neutral),5,2,3,4,3,3,4,4,5,3,4,3,3,4,5,3,3,3,2,2,1,Does not change
1393,No,No,No strong feelings (neutral),5,4,1,3,4,5,1,3,5,4,3,5,4,4,3,5,3,1,5,3,4,Does not change
3052,No,No,No strong feelings (neutral),4,3,4,4,3,2,4,4,2,4,2,5,2,4,3,4,2,3,1,1,3,Does not change
387,Yes,No,No strong feelings (neutral),3,5,3,2,1,4,4,5,3,4,3,2,5,5,3,5,1,2,1,3,5,Does not change
4457,No,No,No strong feelings (neutral),2,5,4,2,2,5,1,4,5,3,2,3,2,5,1,4,1,3,3,3,5,Does not change
1223,No,Yes,More motivated to protect others,5,5,5,2,3,2,1,1,1,4,1,2,2,4,3,4,2,3,3,3,2,Positive
352,Yes,No,No strong feelings (neutral),3,2,2,4,2,2,4,4,3,2,3,5,5,2,1,1,1,2,2,5,4,Much more positive
699,No,Yes,"Overwhelmed, More anxious about side effects",1,5,4,4,5,5,5,1,1,3,2,2,3,4,4,1,1,3,1,1,3,Does not change
4786,Yes,Yes,No strong feelings (neutral),3,5,2,2,3,3,4,3,4,1,1,2,4,1,3,3,1,1,2,3,5,Much more positive
3967,No,Yes,More anxious about side effects,1,5,5,2,5,2,3,3,3,2,5,3,1,3,4,3,1,4,1,1,1,Does not change
3040,No,Yes,"More confident in vaccines, Overwhelmed",4,2,1,3,2,1,5,1,4,1,4,4,1,3,5,4,3,3,3,3,1,Negative
4767,Yes,Yes,More confident in vaccines,5,3,2,4,4,5,3,1,5,2,1,1,5,3,4,1,1,3,2,1,1,Positive
832,No,No,No strong feelings (neutral),1,4,1,4,4,3,4,1,3,5,2,4,3,3,4,1,2,2,3,5,3,Negative
1525,Yes,Yes,More confident in vaccines,3,1,2,2,2,2,3,2,5,5,3,4,3,3,5,2,5,2,2,4,2,Positive
4054,Yes,Yes,No strong feelings (neutral),2,4,2,5,5,5,4,3,5,4,2,3,4,3,4,1,4,5,3,1,4,Does not change
4130,Yes,Yes,Overwhelmed,2,2,2,1,1,3,3,1,3,3,4,5,5,1,5,3,2,3,4,4,4,Does not change
397,Yes,No,No strong feelings (neutral),2,5,1,4,3,1,2,2,4,5,3,2,3,4,2,5,5,4,4,3,1,Does not change
4834,No,No,Overwhelmed,5,5,5,5,3,2,3,2,4,3,3,4,3,3,4,2,3,4,4,3,1,Negative
2377,No,Yes,Overwhelmed,4,1,3,5,4,2,2,4,4,2,2,2,2,1,5,3,1,3,3,3,1,Does not change
4872,No,No,No strong feelings (neutral),2,1,2,3,4,4,2,1,3,3,5,3,5,1,3,5,4,2,5,4,5,Does not change
1905,No,No,No strong feelings (neutral),4,4,2,2,4,4,3,2,5,3,1,1,1,2,2,1,3,2,1,1,2,Much more negative
4931,No,No,More anxious about side effects,1,4,4,4,5,4,3,3,1,3,4,2,2,4,2,3,1,2,2,5,2,Does not change
4784,No,Yes,No strong feelings (neutral),3,2,4,3,2,1,5,4,2,5,5,1,5,2,3,3,5,5,2,4,3,Does not change
3197,No,Yes,No strong feelings (neutral),3,5,4,4,3,2,2,5,4,3,2,3,4,3,3,2,2,3,4,3,3,Negative
1322,No,Yes,More confident in vaccines,5,2,5,2,4,5,1,3,5,1,1,2,3,4,3,4,1,1,1,1,3,Does not change
1225,Yes,Yes,More confident in vaccines,3,3,3,3,5,3,2,2,4,1,2,2,2,3,1,1,1,1,2,5,3,Much more negative
184,No,Yes,"More confident in vaccines, Overwhelmed",5,5,1,5,1,5,5,3,4,1,2,4,1,1,4,2,2,4,1,3,3,Positive
2757,No,No,Overwhelmed,5,5,3,5,2,4,3,4,5,4,3,5,5,2,5,1,4,2,1,4,1,Does not change
3359,Yes,Yes,No strong feelings (neutral),5,3,4,5,5,3,3,1,5,2,4,2,1,1,1,3,3,1,1,3,2,Negative
1784,No,No,No strong feelings (neutral),4,1,3,4,4,4,3,4,2,4,1,3,5,2,4,2,2,3,5,3,1,Does not change
3289,No,Yes,Overwhelmed,3,4,2,4,1,3,4,3,4,1,4,1,2,2,4,4,1,4,2,2,2,Does not change
3680,Yes,Yes,More confident in vaccines,4,2,4,2,4,5,5,3,5,2,3,1,2,2,1,1,3,2,3,2,5,Positive
1192,Yes,Yes,No strong feelings (neutral),3,5,3,1,4,3,4,2,5,3,1,2,5,1,5,5,4,4,5,1,3,Positive
3825,Yes,No,More motivated to protect others,3,1,2,1,5,1,3,1,3,4,4,2,3,5,1,1,1,3,3,4,1,Negative
2497,No,No,No strong feelings (neutral),4,3,3,1,4,3,4,3,2,3,2,4,2,3,3,4,1,3,2,5,5,Negative
4560,Yes,Yes,Overwhelmed,5,2,5,2,4,3,3,4,4,5,2,4,3,3,5,4,3,4,4,3,4,Positive
4959,Yes,No,No strong feelings (neutral),2,3,5,1,5,3,2,2,4,2,4,1,2,2,1,3,4,1,4,3,3,Does not change
2503,No,Yes,No strong feelings (neutral),1,4,4,3,1,3,3,4,3,1,2,4,3,4,3,1,5,4,4,5,1,Does not change
869,No,No,No strong feelings (neutral),4,4,3,2,5,5,5,2,1,1,4,3,1,2,4,2,5,1,4,1,3,Does not change
994,No,Yes,NA,5,2,1,4,3,5,5,4,3,4,5,5,1,2,2,3,4,1,3,4,4,Does not change
794,No,Yes,"More motivated to protect others, Overwhelmed",4,2,5,4,3,5,3,4,3,3,1,3,3,5,1,3,1,3,2,5,2,Negative
1912,Yes,No,No strong feelings (neutral),3,4,1,5,2,2,5,5,1,5,4,4,1,4,3,4,4,1,5,1,1,Does not change
211,No,Yes,No strong feelings (neutral),3,4,5,4,5,4,3,4,2,1,4,5,1,3,1,3,4,1,3,4,3,Does not change
4499,Yes,No,No strong feelings (neutral),4,5,2,3,5,3,2,3,2,5,4,3,5,5,5,2,3,5,4,2,3,Positive
1297,Yes,No,No strong feelings (neutral),5,1,4,1,2,5,3,4,2,4,5,5,5,2,2,4,3,5,3,3,4,Much more negative
1356,Yes,Yes,Overwhelmed,3,4,5,5,3,4,2,4,2,3,2,2,3,1,1,4,1,4,4,2,5,Does not change
3446,No,No,No strong feelings (neutral),2,5,4,4,5,2,3,4,1,1,3,4,2,1,3,5,2,4,3,1,2,Much more positive
2432,Yes,No,No strong feelings (neutral),4,2,2,3,2,4,2,2,2,5,3,4,3,3,5,2,5,1,2,4,4,Negative
23,No,Yes,NA,3,4,4,5,4,4,3,4,4,2,1,5,4,4,2,3,1,4,2,3,2,Does not change
1279,No,Yes,More confident in vaccines,5,5,3,5,5,4,5,4,4,3,2,1,3,3,2,1,2,2,1,2,1,Does not change
231,Yes,Yes,More motivated to protect others,4,3,4,4,3,3,3,2,3,1,4,4,3,1,2,1,1,4,2,3,4,Does not change
208,No,No,NA,2,1,1,1,2,4,3,5,3,4,5,5,5,4,2,3,1,5,4,4,2,Does not change
3088,No,No,No strong feelings (neutral),4,4,5,5,4,5,3,4,5,1,3,3,2,4,3,4,3,3,3,4,4,Does not change
1719,No,Yes,No strong feelings (neutral),5,1,3,4,2,1,3,3,4,4,4,4,5,4,3,4,3,3,4,4,4,Does not change
4304,No,No,"More confident in vaccines, Overwhelmed",5,5,5,4,3,4,3,4,3,4,4,2,4,3,5,3,5,5,3,1,3,Much more positive
2205,No,No,No strong feelings (neutral),5,1,2,1,3,3,3,5,4,3,4,5,4,1,5,2,3,4,1,5,4,Does not change
3519,Yes,No,More motivated to protect others,3,3,2,2,5,5,5,5,4,4,1,1,3,1,2,2,1,3,2,2,2,Does not change
4360,Yes,No,More confident in vaccines,4,1,4,3,3,3,2,3,4,2,2,1,1,2,1,4,4,2,3,1,2,Positive
330,Yes,Yes,More confident in vaccines,5,3,4,5,2,5,2,3,3,1,4,5,2,1,5,3,4,3,2,4,2,Does not change
2532,No,No,No strong feelings (neutral),5,1,1,5,4,5,3,2,4,3,4,3,4,5,2,2,2,3,2,1,4,Negative
283,No,Yes,No strong feelings (neutral),5,4,5,3,4,3,5,4,2,3,3,3,2,3,2,5,2,5,2,3,5,Does not change
2297,No,No,NA,1,4,3,4,4,3,3,5,2,5,4,4,4,5,5,3,3,5,5,4,5,Does not change
4613,No,No,More confident in vaccines,2,3,1,5,3,1,4,3,4,3,3,2,2,4,4,4,3,3,3,4,4,Does not change
1033,Yes,Yes,NA,1,2,2,1,1,4,3,2,3,3,4,4,4,5,5,5,4,2,1,1,5,Does not change
2615,Yes,No,No strong feelings (neutral),1,2,4,1,5,3,3,4,5,3,1,4,1,2,4,3,2,5,5,5,2,Does not change
46,Yes,Yes,"More confident in vaccines, Overwhelmed",1,2,3,1,2,2,2,2,4,2,5,5,5,2,4,4,2,5,3,4,2,Does not change
3397,No,No,No strong feelings (neutral),3,1,5,5,5,5,4,3,2,2,4,3,5,3,3,3,4,3,2,2,2,Positive
4723,No,No,NA,2,2,3,5,1,4,5,2,5,3,3,3,3,5,4,2,1,3,5,1,4,Does not change
4877,No,No,No strong feelings (neutral),2,2,3,5,3,5,3,2,2,2,4,3,4,3,3,3,3,5,4,1,2,Much more positive
1520,No,Yes,"Overwhelmed, More anxious about side effects",4,4,3,3,4,5,4,3,5,4,4,3,3,3,4,1,1,3,4,1,1,Does not change
3798,Yes,Yes,No strong feelings (neutral),3,5,3,3,2,4,4,1,3,3,3,2,1,3,3,1,4,3,3,1,2,Does not change
476,No,Yes,More confident in vaccines,1,5,1,5,1,2,2,2,2,2,3,5,4,5,3,5,2,3,3,1,2,Does not change
3894,No,No,No strong feelings (neutral),4,2,3,4,3,4,3,2,2,2,2,3,4,3,1,3,2,4,1,3,3,Does not change
158,Yes,Yes,No strong feelings (neutral),4,4,1,3,5,4,4,5,4,5,4,3,1,5,3,3,3,3,3,2,1,Much more negative
2880,Yes,Yes,Overwhelmed,5,5,5,4,3,5,1,2,3,1,1,1,2,1,5,4,4,2,3,2,2,Negative
813,Yes,Yes,No strong feelings (neutral),5,2,5,4,5,3,4,1,4,3,2,1,3,1,1,1,1,1,3,1,1,Does not change
551,No,No,No strong feelings (neutral),1,2,2,2,4,5,2,3,5,2,1,4,5,4,5,1,3,1,3,1,3,Much more negative
477,No,No,No strong feelings (neutral),5,4,4,5,2,4,4,2,3,3,4,5,3,3,2,2,5,2,5,3,4,Does not change
435,Yes,No,More confident in vaccines,5,3,3,5,4,5,1,3,4,3,1,1,1,1,1,1,3,1,1,1,3,Does not change
4892,No,No,No strong feelings (neutral),5,5,2,3,3,1,3,2,5,1,1,2,1,1,1,4,2,4,1,2,4,Positive
2200,Yes,Yes,"More motivated to protect others, More anxious about side effects",2,3,2,2,4,2,3,1,4,3,2,2,2,3,1,3,1,1,4,1,4,Does not change
3690,Yes,Yes,No strong feelings (neutral),4,5,5,4,2,5,1,3,3,4,4,2,5,3,4,3,1,1,2,1,4,Does not change
1207,Yes,No,No strong feelings (neutral),4,5,5,2,5,5,3,4,4,1,2,2,3,1,1,2,3,3,3,3,2,Does not change
1480,No,Yes,More motivated to protect others,4,5,2,3,5,1,1,4,5,4,4,4,1,5,1,1,1,2,2,1,1,Does not change
914,Yes,Yes,No strong feelings (neutral),5,4,3,5,5,5,3,3,4,2,2,2,2,5,4,2,3,3,3,2,4,Negative
2794,Yes,No,NA,2,4,4,2,4,5,2,4,3,5,5,2,4,2,5,1,3,5,3,2,3,Does not change
2957,Yes,Yes,No strong feelings (neutral),5,1,2,4,5,5,2,4,2,2,1,4,5,1,1,1,4,2,2,2,3,Does not change
3449,Yes,No,More confident in vaccines,3,4,5,5,2,4,2,5,2,1,1,1,2,1,5,3,2,2,1,1,2,Much more negative
2918,No,No,Overwhelmed,2,5,2,4,2,2,3,2,3,4,3,3,3,3,5,5,4,3,1,3,2,Does not change
3072,No,No,No strong feelings (neutral),4,1,1,1,3,4,3,3,3,1,2,4,4,3,3,3,3,3,4,4,2,Much more negative
2504,No,No,No strong feelings (neutral),3,5,2,2,3,1,4,3,2,1,4,4,2,4,5,4,2,4,4,3,1,Does not change
1120,No,Yes,No strong feelings (neutral),3,2,5,3,2,3,3,1,3,1,4,1,4,3,3,2,2,3,3,3,4,Does not change
920,No,No,No strong feelings (neutral),2,1,5,5,3,1,4,4,5,5,5,5,4,4,2,5,5,4,3,3,2,Does not change
2,No,Yes,"More motivated to protect others, More anxious about side effects",5,4,2,5,2,4,4,3,2,5,1,2,2,1,1,1,4,1,2,2,3,Much more negative
2420,No,Yes,No strong feelings (neutral),4,2,2,4,1,3,2,1,4,5,3,4,4,4,4,5,2,4,5,4,4,Negative
3855,No,No,No strong feelings (neutral),4,5,4,3,4,4,3,3,4,3,1,3,2,3,2,3,3,4,1,1,1,Positive
3759,Yes,Yes,More motivated to protect others,5,4,3,4,2,5,1,2,4,4,2,1,2,1,1,1,1,3,4,2,4,Much more positive
1036,No,No,Overwhelmed,4,5,2,5,1,5,1,4,4,2,5,4,3,3,4,3,2,4,4,1,4,Negative
2981,Yes,Yes,NA,4,5,2,2,1,2,2,3,2,1,1,4,4,1,2,1,3,5,4,3,3,Much more negative
2425,Yes,No,More anxious about side effects,5,3,1,3,2,3,4,1,2,3,2,1,3,4,4,1,3,4,3,3,3,Positive
1106,No,Yes,More motivated to protect others,5,2,5,5,4,4,4,1,3,3,3,4,4,4,3,1,4,3,4,1,1,Positive
2214,Yes,Yes,No strong feelings (neutral),4,5,4,5,4,1,3,4,2,4,4,3,2,1,3,5,2,1,4,5,2,Positive
2067,No,Yes,More confident in vaccines,3,1,3,5,4,2,2,3,1,3,5,1,3,2,2,5,4,2,4,5,4,Positive
1455,Yes,No,No strong feelings (neutral),5,4,5,3,3,5,3,5,3,1,4,2,1,3,1,1,4,2,2,1,1,Positive
987,Yes,No,More confident in vaccines,5,1,4,5,5,5,4,3,4,3,3,1,5,3,1,1,3,3,2,2,4,Positive
1944,Yes,Yes,No strong feelings (neutral),4,2,4,4,3,4,1,4,1,2,4,1,5,1,3,1,5,3,2,3,5,Does not change
182,Yes,Yes,More confident in vaccines,5,5,3,5,5,5,5,5,1,1,3,1,1,1,2,2,1,4,1,1,1,Negative
2585,No,No,No strong feelings (neutral),5,3,4,1,1,1,1,5,3,4,2,3,2,1,3,4,4,3,1,2,4,Does not change
4766,No,Yes,NA,3,5,3,2,5,3,1,4,3,3,1,5,2,1,2,4,2,2,3,3,4,Does not change
4309,No,No,No strong feelings (neutral),4,4,4,3,1,2,4,5,3,2,4,3,3,4,1,2,1,5,4,5,3,Does not change
2930,No,No,No strong feelings (neutral),3,4,4,4,2,3,3,1,2,2,1,4,5,5,2,1,2,2,1,4,5,Much more negative
803,No,Yes,Overwhelmed,4,3,1,4,4,2,1,4,1,4,5,2,4,4,5,3,3,4,4,4,2,Does not change
467,Yes,No,No strong feelings (neutral),2,4,5,5,4,5,4,5,3,2,1,2,1,1,4,2,1,2,2,2,1,Does not change
2404,No,Yes,NA,4,4,5,3,5,5,3,3,2,4,1,1,5,2,4,4,2,5,4,4,4,Does not change
2101,No,No,NA,1,3,3,1,1,1,4,4,1,5,2,5,5,4,5,4,4,5,4,3,4,Much more negative
964,No,No,NA,2,3,2,2,4,3,4,2,5,2,4,4,4,4,4,1,3,4,3,3,5,Positive
4669,No,No,NA,3,3,4,1,3,4,3,5,3,2,3,4,3,3,2,2,2,2,2,2,4,Does not change
2719,Yes,No,More confident in vaccines,5,5,5,5,3,5,5,2,4,3,2,3,2,3,1,1,2,4,1,2,3,Positive
324,No,No,NA,1,5,2,1,5,2,5,4,3,5,4,3,5,5,5,5,5,2,3,3,5,Does not change
1506,Yes,No,More anxious about side effects,2,2,5,3,3,1,2,4,2,1,4,2,4,4,4,3,4,4,4,4,4,Does not change
3666,Yes,No,NA,3,3,1,1,4,5,3,3,2,4,3,5,3,2,3,3,4,3,2,2,4,Much more negative
3111,Yes,Yes,No strong feelings (neutral),3,1,4,2,5,3,2,2,2,5,2,1,3,2,4,5,4,2,5,3,4,Does not change
1907,No,Yes,More motivated to protect others,5,3,5,5,3,2,3,2,3,3,1,3,2,1,4,3,3,4,3,2,1,Does not change
4853,No,No,No strong feelings (neutral),4,3,5,2,4,5,4,4,3,4,5,3,5,3,5,2,3,4,2,1,3,Does not change
3512,Yes,Yes,No strong feelings (neutral),5,5,3,3,4,3,1,3,3,1,2,4,1,4,4,2,3,3,1,5,3,Does not change
4343,Yes,Yes,Overwhelmed,2,1,4,1,1,4,4,4,1,1,5,4,4,1,5,2,5,2,3,5,3,Does not change
1747,No,Yes,More motivated to protect others,5,4,3,5,5,5,4,4,4,1,1,3,1,2,3,1,1,2,3,2,1,Positive
3276,No,No,More confident in vaccines,3,1,5,4,2,4,4,2,2,3,2,3,5,1,4,2,4,4,1,2,2,Positive
489,Yes,No,More confident in vaccines,3,5,4,3,5,3,4,2,3,2,1,3,2,1,2,2,2,3,1,4,3,Positive
1434,No,No,No strong feelings (neutral),4,2,4,3,2,3,3,2,4,5,2,4,4,2,4,4,2,3,4,5,4,Negative
1645,Yes,No,More confident in vaccines,2,5,1,1,2,5,4,4,1,4,2,1,3,4,2,4,3,3,5,4,1,Does not change
2903,No,Yes,No strong feelings (neutral),5,5,1,3,5,5,5,3,3,2,3,2,2,2,3,3,1,3,1,2,5,Does not change
2178,No,No,No strong feelings (neutral),4,5,4,2,3,4,4,4,2,2,2,2,1,2,4,3,4,4,3,4,1,Negative
3421,Yes,No,No strong feelings (neutral),1,4,4,5,5,2,3,3,2,3,1,1,2,3,3,4,2,1,4,5,2,Much more negative
4751,Yes,No,No strong feelings (neutral),2,5,4,2,1,4,4,2,5,2,4,1,3,2,2,4,3,4,3,3,4,Does not change
3048,No,Yes,More confident in vaccines,3,5,3,4,5,4,2,3,2,1,2,1,1,5,1,3,2,1,3,1,2,Does not change
1064,Yes,Yes,No strong feelings (neutral),4,5,5,3,5,5,3,5,5,3,4,1,1,1,3,2,1,4,4,4,3,Does not change
4376,Yes,Yes,Overwhelmed,4,3,3,4,1,1,2,5,3,2,2,3,5,4,4,4,5,3,4,3,3,Positive
4086,Yes,Yes,More confident in vaccines,5,2,4,2,5,3,2,2,2,1,1,1,1,1,1,1,3,2,1,2,1,Positive
3933,No,No,No strong feelings (neutral),1,1,3,2,3,3,2,4,1,5,5,3,4,3,4,2,1,5,4,5,5,Does not change
2839,No,No,No strong feelings (neutral),4,5,3,5,3,2,2,2,2,2,5,1,2,4,5,3,5,4,3,4,4,Does not change
346,No,Yes,More confident in vaccines,2,2,3,2,2,4,2,4,5,1,4,4,2,4,1,1,4,2,2,5,2,Much more positive
2514,Yes,Yes,More confident in vaccines,5,4,2,4,3,4,1,2,4,1,2,2,1,1,1,1,1,4,1,3,2,Positive
1661,No,Yes,No strong feelings (neutral),4,5,5,3,4,4,3,1,3,3,4,2,2,1,2,4,2,2,1,5,3,Does not change
313,Yes,Yes,Overwhelmed,5,1,3,5,5,2,3,2,5,1,4,3,1,4,4,2,2,1,1,1,4,Much more negative
4655,Yes,No,No strong feelings (neutral),4,5,5,3,5,3,1,1,1,5,3,3,4,3,4,5,5,4,3,3,1,Does not change
4966,Yes,No,More confident in vaccines,5,5,5,5,5,1,3,4,1,3,1,2,1,5,3,2,4,2,4,2,4,Positive
1988,Yes,No,Overwhelmed,3,3,1,5,4,2,2,5,5,2,2,4,1,1,5,2,2,2,5,3,5,Positive
2121,Yes,Yes,"Overwhelmed, More anxious about side effects",5,5,5,3,5,5,4,1,1,1,1,2,5,1,4,3,1,1,4,1,2,Does not change
494,Yes,No,No strong feelings (neutral),5,4,2,5,4,3,5,3,4,2,4,1,3,1,3,1,2,1,4,4,3,Does not change
2243,No,Yes,No strong feelings (neutral),3,1,4,2,5,3,4,1,3,2,3,3,3,4,5,2,3,2,5,3,3,Negative
793,No,No,No strong feelings (neutral),4,2,3,5,4,5,3,3,5,4,2,2,5,3,3,3,3,1,4,2,3,Does not change
1363,No,No,No strong feelings (neutral),4,5,5,5,4,4,4,3,3,2,3,2,5,2,5,5,5,3,2,2,4,Does not change
646,No,No,No strong feelings (neutral),3,2,1,1,1,2,4,3,2,2,2,3,4,3,4,2,1,5,3,4,2,Does not change
2951,No,Yes,More anxious about side effects,3,1,5,5,5,2,3,1,3,4,4,2,5,1,4,3,1,3,2,4,2,Positive
1050,Yes,Yes,More motivated to protect others,5,5,5,2,4,5,4,3,5,3,2,1,1,3,1,3,2,3,1,3,2,Much more positive
3082,Yes,No,No strong feelings (neutral),5,4,1,4,5,3,2,4,3,3,4,3,4,3,3,5,5,1,3,3,2,Does not change
2891,Yes,No,No strong feelings (neutral),5,5,5,5,5,5,4,4,4,4,1,4,2,1,3,5,1,3,4,4,4,Does not change
718,Yes,No,More confident in vaccines,5,3,3,5,5,2,3,1,3,3,3,3,1,4,4,3,1,2,5,3,2,Positive
1980,Yes,Yes,More confident in vaccines,4,3,2,1,1,4,2,5,4,4,2,4,2,1,3,5,2,3,1,3,4,Does not change
3332,No,Yes,More confident in vaccines,3,4,4,5,3,4,5,4,5,1,1,2,1,2,2,3,1,3,3,2,1,Does not change
4030,Yes,No,More motivated to protect others,3,2,4,2,4,5,3,3,4,4,1,2,1,1,2,3,2,4,3,1,1,Positive
4110,Yes,Yes,No strong feelings (neutral),3,2,4,5,5,4,2,2,2,1,1,1,3,1,2,3,3,4,4,4,1,Does not change
856,No,No,No strong feelings (neutral),5,5,2,1,4,4,2,1,2,3,1,5,3,2,2,3,3,4,2,5,2,Does not change
1021,No,No,No strong feelings (neutral),3,1,2,2,4,1,3,2,4,4,4,3,4,1,5,2,3,5,4,3,4,Negative
378,Yes,Yes,No strong feelings (neutral),4,4,5,5,4,4,4,3,5,4,4,3,1,3,2,4,1,1,4,3,1,Does not change
2271,Yes,No,No strong feelings (neutral),5,3,3,1,4,5,4,2,3,5,1,4,3,2,2,3,4,4,5,5,5,Positive
1897,No,No,No strong feelings (neutral),4,3,2,2,1,4,4,2,5,1,1,1,1,5,3,4,4,5,1,3,3,Does not change
4661,Yes,No,No strong feelings (neutral),2,2,1,3,1,4,1,2,3,5,1,5,1,2,2,5,4,4,4,5,5,Does not change
2968,Yes,Yes,More motivated to protect others,5,3,5,3,3,4,1,3,2,3,2,2,1,1,1,1,1,1,1,3,3,Much more positive
3720,Yes,Yes,More confident in vaccines,4,2,4,3,5,5,3,4,2,1,2,4,2,1,1,1,3,2,2,1,4,Much more positive
1435,Yes,Yes,More confident in vaccines,3,1,5,3,3,4,3,4,4,2,2,4,3,3,1,1,5,4,2,5,2,Does not change
4071,Yes,Yes,"More motivated to protect others, More confident in vaccines",2,5,3,2,4,4,3,3,3,5,3,2,2,2,3,2,4,2,2,2,2,Does not change
3303,Yes,Yes,No strong feelings (neutral),4,5,1,2,2,4,3,5,3,1,3,3,1,1,1,2,4,3,2,1,1,Positive
3515,No,No,No strong feelings (neutral),5,5,2,1,2,4,3,2,4,3,4,2,3,1,1,3,1,2,3,3,3,Does not change
2594,Yes,Yes,No strong feelings (neutral),5,1,4,3,5,2,3,4,5,1,2,2,3,1,3,5,4,1,4,1,3,Does not change
3375,Yes,Yes,Overwhelmed,5,2,5,5,5,4,3,1,3,2,3,3,1,5,5,4,1,2,3,4,1,Does not change
4099,No,Yes,More motivated to protect others,3,5,2,3,3,5,3,3,2,3,5,2,1,4,2,1,3,4,4,1,3,Does not change
3134,Yes,Yes,More motivated to protect others,5,2,5,5,4,5,1,1,3,2,1,3,1,1,3,1,2,1,2,4,2,Does not change
4138,Yes,No,No strong feelings (neutral),1,5,4,5,4,4,2,4,1,2,3,2,1,4,4,1,2,1,3,2,3,Does not change
2635,Yes,Yes,No strong feelings (neutral),5,4,1,2,2,1,4,5,4,1,4,2,1,3,5,2,4,3,2,3,4,Does not change
1299,Yes,Yes,No strong feelings (neutral),5,5,4,5,5,3,3,4,4,1,3,2,1,2,1,1,1,2,3,3,1,Does not change
2838,No,No,NA,3,2,3,3,3,4,3,2,3,1,5,4,3,3,3,2,4,1,4,2,4,Does not change
2191,Yes,Yes,"More motivated to protect others, More confident in vaccines",5,5,1,4,5,5,3,4,3,2,3,3,2,3,2,4,1,2,2,2,4,Positive
1077,Yes,No,Overwhelmed,1,4,2,2,3,2,4,5,2,4,3,4,5,3,5,3,5,5,4,3,2,Does not change
674,Yes,Yes,No strong feelings (neutral),1,4,5,2,3,4,5,2,3,3,4,5,3,3,4,3,4,4,2,4,4,Does not change
3757,Yes,No,More confident in vaccines,5,5,3,4,4,4,3,3,3,1,2,2,2,1,4,3,2,3,1,3,2,Much more positive
1640,Yes,Yes,No strong feelings (neutral),3,3,5,4,4,4,4,2,2,2,4,5,1,1,4,1,2,4,2,3,4,Positive
1413,No,No,Overwhelmed,3,3,2,3,3,5,4,3,2,4,4,2,5,2,5,5,4,1,2,4,5,Does not change
749,Yes,Yes,More motivated to protect others,5,2,2,2,4,5,5,3,4,5,1,4,4,2,4,2,2,2,4,2,1,Does not change
4315,No,No,No strong feelings (neutral),3,3,3,3,4,4,2,2,5,3,4,1,4,3,4,3,1,5,1,3,4,Positive
2043,No,No,No strong feelings (neutral),4,4,4,3,2,5,3,1,3,3,3,4,3,1,4,3,2,2,1,3,5,Does not change
825,No,Yes,More motivated to protect others,3,2,5,5,5,3,1,4,4,3,3,3,5,1,2,3,1,4,3,2,2,Does not change
2644,No,No,No strong feelings (neutral),5,4,3,1,3,5,1,2,1,2,2,4,1,4,4,4,3,4,3,3,1,Does not change
713,No,Yes,More confident in vaccines,4,1,4,5,5,4,5,4,4,1,4,2,4,1,1,1,1,3,1,1,3,Does not change
984,No,Yes,No strong feelings (neutral),4,1,5,1,3,5,2,2,4,5,2,5,3,1,3,4,4,2,3,3,4,Does not change
1048,No,Yes,No strong feelings (neutral),5,3,1,3,5,4,1,4,3,1,2,3,3,3,5,2,2,3,1,2,4,Positive
748,Yes,No,More motivated to protect others,4,3,2,5,4,3,4,4,2,5,5,1,1,3,2,1,5,2,5,1,1,Does not change
2943,Yes,Yes,"More confident in vaccines, Overwhelmed",5,1,2,2,1,5,5,5,4,5,5,3,4,3,5,2,4,4,2,4,4,Much more negative
522,No,Yes,NA,5,1,3,5,3,5,4,2,3,1,4,3,1,4,4,2,5,3,4,3,3,Does not change
1180,No,No,No strong feelings (neutral),2,2,4,2,3,1,3,3,4,5,5,5,5,5,2,3,4,5,4,4,2,Does not change
625,No,Yes,No strong feelings (neutral),5,4,4,3,3,1,3,3,2,3,3,4,2,1,3,4,5,3,3,4,1,Does not change
2545,No,No,No strong feelings (neutral),2,4,2,5,5,5,5,4,3,2,4,2,3,5,2,3,2,4,4,1,4,Does not change
1387,No,No,No strong feelings (neutral),5,5,3,2,4,5,1,2,3,1,1,1,1,1,2,2,3,5,2,3,1,Does not change
1145,Yes,Yes,More confident in vaccines,2,5,2,3,2,1,2,3,1,3,1,3,1,4,4,5,3,1,3,4,4,Does not change
2725,No,Yes,More motivated to protect others,4,5,3,5,5,5,2,1,3,4,3,2,2,2,3,5,1,2,3,1,3,Does not change
4437,Yes,Yes,"More confident in vaccines, Overwhelmed",5,5,5,2,2,5,1,3,5,4,1,2,2,4,4,3,1,3,4,1,3,Does not change
3673,Yes,No,More confident in vaccines,5,4,5,4,1,3,3,4,1,2,3,1,1,4,3,1,2,4,4,1,1,Much more positive
239,Yes,No,No strong feelings (neutral),5,5,5,4,3,4,1,1,3,1,2,4,2,4,1,3,1,3,1,2,1,Positive
4515,Yes,Yes,No strong feelings (neutral),5,2,4,5,3,3,2,2,5,5,5,3,4,2,3,4,3,2,4,2,2,Does not change
2001,No,No,NA,2,1,2,2,1,5,4,5,4,5,2,1,5,3,2,5,4,3,4,4,3,Does not change
2000,No,Yes,No strong feelings (neutral),2,5,5,4,5,2,2,2,3,1,1,4,2,3,3,4,3,1,1,2,1,Does not change
783,No,Yes,No strong feelings (neutral),2,2,5,2,4,3,5,5,4,4,2,5,2,3,3,3,4,2,5,5,5,Does not change
68,Yes,Yes,More motivated to protect others,4,3,4,3,3,3,4,1,1,2,1,4,1,1,4,5,1,1,2,3,3,Does not change
3325,No,No,No strong feelings (neutral),3,5,5,5,3,4,3,4,3,1,5,4,3,2,1,2,2,4,5,4,4,Negative
4328,Yes,Yes,NA,5,4,2,5,5,4,3,3,3,2,3,1,2,3,2,1,2,3,4,4,2,Does not change
1985,Yes,Yes,More confident in vaccines,5,5,2,5,5,5,3,2,3,3,1,1,1,3,3,2,2,1,1,1,1,Positive
3596,Yes,Yes,No strong feelings (neutral),1,1,3,1,2,1,3,5,2,1,3,3,3,4,3,1,5,1,4,4,3,Does not change
1464,No,Yes,More confident in vaccines,3,4,5,4,5,5,5,4,1,3,2,1,3,1,1,2,2,5,2,2,3,Does not change
11,No,No,No strong feelings (neutral),3,5,2,2,5,2,5,3,1,3,3,3,5,4,2,4,4,3,4,3,2,Does not change
1875,Yes,Yes,No strong feelings (neutral),4,5,2,2,5,3,3,3,1,2,3,2,1,1,1,1,5,3,2,3,3,Does not change
3697,Yes,No,No strong feelings (neutral),3,1,4,5,1,3,1,3,2,3,2,3,5,1,3,2,3,2,4,2,3,Does not change
4084,Yes,No,No strong feelings (neutral),3,2,4,4,4,4,1,4,5,4,2,5,5,4,2,4,4,4,4,3,4,Does not change
3263,No,No,No strong feelings (neutral),3,4,3,1,3,3,3,3,4,2,2,4,1,4,2,4,4,2,2,4,5,Much more negative
2974,Yes,Yes,More confident in vaccines,5,1,5,5,3,4,1,3,2,3,5,1,2,3,2,4,4,4,3,3,5,Does not change
4730,Yes,Yes,NA,1,4,2,3,4,3,5,2,3,1,2,3,2,5,3,5,4,4,4,2,4,Does not change
594,No,No,No strong feelings (neutral),5,3,4,5,3,5,5,4,1,4,4,4,3,4,2,2,3,2,1,4,5,Much more negative
2732,Yes,Yes,No strong feelings (neutral),5,3,5,5,4,5,2,3,1,3,1,3,3,3,1,1,3,4,3,2,2,Does not change
3664,Yes,No,No strong feelings (neutral),1,4,1,5,1,3,4,4,2,5,5,4,3,2,5,4,5,4,3,5,4,Negative
1354,Yes,Yes,NA,3,5,5,4,4,4,3,3,2,4,2,4,1,1,3,3,4,1,3,1,4,Does not change
1629,Yes,Yes,More confident in vaccines,5,4,2,4,4,3,4,1,2,1,1,4,1,3,3,1,2,2,5,1,3,Positive
1530,No,Yes,No strong feelings (neutral),5,5,3,3,5,5,3,5,3,3,1,2,4,1,3,1,1,1,1,1,2,Positive
3327,Yes,No,Overwhelmed,1,3,3,1,5,4,3,1,4,4,4,2,2,2,5,1,3,2,2,1,4,Does not change
4044,Yes,No,No strong feelings (neutral),4,2,5,4,2,1,2,2,1,5,4,3,3,2,1,1,5,2,3,5,2,Does not change
4069,No,Yes,Overwhelmed,5,5,1,4,4,1,3,4,2,2,5,1,1,3,5,1,3,1,4,1,4,Does not change
4625,No,Yes,NA,4,4,5,5,5,4,3,3,5,1,4,2,1,1,2,1,1,5,4,3,5,Positive
487,Yes,No,No strong feelings (neutral),5,1,4,2,1,5,5,1,2,4,4,3,4,2,4,5,3,3,3,4,5,Does not change
3109,Yes,Yes,No strong feelings (neutral),2,4,2,2,5,4,1,3,2,5,5,3,2,5,4,3,5,2,5,3,4,Much more positive
3728,No,Yes,NA,4,3,4,3,4,2,3,3,3,2,3,3,1,3,5,2,5,2,4,1,3,Does not change
4900,Yes,No,Overwhelmed,5,5,4,5,4,3,3,3,5,1,2,2,3,1,5,3,3,1,1,4,2,Much more positive
2314,No,No,No strong feelings (neutral),1,2,2,2,2,3,2,4,5,5,5,4,4,1,5,3,4,3,4,3,3,Does not change
2745,No,No,No strong feelings (neutral),1,2,1,4,4,1,2,4,4,1,5,1,3,1,4,1,2,3,4,4,4,Does not change
44,No,Yes,No strong feelings (neutral),5,3,1,1,5,1,5,3,1,2,5,5,1,2,2,4,5,3,4,1,5,Does not change
1942,Yes,Yes,More confident in vaccines,3,5,3,4,3,2,2,4,3,3,2,5,2,2,4,1,2,3,2,1,5,Positive
1129,Yes,Yes,More motivated to protect others,3,4,5,5,3,3,2,3,3,1,2,3,3,1,4,1,2,1,1,3,4,Positive
3416,No,Yes,No strong feelings (neutral),4,5,2,4,2,2,2,5,4,5,4,2,5,3,5,5,5,3,5,4,5,Negative
3984,No,Yes,No strong feelings (neutral),2,5,2,1,4,2,3,2,1,1,3,5,1,3,4,5,4,3,4,1,3,Does not change
4921,Yes,Yes,More confident in vaccines,1,4,4,1,1,3,3,4,3,4,2,1,3,2,5,5,3,3,2,5,5,Does not change
1035,No,No,No strong feelings (neutral),3,4,3,2,2,5,4,3,3,2,2,2,4,3,4,1,1,1,3,2,2,Does not change
1078,Yes,No,"More confident in vaccines, Overwhelmed, More anxious about side effects",2,3,3,4,2,1,2,1,5,1,2,1,4,1,5,1,3,5,1,3,2,Does not change
3838,Yes,Yes,"More motivated to protect others, Overwhelmed",2,1,1,5,2,5,5,2,1,3,3,3,2,1,4,3,4,5,2,4,4,Positive
466,No,No,No strong feelings (neutral),1,3,2,4,3,1,5,5,2,5,1,4,5,4,5,5,4,2,5,5,3,Does not change
2674,No,Yes,No strong feelings (neutral),5,5,5,2,4,3,3,3,2,5,3,2,2,4,4,2,1,1,4,4,3,Does not change
1265,No,No,No strong feelings (neutral),5,4,1,4,2,5,4,1,3,3,3,3,3,1,1,2,3,2,1,3,2,Much more positive
3343,No,Yes,No strong feelings (neutral),5,5,5,2,5,2,3,5,4,4,4,4,3,2,2,2,1,2,5,2,5,Positive
4867,Yes,Yes,More confident in vaccines,3,5,3,2,5,1,1,3,3,3,2,1,1,1,1,2,4,1,3,3,1,Positive
3501,No,Yes,More confident in vaccines,5,5,3,5,2,5,3,4,3,2,2,4,3,2,1,2,3,4,1,2,2,Does not change
4592,Yes,Yes,More motivated to protect others,5,5,5,4,3,3,3,3,5,5,4,1,2,4,1,1,4,3,3,3,3,Does not change
1652,Yes,No,More anxious about side effects,2,5,3,3,4,4,5,5,3,5,2,1,3,1,1,2,1,3,5,4,4,Does not change
1825,No,No,No strong feelings (neutral),1,1,4,1,5,2,4,1,2,3,5,1,4,4,2,2,3,4,3,2,5,Positive
4906,Yes,No,More motivated to protect others,5,2,2,3,5,3,3,4,5,4,4,4,1,4,3,3,4,2,3,2,3,Much more negative
3225,No,Yes,No strong feelings (neutral),5,2,4,1,1,4,2,5,4,2,4,1,4,5,5,1,1,4,3,3,2,Negative
1941,No,No,No strong feelings (neutral),2,5,4,5,3,1,2,4,1,1,2,1,4,4,1,3,3,3,2,3,1,Does not change
3209,No,Yes,More anxious about side effects,4,4,5,1,3,4,3,4,1,4,1,3,2,2,3,3,5,1,4,2,1,Does not change
1731,No,Yes,More motivated to protect others,5,5,4,1,2,3,2,5,2,2,1,1,2,4,4,3,5,5,3,1,5,Does not change
4579,No,No,NA,3,4,3,4,4,4,3,3,4,3,2,2,2,4,5,5,4,4,4,4,1,Does not change
3871,No,Yes,No strong feelings (neutral),5,3,5,5,3,4,3,3,2,5,3,4,3,2,5,4,4,3,4,4,3,Does not change
4950,Yes,Yes,No strong feelings (neutral),5,3,5,3,5,5,5,5,2,1,1,5,2,1,2,2,2,2,2,5,2,Positive
269,No,No,Overwhelmed,4,1,3,2,3,3,2,5,5,3,1,4,5,1,5,4,1,1,1,5,3,Much more positive
1514,Yes,No,More confident in vaccines,4,5,5,4,3,5,1,1,3,5,3,1,1,1,3,1,1,1,1,1,3,Positive
4778,No,Yes,No strong feelings (neutral),3,4,5,5,5,5,1,2,3,3,3,2,2,3,5,2,1,1,2,1,4,Positive
1758,No,Yes,Overwhelmed,1,3,3,2,4,2,4,4,3,3,1,5,4,5,5,5,3,4,2,1,3,Does not change
3791,No,Yes,More motivated to protect others,4,4,1,3,4,5,4,3,3,3,3,3,1,3,3,1,2,3,3,1,2,Does not change
4000,No,No,More confident in vaccines,5,5,5,4,4,4,1,3,3,1,3,3,1,5,3,2,2,3,2,2,1,Much more positive
3703,Yes,Yes,No strong feelings (neutral),3,1,4,3,3,2,4,5,2,2,1,2,1,1,1,3,3,4,1,4,2,Does not change
559,No,Yes,NA,2,5,5,5,3,4,3,3,1,3,2,1,4,1,5,5,5,4,1,2,4,Does not change
4202,No,Yes,No strong feelings (neutral),5,3,4,5,4,4,4,1,4,2,1,1,3,2,3,1,1,2,4,1,1,Does not change
413,Yes,Yes,No strong feelings (neutral),3,2,5,2,3,5,3,2,3,5,2,5,2,3,2,5,4,5,5,2,3,Much more positive
2413,Yes,No,No strong feelings (neutral),1,2,5,1,1,3,1,3,2,3,5,5,5,3,4,3,4,1,3,5,4,Does not change
941,No,Yes,More confident in vaccines,5,3,3,3,2,5,2,3,2,4,1,1,1,1,2,3,2,1,1,1,4,Does not change
2315,No,Yes,NA,5,2,2,1,1,5,4,1,2,4,5,5,5,5,5,1,1,5,3,5,2,Does not change
1103,Yes,No,More confident in vaccines,2,4,4,2,5,2,3,3,3,1,1,2,2,5,3,3,3,2,3,2,1,Positive
3912,Yes,No,No strong feelings (neutral),4,5,2,4,4,5,5,4,5,2,4,3,1,3,3,1,3,2,3,4,5,Positive
4092,Yes,No,No strong feelings (neutral),4,2,5,4,5,5,1,2,2,2,5,2,1,3,3,4,2,3,3,4,4,Does not change
420,No,No,No strong feelings (neutral),4,4,3,3,2,5,5,2,4,4,2,3,3,2,2,4,1,3,1,2,4,Negative
4896,Yes,Yes,More confident in vaccines,4,3,4,1,2,2,5,4,4,4,3,4,4,5,4,1,5,3,3,4,3,Positive
833,Yes,No,More confident in vaccines,4,4,5,2,5,2,5,4,4,2,4,1,3,4,1,1,3,3,3,4,2,Does not change
691,Yes,Yes,No strong feelings (neutral),4,3,4,1,4,1,2,3,2,3,4,5,3,3,4,3,5,1,4,4,4,Positive
1673,Yes,Yes,No strong feelings (neutral),5,2,5,5,5,5,2,4,1,2,1,1,1,1,2,1,4,2,2,3,2,Does not change
4479,No,No,No strong feelings (neutral),4,3,4,3,3,3,2,2,1,1,4,2,2,5,4,1,3,2,4,3,4,Does not change
3750,No,Yes,More confident in vaccines,2,3,3,2,4,2,2,4,1,1,3,4,2,1,1,1,2,1,4,4,1,Much more positive
454,No,No,More confident in vaccines,2,1,2,5,1,4,5,2,2,2,3,3,3,1,5,5,3,1,3,1,3,Positive
3966,Yes,No,More confident in vaccines,4,5,4,5,4,4,2,4,4,1,3,1,2,1,5,1,2,4,2,4,1,Much more positive
3854,No,Yes,No strong feelings (neutral),1,5,4,1,1,2,5,4,1,3,1,3,5,1,2,5,4,4,5,3,1,Does not change
4841,Yes,Yes,No strong feelings (neutral),3,1,2,4,3,2,5,5,4,4,2,4,5,4,3,2,2,5,5,4,3,Does not change
1574,Yes,No,No strong feelings (neutral),2,1,4,2,5,1,3,4,3,1,1,4,2,2,3,3,3,2,5,3,5,Does not change
1834,No,Yes,No strong feelings (neutral),5,3,5,5,5,5,3,1,1,3,4,4,1,3,4,2,3,3,2,1,1,Positive
901,Yes,No,No strong feelings (neutral),2,2,5,1,1,1,1,4,1,5,5,2,3,2,3,1,2,5,4,3,1,Does not change
581,No,Yes,"More motivated to protect others, More anxious about side effects",4,3,3,4,5,5,2,4,2,5,2,2,1,2,3,4,1,3,3,4,2,Does not change
274,No,No,No strong feelings (neutral),5,4,3,4,3,3,4,3,2,3,1,2,5,1,5,3,4,3,4,3,2,Does not change
4989,Yes,Yes,More motivated to protect others,3,5,3,4,2,5,2,3,5,5,2,2,1,1,1,1,1,2,1,1,3,Much more positive
400,Yes,Yes,No strong feelings (neutral),4,1,5,2,4,1,4,4,2,1,5,4,4,2,2,2,1,3,5,2,2,Does not change
4285,No,No,NA,5,4,4,3,3,3,2,1,3,4,1,1,3,4,4,2,3,4,4,5,4,Does not change
916,No,No,No strong feelings (neutral),4,2,3,4,2,1,1,1,3,2,1,2,2,2,1,4,1,1,4,5,3,Does not change
4991,No,No,No strong feelings (neutral),2,4,3,4,5,5,4,2,3,4,5,3,4,4,2,1,3,1,4,1,5,Does not change
178,No,No,No strong feelings (neutral),3,3,1,4,5,2,3,1,4,4,4,5,5,5,5,4,1,4,2,5,4,Does not change
3970,No,No,No strong feelings (neutral),1,3,2,4,2,2,3,4,4,4,5,3,5,5,4,4,5,5,3,4,1,Does not change
754,No,Yes,No strong feelings (neutral),3,3,3,2,5,5,3,4,4,2,1,1,4,2,1,4,4,2,2,3,4,Does not change
2516,Yes,No,More confident in vaccines,2,4,5,5,3,5,3,2,3,2,2,4,1,2,2,3,2,3,3,5,1,Much more positive
2702,Yes,Yes,More confident in vaccines,3,4,5,2,5,5,4,3,1,4,4,2,1,2,4,4,2,2,2,1,1,Does not change
966,Yes,Yes,No strong feelings (neutral),4,1,2,1,4,3,3,2,5,1,4,2,4,1,3,2,3,1,2,1,1,Positive
2382,No,No,No strong feelings (neutral),4,2,4,5,3,4,1,4,2,1,4,1,5,3,4,5,1,4,2,3,5,Positive
1112,Yes,No,More motivated to protect others,3,3,2,4,5,5,2,4,4,3,4,2,4,3,3,1,1,3,1,3,4,Does not change
4287,No,No,No strong feelings (neutral),2,4,5,3,4,5,4,4,4,5,1,3,5,4,2,3,2,5,3,4,2,Does not change
4254,No,No,No strong feelings (neutral),1,1,5,3,4,1,4,1,2,3,5,4,1,3,1,3,2,3,4,3,5,Does not change
4955,No,Yes,No strong feelings (neutral),4,4,3,5,3,2,3,1,2,4,1,3,2,4,4,1,4,4,2,3,4,Does not change
3910,No,No,No strong feelings (neutral),3,1,2,4,5,2,5,5,3,5,3,1,3,3,5,4,4,4,5,5,4,Does not change
2876,No,Yes,More confident in vaccines,3,4,4,1,4,3,5,2,3,4,1,3,5,3,3,3,5,2,3,3,2,Does not change
4524,No,No,No strong feelings (neutral),2,1,3,2,4,4,2,4,2,4,4,4,5,4,5,5,5,2,1,5,5,Does not change
2150,No,Yes,No strong feelings (neutral),5,1,4,2,3,4,4,4,1,1,5,1,3,1,2,4,4,4,2,4,3,Does not change
2104,No,Yes,Overwhelmed,5,1,3,2,4,2,5,1,1,3,1,4,1,4,5,1,1,4,4,3,5,Does not change
593,No,No,No strong feelings (neutral),3,2,2,4,2,3,4,3,1,1,3,2,3,5,2,4,1,5,3,3,2,Does not change
3867,Yes,Yes,More motivated to protect others,5,3,3,4,5,5,1,3,2,4,1,2,1,2,2,1,2,1,4,2,2,Much more positive
3786,No,Yes,No strong feelings (neutral),5,5,5,4,5,4,3,5,3,1,3,1,1,2,2,1,1,2,1,1,2,Does not change
3993,No,Yes,More confident in vaccines,4,3,2,2,1,3,3,3,3,1,3,3,2,3,1,3,3,2,2,4,4,Positive
2320,Yes,Yes,Overwhelmed,4,3,5,5,4,5,2,1,5,2,3,1,1,2,4,3,1,1,4,2,3,Does not change
2782,No,Yes,No strong feelings (neutral),5,5,3,4,1,4,3,4,2,1,1,1,2,1,1,5,1,1,1,1,2,Positive
2378,Yes,No,NA,3,5,1,3,4,4,3,3,3,2,1,4,2,1,4,1,1,1,4,2,4,Does not change
3344,Yes,Yes,More confident in vaccines,3,5,4,5,5,5,5,2,4,1,2,4,2,2,3,1,3,1,1,3,3,Much more negative
121,No,No,No strong feelings (neutral),3,4,3,4,3,1,4,2,1,3,2,4,5,2,2,3,2,5,2,1,3,Does not change
2368,No,No,No strong feelings (neutral),5,3,4,1,4,2,4,2,2,4,3,3,5,4,2,4,3,1,2,2,1,Does not change
179,Yes,No,Overwhelmed,2,2,1,5,3,4,5,3,5,2,1,1,3,1,5,1,5,1,3,1,4,Positive
3535,No,Yes,More motivated to protect others,5,2,2,5,5,3,1,3,3,3,1,1,3,1,2,3,3,1,2,2,2,Does not change
912,No,Yes,NA,4,1,1,3,2,5,2,5,1,1,4,4,1,4,4,2,3,3,3,4,5,Does not change
2940,Yes,Yes,More confident in vaccines,2,1,4,5,5,4,3,2,4,3,4,4,2,4,4,3,3,1,4,3,1,Positive
572,Yes,Yes,More confident in vaccines,4,5,5,1,5,5,3,3,5,1,3,3,1,3,1,4,1,2,3,2,3,Much more positive
4717,No,No,No strong feelings (neutral),5,2,1,2,3,3,5,4,1,2,5,5,2,1,2,1,1,4,3,2,3,Does not change
1614,Yes,No,More motivated to protect others,5,4,1,4,5,5,3,4,2,3,2,1,1,3,1,3,3,3,3,1,2,Does not change
2517,No,No,No strong feelings (neutral),4,4,5,3,5,4,2,5,3,3,2,3,4,2,2,4,3,4,1,3,3,Positive
436,No,No,NA,1,3,2,3,2,2,4,3,3,3,1,3,5,4,3,3,4,3,5,3,4,Positive
1020,No,No,NA,1,1,2,4,1,2,5,4,3,5,1,3,2,3,3,5,3,4,5,5,4,Does not change
3972,Yes,Yes,NA,5,3,5,5,5,4,4,2,2,2,4,5,4,1,3,3,4,3,1,4,3,Positive
2047,Yes,Yes,More motivated to protect others,5,4,5,3,4,4,2,2,2,1,4,3,2,1,1,4,1,4,1,1,2,Does not change
1936,Yes,Yes,More motivated to protect others,4,4,4,4,5,5,3,4,2,4,1,1,1,1,1,2,4,1,1,1,4,Much more negative
199,Yes,No,No strong feelings (neutral),3,5,1,1,5,1,3,1,1,4,2,5,5,2,5,2,3,4,3,5,4,Does not change
2035,Yes,Yes,"More confident in vaccines, Overwhelmed",4,2,2,2,1,2,2,2,4,4,2,2,2,1,5,3,5,2,1,2,3,Positive
4186,Yes,Yes,No strong feelings (neutral),3,3,3,2,1,3,1,4,2,2,2,2,3,3,4,3,2,2,1,1,3,Does not change
1094,No,Yes,More anxious about side effects,4,5,2,5,3,2,5,4,1,4,4,1,2,4,2,4,1,2,2,4,4,Positive
3335,No,Yes,More motivated to protect others,5,3,4,3,2,3,4,3,4,3,1,1,4,3,2,1,4,3,2,1,3,Much more negative
837,No,No,No strong feelings (neutral),3,5,4,5,4,1,3,2,4,4,4,4,2,1,1,3,4,4,2,3,5,Positive
446,Yes,No,More anxious about side effects,3,5,2,5,3,2,2,3,4,5,5,1,4,3,1,1,3,1,2,2,4,Much more positive
1264,Yes,Yes,More confident in vaccines,5,5,5,3,5,5,2,4,4,1,1,1,1,1,3,1,2,1,3,1,1,Positive
4346,Yes,Yes,More confident in vaccines,5,5,5,4,4,5,4,5,3,3,4,1,4,5,3,2,1,1,2,3,3,Does not change
1599,Yes,Yes,More confident in vaccines,4,3,1,5,2,4,2,5,2,1,2,3,3,1,2,4,1,1,3,1,4,Does not change
701,No,No,More anxious about side effects,3,4,3,5,4,4,2,2,4,2,3,3,1,3,4,2,2,1,1,4,4,Does not change
4062,No,No,No strong feelings (neutral),4,5,2,4,5,2,1,2,4,5,1,1,4,2,3,2,2,2,1,3,5,Does not change
2429,No,No,NA,2,3,1,2,1,2,5,3,4,4,5,1,5,3,4,4,1,3,5,4,5,Does not change
459,No,No,NA,3,2,3,1,4,4,4,2,2,3,2,2,3,3,2,4,1,2,3,3,5,Does not change
3438,Yes,Yes,More confident in vaccines,3,3,5,5,3,2,3,4,4,1,3,3,3,4,1,2,3,4,3,4,2,Positive
1849,No,No,More confident in vaccines,4,2,1,2,1,1,3,1,4,3,2,3,5,1,5,5,4,5,1,3,1,Does not change
2272,No,No,No strong feelings (neutral),4,4,3,3,3,3,4,3,5,3,4,3,2,4,5,1,2,4,5,5,4,Does not change
3271,Yes,No,NA,4,4,3,2,4,5,5,4,3,4,4,1,1,1,3,1,2,2,2,5,4,Negative
2578,Yes,Yes,No strong feelings (neutral),3,4,4,2,5,4,4,1,2,3,3,2,5,1,2,3,1,2,1,1,1,Does not change
3942,Yes,Yes,More confident in vaccines,5,5,4,4,2,4,5,3,3,3,3,3,3,2,1,4,1,3,3,1,1,Negative
2228,Yes,Yes,More confident in vaccines,5,4,1,5,2,4,2,3,1,2,1,4,3,1,5,1,1,3,1,3,1,Much more negative
1289,Yes,No,No strong feelings (neutral),3,3,5,5,5,4,4,4,2,5,3,3,3,1,2,5,2,5,2,4,4,Does not change
4269,No,No,No strong feelings (neutral),2,5,4,5,5,3,4,5,5,4,3,4,2,4,3,3,5,1,2,3,3,Does not change
3110,Yes,Yes,More motivated to protect others,5,5,5,3,5,1,4,4,3,1,3,1,3,1,3,2,2,2,3,3,2,Does not change
248,Yes,Yes,More motivated to protect others,3,4,5,4,4,3,4,2,3,2,1,1,1,1,5,2,1,2,3,3,3,Does not change
3436,Yes,No,No strong feelings (neutral),1,4,1,5,1,3,2,4,3,4,2,3,3,5,2,2,2,3,5,4,3,Does not change
1588,No,Yes,No strong feelings (neutral),3,3,4,3,3,4,4,3,2,3,2,3,2,4,3,4,2,1,1,3,3,Much more negative
3028,No,Yes,No strong feelings (neutral),5,5,5,3,2,5,4,3,3,2,3,3,2,1,5,1,4,3,5,1,3,Does not change
708,No,No,No strong feelings (neutral),5,3,2,1,3,5,2,1,3,5,5,3,5,5,4,5,4,2,4,4,2,Does not change
235,Yes,Yes,More confident in vaccines,3,3,4,5,5,3,4,2,1,1,3,2,3,2,2,3,1,4,2,1,1,Much more positive
747,No,Yes,More confident in vaccines,5,4,1,5,3,3,3,5,3,2,4,1,4,1,3,2,3,5,3,1,3,Positive
4581,Yes,Yes,More motivated to protect others,3,2,3,2,1,3,2,5,3,5,4,4,1,2,4,2,3,1,1,3,4,Positive
1787,No,No,No strong feelings (neutral),2,1,1,4,5,3,1,2,5,4,5,2,4,4,2,3,2,3,5,3,5,Does not change
2312,Yes,Yes,More anxious about side effects,4,5,4,1,4,5,3,4,3,4,2,3,1,1,3,4,3,4,5,3,1,Does not change
3305,No,No,No strong feelings (neutral),4,4,2,2,1,1,2,2,5,2,4,4,5,3,4,5,3,4,3,3,5,Much more negative
1024,No,Yes,No strong feelings (neutral),1,5,4,5,5,5,3,4,4,3,1,4,1,4,3,3,3,3,3,1,2,Does not change
4889,Yes,Yes,More confident in vaccines,4,5,5,5,4,5,1,4,5,2,4,1,2,5,1,5,5,1,2,2,2,Does not change
1822,Yes,Yes,More confident in vaccines,3,3,4,3,5,3,5,4,3,4,1,1,1,3,3,4,4,1,3,3,1,Does not change
849,Yes,Yes,"More confident in vaccines, Overwhelmed",3,1,4,2,2,3,2,1,3,5,3,2,2,4,5,5,2,5,3,4,1,Positive
619,Yes,Yes,More confident in vaccines,3,5,2,3,5,5,2,4,3,2,5,4,3,3,3,1,5,4,1,2,1,Does not change
2987,No,Yes,NA,1,4,4,5,4,2,2,1,5,2,2,1,1,3,2,2,3,5,3,2,1,Does not change
3743,No,Yes,No strong feelings (neutral),4,3,3,3,2,4,5,4,2,4,1,3,2,3,3,1,2,2,2,5,1,Does not change
3635,No,No,NA,2,2,4,1,4,1,3,3,2,5,4,3,5,2,4,3,4,2,5,4,4,Does not change
2954,No,No,No strong feelings (neutral),3,3,4,3,2,1,1,1,3,3,5,1,3,3,1,4,2,4,3,4,2,Does not change
3053,No,Yes,"More confident in vaccines, Overwhelmed",4,1,5,3,2,2,5,5,3,5,2,1,3,3,4,5,2,5,5,5,3,Does not change
730,Yes,Yes,Overwhelmed,3,4,3,1,3,2,1,4,1,1,3,2,3,4,4,4,5,5,4,5,3,Much more positive
4157,Yes,Yes,No strong feelings (neutral),4,5,3,5,4,2,3,4,1,1,3,4,1,3,1,2,4,2,2,1,1,Positive
4737,No,No,No strong feelings (neutral),1,2,1,5,3,5,4,3,1,2,1,2,4,1,3,1,2,1,3,4,1,Much more positive
2227,No,Yes,"More motivated to protect others, More confident in vaccines",5,2,5,5,3,4,4,3,1,3,3,1,4,1,3,2,2,1,2,3,4,Does not change
4016,No,Yes,No strong feelings (neutral),3,3,3,5,3,5,4,2,4,4,2,4,2,1,1,4,5,3,3,1,3,Much more negative
1771,Yes,No,More confident in vaccines,5,4,4,4,4,5,3,4,5,2,3,1,4,1,2,1,2,3,3,1,1,Does not change
4319,Yes,Yes,More confident in vaccines,5,5,5,2,4,3,4,1,3,4,1,5,3,1,5,2,3,1,1,1,3,Does not change
4863,Yes,Yes,Overwhelmed,3,2,2,2,3,2,3,5,3,1,2,2,2,4,5,5,5,5,3,3,4,Positive
223,No,Yes,"More motivated to protect others, More anxious about side effects",3,3,5,2,2,5,2,1,5,5,5,3,1,4,2,1,5,2,1,1,2,Does not change
3789,Yes,No,NA,5,5,5,3,4,3,4,2,1,4,3,4,4,1,3,3,3,1,3,5,3,Does not change
2027,Yes,Yes,More confident in vaccines,4,4,4,3,4,3,2,5,5,2,1,2,2,3,2,2,1,3,4,1,4,Positive
1676,Yes,No,No strong feelings (neutral),4,3,4,4,1,2,1,1,3,5,3,4,4,5,4,5,3,3,2,4,3,Does not change
1257,No,No,No strong feelings (neutral),4,2,5,2,3,3,2,2,2,2,5,2,3,3,3,2,3,5,2,1,1,Much more negative
2164,No,Yes,No strong feelings (neutral),2,5,4,4,5,2,3,2,4,3,4,4,3,5,1,3,5,5,2,3,3,Does not change
4473,No,Yes,No strong feelings (neutral),5,4,5,4,2,3,3,2,5,3,1,4,3,2,3,5,1,2,1,4,2,Positive
1801,No,No,Overwhelmed,5,3,3,5,5,1,2,1,4,4,1,1,4,2,4,3,5,3,4,2,5,Does not change
1720,Yes,Yes,More confident in vaccines,2,5,2,1,3,3,3,2,2,3,4,5,5,5,4,2,5,4,2,4,5,Does not change
2684,Yes,No,Overwhelmed,5,4,1,5,4,5,5,3,3,1,5,3,4,2,5,4,5,2,1,1,3,Does not change
4124,Yes,Yes,More anxious about side effects,5,3,5,5,5,5,3,3,1,2,3,1,1,1,4,3,4,3,2,5,3,Positive
3816,No,No,No strong feelings (neutral),5,2,4,4,4,2,3,3,5,3,3,1,3,3,2,3,2,3,1,2,2,Does not change
434,Yes,Yes,No strong feelings (neutral),2,5,1,4,3,2,4,1,1,1,3,3,1,2,3,2,4,1,3,2,2,Does not change
2586,Yes,Yes,No strong feelings (neutral),4,5,5,1,5,3,3,1,2,1,2,3,1,1,1,3,1,3,2,1,2,Positive
287,Yes,Yes,More confident in vaccines,5,5,5,5,5,4,3,1,1,2,1,1,1,3,1,2,1,1,2,1,1,Positive
2755,No,Yes,More confident in vaccines,4,5,4,4,2,5,2,4,1,1,2,1,2,1,2,3,1,1,1,2,1,Much more positive
1294,Yes,No,"More confident in vaccines, Overwhelmed",1,2,4,2,2,3,2,5,2,2,2,3,5,3,5,5,2,4,1,2,3,Much more negative
1045,No,No,More motivated to protect others,2,5,5,4,5,5,4,5,4,2,2,1,1,1,1,1,2,2,1,2,2,Negative
3326,Yes,No,NA,2,5,3,4,4,4,4,5,1,3,1,1,1,1,3,3,2,1,4,4,2,Does not change
3234,Yes,Yes,No strong feelings (neutral),5,3,3,2,3,5,3,5,5,5,2,4,1,3,5,1,3,4,5,1,3,Does not change
2492,No,No,No strong feelings (neutral),3,4,5,3,1,5,1,3,4,2,1,4,3,3,4,4,2,3,1,3,2,Does not change
4418,No,Yes,No strong feelings (neutral),5,2,3,4,5,5,3,3,5,2,2,1,1,1,3,1,5,2,2,4,3,Does not change
4967,Yes,Yes,More confident in vaccines,5,1,3,5,5,4,4,5,5,1,4,5,5,1,2,1,2,1,1,2,1,Does not change
746,No,Yes,No strong feelings (neutral),1,3,2,4,3,1,4,5,1,4,1,3,5,1,5,2,5,4,1,2,2,Much more negative
1215,No,No,No strong feelings (neutral),3,5,4,4,5,5,2,3,5,2,4,1,1,1,3,3,1,3,4,4,3,Does not change
2353,Yes,Yes,More motivated to protect others,3,5,1,3,5,1,1,4,3,3,4,2,1,4,4,2,2,3,3,4,5,Does not change
1327,No,Yes,More confident in vaccines,3,2,5,5,5,4,4,2,4,3,3,1,2,2,1,1,4,3,3,1,3,Much more positive
3499,Yes,Yes,More confident in vaccines,5,2,5,5,4,5,4,3,2,4,2,2,1,3,1,2,3,3,4,3,1,Negative
4484,No,Yes,More confident in vaccines,5,5,5,5,1,3,3,2,3,2,5,5,2,4,4,4,1,3,4,1,1,Negative
1328,Yes,Yes,"More confident in vaccines, Overwhelmed",5,3,4,2,3,1,2,1,5,1,5,4,2,4,5,2,3,5,1,3,2,Positive
2293,Yes,Yes,No strong feelings (neutral),5,4,3,4,4,5,3,5,3,2,4,2,2,2,4,2,4,2,2,3,2,Does not change
3160,No,No,No strong feelings (neutral),5,5,3,5,2,5,3,2,3,1,4,4,4,4,5,3,4,5,5,3,4,Much more positive
3741,Yes,No,No strong feelings (neutral),3,4,5,5,3,5,3,5,4,3,1,4,1,1,4,3,5,3,2,2,3,Positive
3764,Yes,No,Overwhelmed,2,1,2,5,2,2,4,4,3,3,4,3,1,5,5,5,5,2,2,3,1,Does not change
4616,Yes,Yes,No strong feelings (neutral),4,5,4,4,3,5,2,2,2,2,1,3,4,2,4,5,2,1,4,2,3,Does not change
218,No,Yes,No strong feelings (neutral),1,3,2,3,4,5,5,5,3,3,5,2,4,2,2,4,4,4,4,4,1,Does not change
3061,No,No,No strong feelings (neutral),2,2,3,4,4,4,5,3,4,2,1,4,1,4,2,5,2,5,1,3,4,Much more negative
1280,No,No,No strong feelings (neutral),5,1,2,5,3,1,1,2,4,3,3,3,1,3,4,5,5,5,4,1,4,Does not change
3459,Yes,No,More confident in vaccines,5,5,3,3,3,4,4,2,4,1,1,1,2,1,1,1,1,2,5,1,1,Does not change
2223,Yes,No,"Overwhelmed, More anxious about side effects",3,4,5,3,4,3,4,5,3,1,1,5,1,2,5,1,2,3,2,3,4,Negative
1715,No,No,No strong feelings (neutral),4,1,2,3,2,2,5,3,3,4,4,5,3,3,2,4,2,2,4,3,5,Does not change
377,No,No,No strong feelings (neutral),4,2,3,3,5,5,4,5,3,2,4,3,2,1,1,4,1,1,2,4,2,Does not change
2198,No,Yes,More confident in vaccines,3,4,3,3,2,4,2,2,2,4,2,3,3,3,5,2,2,4,1,2,5,Positive
3895,Yes,No,More confident in vaccines,1,2,5,2,1,3,3,5,2,5,5,2,1,1,3,2,3,4,1,4,2,Does not change
4396,No,Yes,More anxious about side effects,4,4,5,4,5,4,4,4,4,1,2,1,3,1,2,2,2,3,3,3,1,Does not change
3996,Yes,No,More confident in vaccines,4,5,1,3,3,4,3,4,4,1,1,1,3,5,4,2,2,2,2,1,2,Does not change
2152,No,Yes,Overwhelmed,1,3,5,2,4,5,5,4,1,3,4,2,3,2,5,4,3,2,5,3,3,Does not change
3643,No,No,No strong feelings (neutral),1,4,1,3,1,1,4,4,4,4,5,5,4,1,4,4,5,4,3,1,5,Does not change
1896,Yes,No,No strong feelings (neutral),3,5,2,2,4,5,2,5,3,3,2,4,3,4,3,1,2,2,2,1,1,Does not change
2448,Yes,Yes,More confident in vaccines,3,4,3,1,1,1,2,3,3,2,4,3,1,4,4,4,3,2,4,4,3,Does not change
3198,Yes,No,No strong feelings (neutral),4,4,2,3,5,4,3,4,3,4,5,2,5,1,5,2,1,5,2,2,3,Does not change
4838,Yes,No,More confident in vaccines,5,1,2,2,3,3,3,2,1,3,5,5,3,5,3,3,3,4,5,4,5,Does not change
4662,Yes,Yes,More confident in vaccines,5,5,2,5,5,3,3,2,4,1,1,4,5,1,2,5,1,2,1,1,5,Does not change
3013,No,No,No strong feelings (neutral),4,1,3,4,1,2,4,3,4,1,4,4,3,5,5,4,3,5,2,5,3,Negative
2963,Yes,Yes,More confident in vaccines,5,3,4,2,4,5,5,2,5,2,3,4,3,1,2,2,1,2,2,2,2,Positive
2170,No,Yes,More confident in vaccines,3,4,4,2,2,5,1,3,3,4,3,4,3,3,5,4,3,4,5,4,3,Does not change
2703,No,No,No strong feelings (neutral),1,3,3,1,2,2,3,3,3,5,3,5,3,3,4,3,3,5,5,2,5,Positive
305,No,No,No strong feelings (neutral),4,4,4,5,3,5,2,2,3,4,3,4,1,3,1,2,2,2,4,4,4,Does not change
2268,Yes,No,More confident in vaccines,3,5,4,5,1,4,5,3,5,5,2,3,3,2,2,1,1,2,3,3,4,Much more negative
3085,No,No,More motivated to protect others,4,4,5,3,4,3,3,2,2,5,5,1,1,2,4,3,3,2,3,4,2,Positive
2551,No,No,No strong feelings (neutral),1,4,5,5,1,3,3,5,3,4,5,4,1,4,3,3,4,2,4,4,2,Does not change
234,No,No,No strong feelings (neutral),3,4,2,3,4,2,4,2,4,2,5,5,3,5,5,4,3,2,5,4,4,Does not change
2229,No,No,No strong feelings (neutral),3,2,4,4,1,1,2,5,2,5,2,4,2,1,2,4,4,5,4,4,3,Does not change
4027,Yes,Yes,More motivated to protect others,4,1,3,3,4,3,3,4,2,4,1,2,4,3,4,1,2,5,3,3,2,Much more positive
3333,Yes,No,"More confident in vaccines, More anxious about side effects",1,2,5,5,3,4,5,4,4,4,3,5,4,4,2,5,3,1,5,4,4,Positive
339,Yes,Yes,No strong feelings (neutral),5,5,4,3,4,2,4,2,4,3,2,1,5,4,1,2,3,4,5,4,4,Negative
219,Yes,Yes,More motivated to protect others,5,5,5,5,1,2,3,3,4,2,1,2,2,1,3,4,2,2,5,1,1,Negative
3298,Yes,Yes,More confident in vaccines,5,1,2,5,2,5,3,1,3,3,4,3,3,1,4,3,2,4,4,1,1,Does not change
1295,No,No,NA,1,4,2,5,5,3,2,3,3,1,1,1,5,3,3,4,1,4,5,1,2,Negative
1071,No,Yes,More motivated to protect others,2,5,5,5,4,5,2,5,3,2,5,3,1,5,2,3,5,1,3,2,1,Positive
1853,Yes,No,No strong feelings (neutral),3,4,1,1,4,4,2,4,3,4,2,4,3,2,2,4,3,3,5,3,3,Does not change
4862,Yes,No,No strong feelings (neutral),4,2,2,5,1,1,4,2,1,5,4,3,2,4,2,4,3,2,4,5,4,Much more negative
2814,No,Yes,No strong feelings (neutral),5,4,5,5,4,2,5,2,1,1,1,1,3,2,3,2,1,4,3,1,4,Does not change
2327,Yes,No,Overwhelmed,4,5,1,3,5,5,2,4,2,5,1,4,1,3,5,2,1,3,3,2,3,Does not change
2033,No,Yes,"More confident in vaccines, More anxious about side effects",4,4,5,4,2,2,3,3,1,1,4,3,2,3,2,3,3,4,1,2,3,Does not change
1009,No,No,No strong feelings (neutral),3,4,3,4,3,4,5,5,3,4,3,3,1,3,2,4,3,5,2,5,1,Negative
2181,No,Yes,More confident in vaccines,5,5,4,3,5,3,5,1,2,3,4,2,1,4,2,1,3,1,1,1,4,Does not change
49,No,No,No strong feelings (neutral),3,4,4,5,5,3,5,5,5,1,4,3,2,1,3,3,1,1,1,1,1,Does not change
1490,No,No,No strong feelings (neutral),4,5,2,3,5,2,2,2,3,2,2,3,3,5,3,2,2,2,2,4,2,Much more negative
3832,Yes,Yes,No strong feelings (neutral),1,5,4,4,5,1,4,3,4,1,2,1,2,4,4,5,3,4,2,4,3,Does not change
478,No,Yes,No strong feelings (neutral),3,3,5,5,5,5,1,1,2,2,1,3,5,2,4,2,2,2,4,3,5,Does not change
2220,No,No,NA,2,1,5,5,2,3,2,4,4,3,2,1,2,4,4,2,3,3,3,3,1,Does not change
327,Yes,Yes,More confident in vaccines,5,2,2,2,3,3,3,1,2,5,1,2,3,3,1,2,2,1,2,4,4,Positive
1904,Yes,Yes,No strong feelings (neutral),4,4,3,3,1,3,1,1,4,3,2,4,2,4,3,3,4,3,1,2,1,Does not change
2186,Yes,No,NA,4,1,2,2,4,4,5,5,4,1,3,4,4,3,4,5,4,2,2,3,1,Positive
4649,Yes,No,Overwhelmed,3,5,2,2,3,4,3,2,2,2,5,3,4,2,5,3,3,3,5,4,1,Positive
4725,No,Yes,No strong feelings (neutral),3,5,4,2,3,2,4,5,2,3,3,1,2,5,3,3,1,2,4,1,2,Negative
3656,No,Yes,No strong feelings (neutral),3,5,5,2,4,1,3,3,4,1,2,5,2,3,3,1,3,3,4,2,4,Does not change
1846,No,Yes,No strong feelings (neutral),3,4,2,2,1,4,2,1,3,3,5,5,5,5,5,3,3,2,1,4,1,Does not change
753,Yes,No,No strong feelings (neutral),1,4,1,3,3,4,2,2,2,4,5,5,5,5,1,5,5,2,4,4,5,Positive
3987,No,Yes,No strong feelings (neutral),3,4,4,1,5,5,3,4,1,3,1,5,5,3,1,5,1,3,2,4,5,Positive
393,Yes,Yes,More motivated to protect others,2,5,3,5,5,3,5,5,3,4,1,1,1,3,3,1,1,2,2,3,2,Much more negative
3425,Yes,No,NA,5,2,5,4,5,3,5,5,3,3,2,3,1,3,2,1,1,2,2,2,3,Does not change
2366,Yes,Yes,More confident in vaccines,3,4,5,1,5,4,3,2,2,1,5,3,1,3,2,4,1,1,3,3,3,Negative
2661,No,No,More confident in vaccines,3,5,4,4,5,5,5,5,1,1,1,3,1,4,1,1,1,2,1,1,2,Much more negative
105,Yes,Yes,No strong feelings (neutral),5,4,5,5,5,5,3,2,1,1,3,1,1,4,2,1,1,4,3,1,1,Negative
45,Yes,Yes,More confident in vaccines,4,5,5,2,2,2,3,3,5,3,2,1,4,4,4,2,2,2,2,4,3,Much more positive
3882,No,No,No strong feelings (neutral),3,2,1,5,5,5,2,4,3,2,2,2,2,2,3,1,3,5,3,5,3,Positive
4224,Yes,No,No strong feelings (neutral),5,5,5,5,1,1,2,2,4,5,3,4,4,1,4,5,5,2,2,3,3,Does not change
526,Yes,No,More motivated to protect others,5,5,4,1,5,5,3,2,2,4,1,4,2,1,3,3,4,3,1,1,3,Negative
3069,No,No,No strong feelings (neutral),4,2,4,2,4,4,4,1,2,5,4,3,4,1,4,3,5,4,4,2,3,Does not change
3670,No,Yes,Overwhelmed,2,5,4,3,5,5,2,2,3,1,3,1,2,4,4,4,4,5,5,1,3,Positive
2784,Yes,No,No strong feelings (neutral),4,3,3,3,5,4,1,3,4,3,3,4,5,4,3,2,2,4,2,4,4,Negative
1054,No,Yes,More motivated to protect others,5,5,5,5,5,5,3,4,1,2,1,3,1,4,3,1,3,1,4,1,4,Much more negative
4823,Yes,Yes,No strong feelings (neutral),4,5,2,5,5,4,4,2,5,3,3,2,4,1,2,2,3,2,3,2,3,Does not change
1879,No,Yes,No strong feelings (neutral),3,1,5,5,4,3,4,2,3,5,1,5,2,4,4,2,1,5,3,2,3,Does not change
1955,Yes,No,Overwhelmed,3,3,3,3,1,2,4,3,3,3,2,2,2,4,3,3,1,2,3,2,3,Negative
948,No,No,No strong feelings (neutral),2,3,3,3,4,2,3,5,1,1,2,4,5,5,2,2,1,1,1,3,2,Much more negative
4241,Yes,Yes,More anxious about side effects,5,2,2,5,5,2,4,2,2,3,5,5,3,3,2,5,4,4,4,4,5,Does not change
4530,Yes,No,No strong feelings (neutral),5,3,4,2,5,3,3,1,5,1,2,3,1,1,3,2,1,3,1,2,3,Does not change
3363,Yes,Yes,More confident in vaccines,4,5,4,3,5,5,2,4,1,2,4,1,5,2,5,2,1,5,5,2,3,Does not change
1559,Yes,Yes,More confident in vaccines,5,5,2,5,5,4,3,2,2,1,3,1,3,1,2,2,3,1,1,3,1,Much more positive
3924,Yes,Yes,More confident in vaccines,3,5,1,3,5,2,2,3,2,1,2,1,3,4,2,5,5,3,4,3,2,Does not change
1785,Yes,Yes,No strong feelings (neutral),5,2,2,2,2,5,2,3,3,3,1,2,3,4,4,3,4,3,1,4,3,Much more negative
3157,Yes,No,No strong feelings (neutral),3,3,3,4,4,3,3,3,4,5,3,5,4,4,4,3,3,3,4,5,4,Does not change
2645,No,Yes,Overwhelmed,5,2,3,3,3,2,4,5,3,1,1,1,3,2,5,3,4,2,1,1,1,Does not change
2309,No,Yes,"More confident in vaccines, Overwhelmed",3,1,1,3,2,3,2,3,2,3,5,2,3,3,5,3,2,3,5,3,4,Does not change
3428,No,No,No strong feelings (neutral),4,3,4,5,4,4,3,2,4,4,2,3,4,4,3,3,5,1,3,3,2,Does not change
1477,Yes,Yes,More confident in vaccines,3,1,4,5,3,4,2,4,1,1,1,2,1,3,4,5,2,3,2,1,2,Does not change
1415,Yes,No,No strong feelings (neutral),3,4,2,4,5,1,1,2,2,5,2,4,4,3,5,4,2,3,5,2,1,Positive
4999,Yes,Yes,More confident in vaccines,4,5,2,2,1,1,5,2,2,3,2,5,1,3,4,2,2,5,3,5,5,Much more positive
500,No,No,No strong feelings (neutral),4,5,4,5,4,5,2,1,5,1,1,2,1,3,3,2,1,1,4,2,1,Does not change
1732,No,No,No strong feelings (neutral),1,5,1,3,3,2,1,1,1,2,1,1,1,1,3,4,2,3,4,4,4,Positive
2761,No,Yes,NA,3,3,2,5,5,2,2,2,4,2,3,1,2,3,4,1,1,2,2,3,3,Does not change
2847,Yes,Yes,Overwhelmed,3,2,4,2,4,4,1,5,4,4,1,3,3,5,4,3,3,1,3,1,1,Much more positive
2139,Yes,No,NA,2,5,1,5,5,2,1,1,1,3,5,3,3,1,4,3,2,3,3,3,2,Positive
3556,No,Yes,No strong feelings (neutral),2,4,1,4,5,3,4,5,4,2,4,1,5,2,1,3,5,2,5,5,5,Positive
1291,No,Yes,No strong feelings (neutral),2,1,3,3,5,5,3,3,1,3,5,4,4,5,4,5,2,1,2,4,2,Does not change
4245,No,Yes,More motivated to protect others,4,5,2,2,3,3,2,3,2,4,2,1,1,2,3,3,2,1,4,4,2,Positive
450,Yes,Yes,More motivated to protect others,5,4,4,2,4,5,4,4,3,2,2,4,1,3,1,4,4,4,5,4,2,Much more positive
4258,No,No,NA,1,4,1,1,4,1,4,5,2,1,3,4,4,3,1,3,4,4,4,2,1,Does not change
4753,No,No,NA,2,4,2,5,2,5,5,3,2,1,3,3,2,2,4,3,5,2,3,2,3,Does not change
1699,No,No,No strong feelings (neutral),4,5,2,1,4,3,2,3,3,4,5,4,4,4,1,4,3,4,4,2,1,Does not change
4113,Yes,Yes,No strong feelings (neutral),1,1,4,5,1,4,2,5,2,5,4,4,3,3,2,2,4,2,1,5,4,Does not change
3041,No,No,More confident in vaccines,5,5,2,5,4,2,3,2,2,5,4,2,2,2,2,3,2,3,1,4,2,Positive
2195,No,Yes,"More motivated to protect others, More confident in vaccines",5,4,2,2,5,4,5,2,1,4,5,3,1,2,1,4,1,4,1,1,4,Does not change
1815,Yes,No,More motivated to protect others,5,2,5,5,5,3,5,3,2,4,1,1,2,2,4,2,1,3,3,4,1,Much more negative
308,No,No,No strong feelings (neutral),3,5,5,2,3,4,2,4,2,5,2,2,5,2,5,1,4,5,4,3,3,Does not change
2142,No,Yes,More anxious about side effects,5,2,2,2,5,1,4,1,2,2,1,1,3,2,3,1,4,1,5,4,3,Much more positive
889,Yes,No,No strong feelings (neutral),2,4,2,3,3,4,1,4,4,2,1,2,3,4,3,3,4,3,5,2,5,Does not change
310,No,No,NA,4,4,5,2,5,3,2,5,2,1,5,4,4,3,2,4,3,5,5,5,3,Does not change
4314,Yes,Yes,No strong feelings (neutral),5,4,4,3,4,3,5,3,3,1,1,1,1,2,5,3,3,1,1,5,2,Does not change
247,Yes,No,No strong feelings (neutral),4,3,2,4,3,5,4,1,4,4,1,1,4,2,4,5,5,5,5,4,4,Does not change
3883,No,No,No strong feelings (neutral),1,3,2,2,5,3,2,4,5,5,2,2,5,4,4,3,3,3,3,5,1,Positive
2238,Yes,No,More anxious about side effects,4,3,5,3,4,4,2,3,4,4,4,2,1,4,3,1,3,2,4,1,2,Negative
1471,Yes,No,"More confident in vaccines, Overwhelmed",5,5,2,4,2,4,3,4,4,3,2,3,5,3,5,2,5,5,4,5,1,Positive
155,Yes,Yes,No strong feelings (neutral),5,4,4,4,4,4,5,4,4,2,3,2,2,2,3,4,3,1,2,3,1,Positive
3892,No,Yes,More motivated to protect others,4,5,5,5,4,4,3,3,3,4,2,2,2,1,4,3,2,3,1,1,1,Positive
3229,No,Yes,No strong feelings (neutral),2,3,2,2,2,3,3,4,1,3,2,5,3,4,5,3,2,5,4,2,4,Much more negative
4239,No,Yes,No strong feelings (neutral),5,3,5,5,3,4,2,2,1,1,4,1,1,1,2,3,1,1,2,1,1,Does not change
303,No,Yes,No strong feelings (neutral),4,4,5,4,5,4,3,2,3,3,2,4,2,2,2,2,2,4,1,2,5,Positive
527,No,No,No strong feelings (neutral),1,2,1,3,4,2,3,4,3,3,3,5,2,1,2,5,2,3,4,5,3,Much more negative
2338,Yes,Yes,More motivated to protect others,5,4,3,4,4,3,4,2,5,4,4,5,4,2,5,2,2,2,1,1,4,Does not change
1420,Yes,No,No strong feelings (neutral),1,5,4,3,3,4,2,3,2,2,2,2,2,2,1,2,3,4,5,5,1,Positive
1628,Yes,No,No strong feelings (neutral),5,5,2,4,5,3,1,5,5,2,1,4,1,5,5,3,3,1,3,3,5,Does not change
1183,No,Yes,No strong feelings (neutral),5,3,2,2,4,5,1,4,3,2,3,1,4,3,4,3,4,5,4,5,5,Does not change
3180,Yes,No,Overwhelmed,5,5,5,5,5,4,2,5,3,2,1,1,1,3,5,2,3,5,3,1,4,Positive
4310,Yes,Yes,No strong feelings (neutral),1,2,5,2,4,3,1,2,5,1,4,2,3,5,4,4,5,5,4,5,2,Does not change
4112,Yes,No,No strong feelings (neutral),3,5,5,4,2,2,3,3,2,2,4,3,3,4,1,3,3,4,3,2,2,Does not change
1226,No,Yes,NA,3,4,1,1,3,5,2,4,3,1,2,2,2,1,4,2,5,2,2,1,5,Does not change
537,Yes,Yes,No strong feelings (neutral),2,3,1,3,5,2,3,2,1,2,1,5,3,2,1,1,4,2,2,2,5,Does not change
1596,No,No,No strong feelings (neutral),3,4,4,4,3,1,1,2,5,4,3,3,4,1,4,5,4,1,4,3,5,Does not change
3146,Yes,No,No strong feelings (neutral),3,4,2,4,4,3,3,5,3,2,3,4,3,3,4,2,4,5,4,5,4,Does not change
3794,Yes,Yes,More confident in vaccines,4,5,5,5,2,5,3,1,4,1,1,2,2,3,3,4,4,4,4,2,5,Positive
2509,Yes,Yes,No strong feelings (neutral),5,2,5,5,2,5,2,1,5,1,2,1,3,2,5,2,1,2,1,1,1,Negative
4266,No,Yes,More anxious about side effects,3,4,3,4,5,1,3,2,2,2,3,2,4,4,1,4,1,4,2,4,2,Does not change
1085,No,Yes,No strong feelings (neutral),3,3,3,3,3,4,4,3,2,3,2,3,2,5,1,3,2,5,3,2,5,Much more negative
2959,No,Yes,No strong feelings (neutral),1,1,3,4,5,1,2,5,3,3,1,3,1,2,5,5,4,5,4,5,3,Positive
3653,No,No,No strong feelings (neutral),1,1,3,2,1,1,4,4,3,3,3,4,3,4,4,3,4,4,5,5,3,Does not change
497,Yes,Yes,No strong feelings (neutral),1,3,3,5,4,3,1,3,2,3,3,5,5,2,2,5,3,2,3,4,2,Positive
1892,Yes,No,No strong feelings (neutral),3,1,3,2,3,5,4,2,5,4,3,3,5,5,3,2,3,4,5,2,1,Does not change
1782,Yes,Yes,Overwhelmed,5,4,5,4,5,3,5,3,1,4,2,2,5,3,4,1,4,1,1,3,1,Positive
2028,No,Yes,Overwhelmed,4,4,2,5,5,4,4,1,3,3,3,4,3,3,5,3,4,2,4,3,4,Negative
2548,Yes,No,No strong feelings (neutral),4,5,5,4,4,3,2,4,1,3,4,4,4,4,3,4,3,5,5,3,3,Does not change
1117,No,No,No strong feelings (neutral),5,5,4,5,3,2,1,2,3,2,4,4,4,2,3,4,3,3,3,3,4,Much more positive
2018,Yes,No,No strong feelings (neutral),2,2,4,5,5,4,4,1,1,3,3,3,1,1,2,3,1,2,1,2,1,Positive
775,Yes,No,More motivated to protect others,4,3,2,4,5,5,5,2,2,4,1,2,2,2,5,2,4,1,1,1,1,Does not change
2046,Yes,Yes,No strong feelings (neutral),3,3,3,5,4,5,4,4,3,1,1,1,5,1,4,4,5,1,3,1,1,Positive
4222,No,Yes,No strong feelings (neutral),5,4,4,4,5,4,2,2,5,1,2,3,3,4,4,2,3,4,4,5,3,Does not change
3562,No,No,No strong feelings (neutral),5,5,4,2,2,3,2,2,4,1,2,1,5,3,1,3,3,2,1,1,3,Does not change
2528,Yes,No,More confident in vaccines,5,5,4,5,2,4,1,1,2,4,1,5,1,2,2,1,3,5,2,4,2,Does not change
2286,No,No,No strong feelings (neutral),3,2,2,5,1,3,2,2,3,4,3,5,5,5,4,5,4,2,3,5,4,Does not change
1573,Yes,No,No strong feelings (neutral),3,5,3,5,5,1,1,2,2,5,1,4,1,2,3,1,4,4,2,3,4,Does not change
3735,No,Yes,No strong feelings (neutral),1,1,2,2,2,1,2,4,2,4,5,3,3,3,2,5,5,3,5,3,5,Does not change
2975,Yes,No,No strong feelings (neutral),3,3,2,1,1,5,4,4,4,5,5,4,5,5,3,1,5,2,4,4,5,Does not change
1199,No,Yes,More confident in vaccines,4,5,1,4,1,4,5,2,3,2,1,1,3,3,1,3,2,1,3,1,4,Positive
1938,No,No,No strong feelings (neutral),4,4,5,3,3,4,5,4,4,2,5,1,4,4,3,2,1,1,4,1,4,Does not change
1730,No,Yes,No strong feelings (neutral),5,3,4,4,3,3,1,4,3,4,4,1,2,1,2,3,5,2,2,1,4,Does not change
1552,No,No,No strong feelings (neutral),4,4,3,3,5,1,2,3,1,4,2,5,3,3,3,2,4,4,4,4,5,Does not change
2304,Yes,No,Overwhelmed,5,5,1,3,3,5,3,3,3,1,3,4,1,2,4,3,3,3,1,3,3,Does not change
563,No,Yes,No strong feelings (neutral),3,4,4,3,4,3,3,2,2,3,5,1,4,4,4,2,3,4,2,1,4,Does not change
1677,No,Yes,No strong feelings (neutral),2,5,1,5,3,5,4,4,3,3,2,1,2,1,3,2,2,1,1,2,4,Negative
2237,No,No,More confident in vaccines,4,5,3,4,1,4,3,1,3,1,1,1,3,1,2,2,1,3,2,1,2,Does not change
2723,No,Yes,No strong feelings (neutral),4,5,1,4,4,4,3,1,3,2,3,2,5,3,3,2,2,3,3,2,3,Does not change
2607,Yes,No,More confident in vaccines,4,4,1,4,1,4,3,3,3,2,2,3,3,3,3,4,4,4,3,5,4,Positive
4109,No,No,No strong feelings (neutral),5,2,4,5,1,5,4,2,2,4,2,2,3,2,3,3,5,1,3,3,3,Much more negative
3503,Yes,Yes,No strong feelings (neutral),4,3,5,4,2,5,4,4,5,1,3,1,3,1,4,2,2,2,2,4,5,Does not change
3387,Yes,No,NA,2,2,1,2,4,2,4,4,2,5,5,3,4,3,4,5,4,4,5,3,4,Does not change
1419,Yes,Yes,"More motivated to protect others, More confident in vaccines",2,5,2,2,3,5,2,4,2,3,4,4,1,1,1,3,1,4,1,4,4,Does not change
3167,Yes,Yes,No strong feelings (neutral),5,5,3,3,3,5,4,5,3,4,3,4,4,3,2,3,2,2,1,2,1,Does not change
504,Yes,Yes,No strong feelings (neutral),4,2,2,1,3,1,2,3,2,5,3,5,5,5,3,5,5,2,2,4,3,Does not change
4174,Yes,No,No strong feelings (neutral),4,5,4,3,1,5,3,2,4,4,2,1,2,2,5,3,2,3,2,4,2,Negative
1336,No,Yes,More motivated to protect others,4,4,5,5,4,5,4,2,3,4,2,1,1,3,3,2,1,3,1,1,2,Does not change
3739,No,Yes,Overwhelmed,3,5,5,4,3,5,3,2,3,3,3,4,3,1,5,1,2,3,3,1,1,Positive
632,No,No,No strong feelings (neutral),1,1,2,2,1,4,5,4,3,3,3,3,5,2,4,2,4,3,2,5,3,Does not change
2822,Yes,No,No strong feelings (neutral),2,2,3,5,4,5,4,2,4,1,3,3,4,3,4,3,2,1,4,2,4,Does not change
4811,Yes,No,No strong feelings (neutral),3,4,3,5,5,3,2,5,3,1,1,4,4,3,2,1,1,4,4,3,5,Does not change
620,No,Yes,No strong feelings (neutral),3,3,4,2,5,2,3,5,2,2,2,1,2,1,4,2,2,2,5,3,2,Does not change
357,No,No,NA,2,1,2,5,4,4,5,1,3,5,5,3,3,4,3,3,3,1,1,3,3,Negative
4089,Yes,Yes,"Overwhelmed, More anxious about side effects",5,1,5,1,1,3,5,1,2,4,4,1,5,5,5,1,3,4,4,3,2,Does not change
990,Yes,Yes,No strong feelings (neutral),1,2,1,2,5,3,3,1,3,2,4,2,5,2,3,5,1,4,4,1,5,Does not change
3089,Yes,Yes,More motivated to protect others,5,4,5,5,4,4,5,4,2,2,2,4,1,1,3,2,2,4,1,3,1,Does not change
4438,Yes,No,No strong feelings (neutral),5,4,3,5,3,5,4,3,4,1,3,4,3,2,3,3,1,5,1,2,2,Does not change
2335,Yes,Yes,No strong feelings (neutral),4,3,2,5,5,5,1,3,2,2,1,1,2,3,4,2,1,5,1,3,3,Positive
3579,No,No,No strong feelings (neutral),1,5,3,1,1,4,2,1,3,4,5,5,3,3,2,4,2,3,2,1,2,Does not change
3875,No,No,No strong feelings (neutral),2,2,2,1,5,1,2,3,5,5,3,5,3,4,5,3,2,3,4,2,4,Does not change
2319,No,Yes,NA,5,2,5,3,4,4,3,1,2,4,5,1,2,4,2,4,2,3,5,3,4,Negative
2632,Yes,No,More confident in vaccines,5,3,3,5,2,4,1,1,2,1,2,3,3,2,4,5,1,3,2,2,3,Does not change
3897,No,No,No strong feelings (neutral),3,5,4,4,1,5,4,1,2,1,4,5,1,4,1,2,1,3,5,4,4,Negative
3654,No,No,No strong feelings (neutral),2,1,4,5,2,2,2,3,2,2,5,5,4,2,1,4,2,5,2,3,5,Does not change
1104,No,No,More confident in vaccines,4,5,1,4,4,5,1,2,3,2,1,3,5,1,3,4,3,3,5,3,1,Positive
151,No,No,NA,3,3,1,3,2,4,3,4,3,2,4,1,4,3,4,2,2,4,2,2,4,Does not change
1889,Yes,No,"Overwhelmed, More anxious about side effects",4,4,4,2,3,4,5,3,2,1,5,2,1,2,4,3,1,2,4,1,3,Does not change
1906,No,No,More confident in vaccines,4,5,4,5,3,5,5,3,2,2,3,2,2,1,4,5,2,2,1,2,3,Does not change
280,Yes,No,"More confident in vaccines, Overwhelmed",3,4,5,2,3,1,3,5,4,1,1,4,2,5,5,2,1,1,3,4,1,Does not change
3447,Yes,Yes,No strong feelings (neutral),5,1,1,2,4,5,2,4,1,1,4,4,2,2,3,1,2,1,4,4,3,Negative
1310,No,No,No strong feelings (neutral),3,3,1,1,2,1,3,2,4,5,5,5,3,1,5,5,3,4,5,3,5,Does not change
306,Yes,No,NA,2,2,4,3,2,1,4,2,4,3,4,5,5,4,5,3,5,5,5,3,1,Much more negative
2182,Yes,Yes,No strong feelings (neutral),5,4,4,4,4,3,2,3,3,4,1,2,1,3,2,2,2,3,3,1,1,Does not change
3256,Yes,No,No strong feelings (neutral),3,4,3,4,4,5,3,4,5,3,3,5,4,3,1,4,3,1,3,2,3,Does not change
584,Yes,Yes,No strong feelings (neutral),3,2,3,5,3,3,4,2,3,2,2,2,2,2,3,2,3,3,4,4,5,Positive
2388,Yes,No,Overwhelmed,4,5,4,4,4,4,3,4,3,5,2,3,5,2,5,2,1,2,1,4,1,Does not change
2407,No,No,More confident in vaccines,5,2,5,2,2,1,2,2,5,2,2,5,4,1,2,4,2,1,1,1,5,Does not change
126,No,Yes,More confident in vaccines,2,2,4,3,4,2,1,4,3,3,3,4,4,3,4,3,3,4,5,2,5,Positive
595,No,No,NA,5,3,3,5,4,3,5,2,3,2,3,1,2,5,4,3,2,4,4,5,3,Does not change
4775,Yes,Yes,No strong feelings (neutral),4,3,3,2,3,3,4,2,5,4,2,3,1,1,4,1,2,5,2,2,3,Positive
1713,No,Yes,No strong feelings (neutral),5,3,1,2,4,3,3,1,4,2,4,4,4,3,4,3,4,1,2,4,2,Does not change
111,No,Yes,No strong feelings (neutral),3,3,3,2,5,5,4,3,3,2,2,2,3,1,4,4,5,3,5,3,5,Does not change
4389,No,No,No strong feelings (neutral),5,1,3,2,3,4,3,4,2,4,4,2,5,2,3,5,2,4,5,3,2,Does not change
2626,Yes,Yes,"Overwhelmed, More anxious about side effects",4,4,4,4,5,1,5,1,3,1,2,1,1,2,5,1,1,3,1,3,2,Does not change
4814,Yes,Yes,No strong feelings (neutral),2,2,3,4,1,4,5,2,4,1,4,4,3,4,3,1,3,4,1,5,4,Positive
4652,Yes,Yes,No strong feelings (neutral),4,4,1,5,4,3,2,2,4,1,3,5,2,3,1,2,4,4,4,3,3,Does not change
4173,No,Yes,No strong feelings (neutral),2,5,4,3,4,5,1,4,5,5,2,3,2,2,2,4,5,4,1,2,3,Negative
652,Yes,No,"More motivated to protect others, Overwhelmed",5,2,5,4,1,1,3,4,4,3,1,1,1,5,3,1,3,4,2,4,3,Does not change
1648,No,Yes,No strong feelings (neutral),2,5,3,4,1,3,2,2,3,2,3,1,3,2,1,1,1,1,3,3,1,Does not change
1819,Yes,No,No strong feelings (neutral),4,1,4,3,3,2,5,2,5,2,1,1,3,2,4,3,1,5,1,3,4,Positive
1396,No,Yes,More confident in vaccines,5,4,4,5,5,4,2,1,3,1,2,3,4,3,1,1,4,2,1,2,1,Positive
1201,No,Yes,No strong feelings (neutral),5,4,2,4,4,5,1,4,2,4,1,3,3,2,5,2,1,1,3,1,2,Positive
4104,No,Yes,Overwhelmed,2,4,2,4,5,4,4,4,1,2,3,2,3,4,5,2,2,3,4,5,4,Positive
336,No,No,More motivated to protect others,5,3,4,3,1,2,4,3,2,2,2,4,2,4,1,2,1,5,4,3,2,Positive
358,Yes,Yes,More motivated to protect others,5,5,3,3,4,1,4,1,3,2,2,1,1,2,2,3,4,2,1,2,1,Does not change
3574,Yes,Yes,"More confident in vaccines, Overwhelmed",4,2,5,3,3,4,2,5,2,1,5,4,2,2,5,4,3,2,4,2,4,Does not change
4847,No,No,Overwhelmed,4,5,1,2,3,4,3,1,2,4,2,4,5,3,5,5,3,3,3,4,4,Positive
694,Yes,No,NA,3,2,2,1,1,5,2,4,2,4,4,1,4,5,3,4,5,5,4,5,5,Negative
4344,No,Yes,More confident in vaccines,3,5,4,3,5,5,4,5,3,1,5,2,3,1,1,1,3,1,4,3,1,Does not change
1074,No,Yes,NA,5,5,1,4,4,1,4,4,3,2,3,2,4,5,2,5,2,4,3,3,3,Does not change
911,No,No,No strong feelings (neutral),4,3,5,3,1,2,3,3,4,4,1,5,4,1,5,3,5,4,3,4,3,Does not change
4369,Yes,Yes,More confident in vaccines,5,5,1,4,2,1,4,4,1,2,3,3,1,5,1,4,1,3,1,5,2,Does not change
51,No,No,No strong feelings (neutral),2,5,5,4,3,3,5,3,3,2,3,3,3,5,2,4,1,5,4,5,5,Negative
2102,No,Yes,More confident in vaccines,4,4,5,5,5,4,3,2,3,3,2,3,1,3,3,1,2,1,2,2,3,Does not change
2397,Yes,No,NA,2,4,5,3,5,4,2,2,5,2,4,1,2,3,2,3,4,4,1,2,5,Does not change
2364,No,No,No strong feelings (neutral),2,4,4,2,4,3,2,3,2,1,2,1,3,1,4,3,5,1,2,5,4,Does not change
3140,No,No,No strong feelings (neutral),1,4,4,4,4,4,3,3,4,2,1,2,4,2,2,3,2,2,3,2,3,Negative
2936,No,Yes,More motivated to protect others,4,5,4,3,3,5,3,3,2,1,5,1,4,4,1,4,2,3,2,5,1,Positive
4503,No,Yes,More confident in vaccines,3,5,1,3,2,5,5,2,3,2,1,1,3,2,4,5,4,1,1,2,4,Does not change
1500,No,No,No strong feelings (neutral),4,5,4,4,3,3,4,1,3,2,2,4,4,1,4,5,2,2,5,3,2,Does not change
2290,No,No,NA,5,4,4,1,2,3,2,1,5,4,2,4,1,5,5,5,3,3,5,4,4,Does not change
1109,No,No,No strong feelings (neutral),1,3,3,3,5,4,2,3,2,2,5,5,5,4,4,4,5,5,4,2,1,Negative
706,Yes,Yes,No strong feelings (neutral),4,5,4,4,4,3,3,2,4,1,4,1,1,1,3,2,3,5,2,2,2,Does not change
2440,Yes,Yes,More confident in vaccines,4,5,4,4,4,2,4,4,4,2,5,2,1,1,3,2,2,2,4,3,1,Does not change
1515,No,Yes,More anxious about side effects,4,1,3,4,3,4,5,3,3,3,4,2,4,3,4,1,1,5,3,1,1,Negative
3633,Yes,No,No strong feelings (neutral),5,3,4,5,2,4,3,3,4,3,2,3,4,3,2,1,1,4,3,3,3,Much more negative
58,Yes,No,No strong feelings (neutral),5,5,3,4,4,2,2,4,2,2,2,4,3,1,2,3,4,2,4,1,4,Does not change
4205,No,Yes,More confident in vaccines,3,5,1,5,2,5,4,4,3,3,3,5,4,4,4,3,2,2,3,1,3,Does not change
2391,Yes,No,No strong feelings (neutral),5,3,3,3,4,5,2,4,2,4,3,3,4,2,1,1,3,5,2,2,5,Does not change
503,Yes,Yes,More confident in vaccines,4,1,4,5,2,5,5,3,3,1,2,3,1,1,3,3,2,1,1,2,2,Does not change
4953,No,No,NA,4,5,2,3,5,3,4,4,3,3,1,1,3,2,3,2,2,5,3,2,1,Does not change
4760,Yes,No,NA,5,4,5,5,4,5,2,2,3,4,2,1,3,3,3,1,4,1,3,4,3,Does not change
4944,Yes,Yes,More confident in vaccines,3,5,1,2,5,2,3,3,5,2,2,2,1,3,3,3,3,3,2,1,3,Positive
1893,Yes,Yes,More confident in vaccines,1,1,1,4,4,5,3,3,5,2,3,4,2,2,4,5,2,3,3,3,4,Does not change
3938,No,No,No strong feelings (neutral),3,4,2,3,5,3,2,5,2,1,4,2,2,2,1,1,4,3,4,5,5,Much more negative
4436,Yes,No,No strong feelings (neutral),4,5,5,1,3,5,3,5,4,5,5,4,2,4,1,2,2,3,2,3,5,Does not change
3500,No,Yes,No strong feelings (neutral),1,5,2,5,5,4,1,2,4,2,4,2,3,2,3,2,1,4,1,1,3,Does not change
96,Yes,No,More motivated to protect others,5,5,2,5,5,4,5,5,4,1,2,3,2,1,2,1,1,2,1,5,4,Negative
973,No,Yes,No strong feelings (neutral),2,4,5,4,1,4,3,4,4,4,2,4,4,1,4,4,3,2,3,1,4,Much more negative
589,No,Yes,No strong feelings (neutral),3,2,3,5,5,1,1,5,3,4,2,3,3,3,4,1,4,5,2,2,2,Does not change
2153,Yes,Yes,No strong feelings (neutral),5,3,5,2,4,5,2,4,2,1,4,1,5,1,5,4,3,3,3,1,3,Does not change
4666,No,Yes,More confident in vaccines,3,5,2,3,5,5,3,2,4,1,1,1,3,2,1,1,2,4,3,1,4,Much more positive
2340,No,Yes,No strong feelings (neutral),3,5,5,3,4,4,4,2,3,4,5,4,1,1,5,4,4,3,4,4,2,Does not change
3790,Yes,No,NA,5,3,2,4,3,3,2,3,5,2,3,2,1,1,2,3,3,5,2,4,3,Negative
3826,No,Yes,NA,1,4,2,1,1,4,2,5,2,4,1,2,3,4,3,3,2,3,5,4,3,Much more positive
2451,No,Yes,More anxious about side effects,3,3,4,5,2,3,3,2,2,4,3,4,3,2,2,1,1,2,3,4,3,Does not change
35,No,Yes,More confident in vaccines,4,4,4,4,4,4,2,2,3,3,2,2,1,3,4,1,1,1,4,1,2,Does not change
2431,No,No,No strong feelings (neutral),3,3,1,2,1,3,1,2,4,1,5,5,5,3,5,3,3,3,5,5,4,Much more negative
4382,Yes,Yes,More anxious about side effects,4,1,1,2,5,4,3,4,5,3,3,2,5,4,3,2,5,5,1,3,3,Positive
2474,No,No,"More confident in vaccines, Overwhelmed",5,2,4,2,1,4,4,1,3,2,2,3,2,1,4,4,3,3,1,2,1,Does not change
3142,No,No,No strong feelings (neutral),3,4,2,4,4,5,3,3,3,2,3,2,3,2,5,3,5,3,2,1,3,Does not change
2733,No,Yes,No strong feelings (neutral),4,5,2,4,4,5,2,2,2,5,4,3,1,3,2,1,5,3,3,2,2,Does not change
319,Yes,Yes,More motivated to protect others,2,1,2,3,1,3,3,3,2,4,1,4,2,1,1,1,3,1,2,1,1,Positive
998,No,Yes,No strong feelings (neutral),4,5,2,3,3,4,4,3,4,4,1,5,3,4,4,5,3,4,5,2,1,Does not change
4710,No,No,More motivated to protect others,4,3,5,5,5,3,2,1,4,2,1,1,4,2,2,1,2,1,3,4,2,Positive
481,No,Yes,NA,3,1,4,5,4,3,2,5,2,3,5,5,3,3,4,2,5,2,4,3,2,Much more positive
3078,No,No,No strong feelings (neutral),5,3,5,2,1,3,3,2,3,2,2,2,5,2,4,3,1,2,4,4,2,Positive
40,Yes,Yes,No strong feelings (neutral),5,5,5,4,5,5,3,1,3,2,3,1,1,2,1,2,3,4,1,3,1,Does not change
328,Yes,Yes,NA,3,5,4,1,3,4,3,4,2,2,1,5,4,4,2,3,3,1,5,2,3,Does not change
4617,No,No,NA,4,2,3,1,2,5,1,3,2,5,4,4,3,4,4,5,2,5,4,3,5,Negative
3567,Yes,No,No strong feelings (neutral),2,2,3,3,1,5,2,2,4,4,3,1,2,3,3,2,1,2,1,4,3,Does not change
3877,Yes,No,No strong feelings (neutral),5,1,1,3,4,2,4,2,3,5,3,3,3,1,4,5,5,1,1,5,3,Does not change
969,No,No,No strong feelings (neutral),3,5,5,2,5,5,3,2,3,2,4,1,2,1,3,2,1,3,5,3,1,Much more negative
4980,Yes,No,No strong feelings (neutral),5,5,5,3,5,3,4,2,1,2,3,2,2,3,3,3,2,2,4,1,2,Does not change
3113,Yes,No,No strong feelings (neutral),4,4,3,3,5,4,2,1,4,2,2,5,2,1,4,3,3,1,5,2,1,Does not change
1946,Yes,Yes,Overwhelmed,5,5,5,5,5,3,3,2,3,2,3,4,1,2,5,3,4,2,1,2,3,Does not change
3182,No,No,No strong feelings (neutral),1,4,2,3,1,1,1,3,1,5,3,4,3,4,4,4,3,5,2,4,4,Does not change
2308,No,Yes,No strong feelings (neutral),5,4,3,3,2,3,3,3,3,3,4,2,3,5,2,2,4,4,5,2,4,Negative
2935,No,No,More confident in vaccines,4,2,4,4,1,4,3,2,2,4,3,3,4,4,4,2,2,4,5,5,4,Does not change
331,Yes,Yes,More confident in vaccines,5,5,3,5,4,1,3,5,5,3,1,4,3,3,2,4,5,3,1,3,3,Does not change
3161,No,Yes,No strong feelings (neutral),3,5,5,1,3,5,5,4,3,3,4,4,1,3,3,3,5,4,3,2,2,Much more positive
1032,Yes,Yes,No strong feelings (neutral),5,5,5,2,3,4,3,1,3,2,2,4,3,1,4,2,3,2,3,3,1,Positive
479,No,No,No strong feelings (neutral),3,3,4,3,2,5,4,4,2,3,4,5,3,5,2,5,5,5,3,5,5,Does not change
1637,No,No,Overwhelmed,5,2,2,5,4,4,1,2,5,1,2,2,4,4,5,1,4,2,3,5,2,Does not change
4183,No,Yes,More confident in vaccines,5,4,5,1,1,3,4,2,5,3,3,4,1,4,5,3,3,1,2,3,3,Positive
271,Yes,Yes,More confident in vaccines,4,3,2,4,5,3,4,1,2,3,1,4,5,5,2,3,4,4,4,3,1,Negative
3766,No,Yes,No strong feelings (neutral),3,4,5,5,2,3,4,4,3,4,3,4,3,2,3,2,4,5,3,5,2,Does not change
212,No,No,No strong feelings (neutral),3,2,3,1,3,3,3,3,2,2,5,5,5,2,4,3,3,4,4,5,5,Negative
2144,No,No,No strong feelings (neutral),2,4,3,1,4,1,1,2,3,3,3,4,2,4,4,5,4,2,5,4,3,Does not change
1155,No,No,No strong feelings (neutral),3,4,4,4,5,4,3,3,2,2,3,1,1,5,1,2,3,2,4,2,3,Does not change
145,No,Yes,NA,2,2,3,5,3,5,4,5,3,4,1,4,5,5,4,5,3,1,4,5,5,Much more positive
2055,Yes,No,More motivated to protect others,2,1,3,4,5,2,3,4,3,5,4,1,3,3,4,1,2,3,4,2,1,Positive
1385,Yes,Yes,No strong feelings (neutral),5,2,5,3,2,5,2,2,2,1,1,4,1,2,1,1,1,2,1,2,2,Does not change
3755,No,No,No strong feelings (neutral),5,5,3,5,5,3,4,3,3,3,3,3,5,5,3,1,3,5,3,4,4,Does not change
3814,Yes,No,NA,1,2,4,3,5,3,2,3,3,2,4,4,2,4,5,2,4,4,5,2,4,Positive
2122,No,Yes,No strong feelings (neutral),1,3,2,1,4,5,1,4,3,4,4,4,5,4,4,4,4,3,3,3,3,Does not change
3844,No,Yes,No strong feelings (neutral),2,4,2,2,2,4,1,4,2,5,4,4,5,5,1,2,3,3,3,2,5,Does not change
2491,Yes,Yes,No strong feelings (neutral),2,3,3,5,5,2,4,4,2,4,3,4,3,3,1,2,4,4,1,5,1,Does not change
1653,No,Yes,"More confident in vaccines, Overwhelmed",5,4,3,2,2,2,3,5,1,4,2,3,1,1,4,4,2,1,4,1,1,Positive
2289,Yes,Yes,"More motivated to protect others, Overwhelmed",2,4,3,3,5,3,3,2,1,4,5,4,4,1,1,2,2,4,1,5,3,Positive
1711,No,No,More confident in vaccines,1,5,2,5,1,2,4,4,4,2,2,2,3,1,2,3,1,2,1,3,4,Positive
915,No,No,No strong feelings (neutral),3,1,3,3,3,3,4,4,5,3,2,2,3,3,4,4,1,3,1,3,2,Does not change
4620,Yes,No,No strong feelings (neutral),3,5,4,3,3,2,2,3,2,4,5,3,4,2,2,3,4,2,3,3,2,Does not change
3752,No,No,No strong feelings (neutral),3,1,3,5,5,4,4,5,3,1,2,4,2,4,1,5,4,3,2,3,3,Much more negative
460,No,No,No strong feelings (neutral),3,5,3,1,5,1,3,3,2,5,4,5,5,1,5,1,3,5,5,4,4,Much more negative
2825,Yes,Yes,No strong feelings (neutral),4,2,3,5,1,5,3,4,2,4,3,3,4,3,2,2,3,1,3,3,3,Does not change
3551,Yes,Yes,NA,3,4,4,4,4,4,1,3,2,3,3,3,3,4,1,4,4,3,3,5,3,Positive
4493,No,No,No strong feelings (neutral),2,1,4,4,2,2,2,4,4,5,4,3,4,2,3,5,2,5,3,4,2,Does not change
3624,No,Yes,No strong feelings (neutral),3,3,4,1,5,5,1,4,3,3,3,3,2,1,5,5,3,4,1,3,5,Positive
3420,Yes,No,No strong feelings (neutral),5,5,5,4,5,3,5,5,3,2,4,1,1,2,3,4,3,4,2,1,3,Negative
1177,No,No,NA,2,5,3,2,1,3,1,2,1,4,3,3,5,4,3,5,5,5,2,2,5,Does not change
562,No,No,NA,4,2,5,1,3,5,4,1,5,1,3,4,2,4,2,2,3,3,4,4,2,Does not change
1798,Yes,No,More confident in vaccines,4,4,5,5,2,1,2,2,1,2,3,2,3,1,2,1,2,2,2,1,1,Negative
1141,No,No,No strong feelings (neutral),4,5,5,3,5,4,2,5,2,1,2,2,1,3,4,2,3,2,1,3,4,Much more positive
4755,Yes,Yes,Overwhelmed,5,1,2,1,3,3,3,2,4,1,3,2,2,4,3,3,2,4,4,3,1,Positive
3587,Yes,No,More anxious about side effects,1,4,4,4,4,4,3,5,2,1,2,5,3,2,3,2,3,2,2,2,3,Positive
2768,Yes,No,NA,1,1,2,1,5,3,2,1,5,5,3,5,4,2,1,2,3,2,5,4,2,Does not change
4390,No,Yes,NA,4,2,4,5,5,4,4,4,2,4,1,3,4,3,2,2,1,1,4,1,4,Does not change
156,Yes,Yes,More motivated to protect others,5,4,5,3,3,5,2,3,2,2,3,3,3,3,2,1,5,1,1,3,3,Negative
3401,No,Yes,More motivated to protect others,3,4,1,2,2,5,5,4,3,5,2,5,3,2,2,5,1,2,1,3,3,Much more positive
4981,Yes,Yes,No strong feelings (neutral),5,5,2,5,3,5,1,4,3,1,3,3,2,1,2,2,2,2,5,4,3,Positive
809,Yes,Yes,More confident in vaccines,3,2,3,5,2,5,5,4,5,3,1,1,1,2,3,1,1,2,1,2,4,Positive
2557,No,No,More confident in vaccines,4,1,5,2,3,1,5,4,4,4,5,4,3,5,4,4,5,3,2,4,3,Does not change
29,Yes,No,More confident in vaccines,1,2,3,2,2,2,5,2,2,3,4,3,2,1,1,3,4,2,3,2,3,Does not change
185,No,Yes,More motivated to protect others,3,4,2,5,1,3,5,3,3,4,3,3,2,2,1,1,4,3,4,2,4,Does not change
702,Yes,No,No strong feelings (neutral),4,5,3,4,2,3,3,4,1,1,5,4,4,3,3,2,4,4,3,5,4,Does not change
4428,Yes,Yes,No strong feelings (neutral),3,5,3,4,2,2,2,1,3,3,2,3,3,2,2,3,1,5,1,4,3,Does not change
3426,Yes,Yes,No strong feelings (neutral),2,4,3,3,4,2,4,5,2,2,5,4,3,3,5,2,3,2,3,4,5,Does not change
2011,No,No,No strong feelings (neutral),4,3,4,5,5,2,4,3,4,3,3,4,4,2,4,3,4,4,4,4,2,Does not change
3170,Yes,No,No strong feelings (neutral),4,4,2,2,3,1,4,3,5,2,3,5,4,4,4,1,1,4,1,3,4,Does not change
2244,No,Yes,No strong feelings (neutral),4,4,2,1,4,3,4,5,2,5,3,4,3,4,5,1,4,3,1,5,1,Much more negative
368,No,No,No strong feelings (neutral),3,4,4,2,4,2,4,4,2,2,4,5,5,3,3,5,1,4,1,2,1,Does not change
95,No,No,Overwhelmed,5,3,5,5,1,2,4,3,3,2,3,2,1,3,4,3,5,3,3,3,1,Does not change
1517,Yes,No,No strong feelings (neutral),5,5,1,5,3,3,1,4,2,1,2,3,1,2,3,2,1,2,3,2,3,Much more positive
896,Yes,Yes,NA,2,3,3,4,4,3,3,2,5,1,3,5,3,1,4,5,4,2,4,2,5,Much more negative
2137,No,No,No strong feelings (neutral),1,5,5,5,2,3,4,4,5,3,2,3,3,3,3,2,2,1,5,1,3,Does not change
583,No,No,NA,5,2,5,1,3,1,4,4,5,2,2,3,3,4,2,1,2,1,1,4,5,Positive
228,Yes,Yes,NA,3,5,3,4,4,5,3,3,5,4,1,4,2,4,3,3,4,3,4,4,3,Does not change
761,Yes,No,Overwhelmed,5,3,4,4,3,4,3,2,1,3,4,2,3,3,5,4,5,3,1,4,3,Does not change
4290,Yes,Yes,More confident in vaccines,5,5,4,5,5,5,1,1,3,1,3,1,2,5,2,4,2,1,1,2,1,Does not change
890,Yes,No,No strong feelings (neutral),1,2,3,1,3,2,1,3,3,4,5,5,5,4,5,4,4,5,5,1,2,Does not change
3762,Yes,Yes,No strong feelings (neutral),5,2,3,3,3,5,4,3,3,3,1,3,1,1,1,2,2,4,4,4,1,Positive
3610,No,No,No strong feelings (neutral),3,4,5,2,3,2,4,3,2,2,4,2,2,4,2,4,3,2,2,3,3,Positive
2234,No,No,More confident in vaccines,2,2,2,5,1,3,2,3,5,1,4,1,3,5,4,4,2,4,2,3,4,Does not change
1437,Yes,No,More motivated to protect others,5,4,5,2,4,4,2,2,4,1,4,2,5,1,1,4,1,1,3,1,1,Does not change
3830,No,Yes,No strong feelings (neutral),4,1,2,4,3,2,5,2,2,5,4,2,2,2,2,5,2,5,4,1,3,Does not change
867,No,Yes,More anxious about side effects,2,3,2,3,2,3,2,3,1,3,1,5,4,1,5,5,3,5,5,4,3,Does not change
3785,No,No,No strong feelings (neutral),1,2,1,4,2,3,2,4,3,5,4,3,1,2,5,5,2,2,3,4,5,Does not change
2048,No,Yes,More confident in vaccines,5,3,2,5,3,1,4,2,4,1,4,2,2,4,3,1,3,2,1,4,4,Does not change
4805,No,No,Overwhelmed,3,1,4,4,5,3,2,4,4,4,5,3,5,4,5,5,2,4,3,4,3,Does not change
4272,Yes,Yes,No strong feelings (neutral),4,3,4,1,1,5,1,3,5,3,3,3,5,3,3,5,2,4,3,3,2,Does not change
4033,Yes,Yes,No strong feelings (neutral),3,5,4,5,4,2,4,5,1,1,1,3,4,3,2,1,2,2,2,1,5,Does not change
2882,Yes,No,No strong feelings (neutral),1,4,4,5,1,2,3,3,4,5,4,3,4,1,1,4,4,2,2,2,1,Does not change
3136,No,No,No strong feelings (neutral),1,1,2,1,2,3,2,3,4,5,4,4,1,5,2,5,4,3,2,4,5,Does not change
1376,Yes,Yes,No strong feelings (neutral),5,3,5,4,2,3,3,2,3,1,4,4,3,4,3,1,3,3,5,3,3,Does not change
796,Yes,No,More motivated to protect others,2,3,5,4,2,5,3,3,1,3,1,2,2,1,2,3,5,1,2,2,5,Much more positive
755,Yes,Yes,More confident in vaccines,3,5,4,5,3,2,2,1,3,1,1,3,2,2,2,3,3,1,3,2,1,Does not change
2086,Yes,Yes,More anxious about side effects,5,5,5,4,5,5,4,4,3,3,3,3,3,4,3,1,1,3,3,3,1,Does not change
2558,Yes,No,More confident in vaccines,5,2,3,4,1,5,4,2,2,2,3,4,3,3,4,4,1,4,1,1,3,Positive
3575,No,No,More anxious about side effects,1,5,3,4,4,2,2,3,2,2,4,5,1,1,4,4,5,2,1,1,4,Much more positive
2729,No,Yes,More anxious about side effects,5,5,4,4,5,3,2,5,2,1,2,4,1,4,5,2,3,2,1,1,2,Positive
1617,No,No,More confident in vaccines,4,2,5,5,1,5,3,2,4,3,2,4,3,3,4,1,1,1,4,1,3,Negative
200,No,No,No strong feelings (neutral),1,4,4,2,5,1,3,2,3,3,1,2,1,1,4,1,5,3,1,2,4,Does not change
3264,No,Yes,No strong feelings (neutral),3,4,2,4,3,2,2,5,2,2,4,5,2,5,3,4,5,3,4,4,4,Does not change
2330,No,No,No strong feelings (neutral),3,1,4,5,2,4,3,1,2,5,2,4,3,3,3,2,3,4,2,1,4,Much more negative
451,No,No,More motivated to protect others,5,1,3,3,3,3,4,5,5,5,1,3,4,2,1,5,3,3,5,2,5,Does not change
3005,Yes,No,More confident in vaccines,4,1,2,3,3,4,1,1,5,4,5,5,2,1,5,3,5,5,1,4,3,Positive
1605,Yes,Yes,More motivated to protect others,5,4,5,3,3,4,5,3,2,3,1,2,3,1,3,2,4,4,3,4,3,Negative
1136,Yes,Yes,No strong feelings (neutral),5,3,1,2,1,2,3,4,3,1,1,2,1,1,4,2,1,1,2,2,1,Much more negative
2906,Yes,No,No strong feelings (neutral),5,2,5,3,3,1,4,3,3,4,5,5,1,2,5,1,1,4,1,4,3,Does not change
1630,Yes,Yes,More motivated to protect others,5,3,5,4,5,5,4,2,2,1,1,3,2,1,1,3,1,4,1,2,1,Does not change
1513,Yes,Yes,Overwhelmed,3,5,2,5,4,5,3,4,4,3,4,2,1,2,4,1,1,1,5,1,1,Positive
4201,No,No,No strong feelings (neutral),4,3,4,5,3,5,2,3,3,2,2,3,3,4,3,2,5,3,3,1,3,Does not change
4061,Yes,No,No strong feelings (neutral),4,3,5,2,3,2,2,4,3,3,4,5,4,3,5,3,5,3,2,5,2,Does not change
3324,No,No,More confident in vaccines,2,3,3,5,1,5,3,4,4,3,2,4,1,1,2,4,1,1,2,2,3,Does not change
3010,Yes,Yes,No strong feelings (neutral),5,5,3,4,5,5,2,5,2,3,1,4,1,3,3,3,1,3,5,3,2,Does not change
3296,Yes,No,More confident in vaccines,5,2,4,4,2,3,4,4,5,3,3,3,4,1,2,3,2,1,2,3,3,Much more positive
1528,No,Yes,No strong feelings (neutral),3,5,3,2,2,3,2,1,5,5,4,2,4,4,2,2,2,2,3,5,3,Much more negative
422,No,No,No strong feelings (neutral),5,5,5,5,3,2,1,4,5,4,2,2,3,2,4,2,1,2,4,4,4,Does not change
195,No,No,More motivated to protect others,2,2,1,4,4,3,3,3,4,2,2,3,3,4,3,4,4,5,1,2,3,Does not change
1959,Yes,No,More confident in vaccines,3,4,5,4,2,2,4,4,3,4,1,1,3,5,2,2,3,4,2,2,4,Does not change
2367,Yes,Yes,No strong feelings (neutral),3,2,4,3,1,4,4,5,4,3,5,5,5,2,5,5,5,5,3,2,5,Does not change
1325,Yes,Yes,More confident in vaccines,5,5,5,2,3,4,3,3,3,1,2,3,3,3,1,5,3,1,3,2,1,Much more positive
1142,Yes,Yes,More confident in vaccines,1,4,3,2,2,2,1,3,3,5,2,3,3,4,5,4,1,5,2,5,2,Does not change
2523,No,Yes,No strong feelings (neutral),4,3,1,5,1,5,3,3,3,1,4,4,2,4,1,5,4,4,2,3,4,Does not change
1489,No,No,No strong feelings (neutral),5,2,5,5,5,1,1,2,2,4,1,3,5,4,5,5,3,3,1,5,3,Positive
3014,Yes,No,NA,2,2,1,1,2,2,1,2,2,5,2,2,3,4,5,2,1,5,3,3,2,Positive
4719,Yes,Yes,No strong feelings (neutral),4,2,5,3,4,4,4,2,2,5,3,2,1,1,3,1,5,2,1,5,4,Does not change
2895,No,Yes,"More confident in vaccines, Overwhelmed",1,5,5,3,1,4,2,1,3,3,2,2,1,1,4,4,1,2,3,1,2,Positive
1526,No,No,"Overwhelmed, More anxious about side effects",5,2,3,3,3,2,5,1,3,3,5,1,2,1,4,3,2,3,5,1,2,Much more positive
2452,Yes,No,More confident in vaccines,3,3,5,5,2,5,4,3,5,3,1,1,2,3,5,4,1,2,3,4,2,Does not change
4081,No,No,No strong feelings (neutral),4,4,5,1,5,2,3,4,2,3,4,3,1,1,4,3,4,3,2,1,5,Negative
871,Yes,Yes,"More confident in vaccines, Overwhelmed, More anxious about side effects",2,5,3,4,2,4,2,2,3,3,3,3,3,5,5,5,4,5,5,4,5,Does not change
50,No,No,No strong feelings (neutral),3,3,4,5,5,2,3,3,3,5,3,2,5,3,5,4,3,2,5,3,1,Negative
1682,Yes,Yes,More motivated to protect others,5,5,4,5,3,5,3,2,2,3,1,3,4,1,2,2,1,1,1,3,1,Negative
780,No,No,No strong feelings (neutral),2,2,3,4,4,5,1,1,1,5,3,4,1,4,2,3,3,2,3,2,3,Much more negative
3787,Yes,Yes,No strong feelings (neutral),5,3,4,5,5,5,4,2,4,3,3,1,1,2,3,2,2,2,4,1,1,Does not change
4731,Yes,Yes,More confident in vaccines,5,4,3,5,4,1,4,1,2,2,2,1,1,2,2,2,1,2,2,3,1,Positive
1392,No,No,Overwhelmed,3,3,4,2,5,5,2,3,2,2,1,1,4,3,4,4,2,2,3,3,4,Positive
33,Yes,Yes,NA,5,3,2,4,4,4,1,4,3,1,4,3,2,4,2,4,3,3,3,2,5,Does not change
4278,Yes,Yes,More anxious about side effects,3,4,2,1,3,1,3,4,5,2,3,3,2,1,3,1,3,4,5,1,4,Does not change
1885,No,Yes,No strong feelings (neutral),2,1,2,5,4,2,4,1,2,2,2,3,5,4,3,3,1,4,5,5,2,Negative
3339,Yes,No,More confident in vaccines,5,3,5,4,5,4,3,3,4,4,1,2,4,2,2,3,1,1,1,3,5,Does not change
4078,Yes,No,No strong feelings (neutral),3,2,5,5,5,3,2,4,3,3,4,5,3,2,3,1,2,4,3,2,5,Does not change
4136,Yes,Yes,More motivated to protect others,5,4,4,5,5,2,2,2,3,3,3,3,5,2,1,3,1,2,2,1,3,Positive
1485,Yes,Yes,No strong feelings (neutral),5,1,4,1,4,2,1,3,2,1,3,1,5,2,3,4,5,3,4,1,1,Does not change
1135,Yes,No,No strong feelings (neutral),3,4,4,3,1,2,5,1,2,5,4,5,2,5,4,5,5,4,4,1,5,Does not change
1333,Yes,Yes,No strong feelings (neutral),4,3,4,3,3,2,5,3,4,1,1,1,4,4,2,1,4,3,2,4,2,Much more positive
1479,No,Yes,Overwhelmed,4,2,5,3,2,5,4,3,1,5,3,5,2,3,4,3,4,5,3,5,4,Positive
4534,No,Yes,More motivated to protect others,4,5,5,4,5,5,4,4,3,1,1,1,1,1,2,5,3,4,1,3,2,Does not change
258,Yes,No,No strong feelings (neutral),2,5,4,1,3,2,3,5,2,5,3,5,5,5,4,3,4,4,5,5,4,Negative
162,No,No,No strong feelings (neutral),1,1,3,1,2,3,2,4,1,4,2,5,4,3,3,5,2,4,4,5,5,Does not change
2965,Yes,No,More confident in vaccines,4,1,5,3,1,2,5,2,2,2,2,4,5,4,3,3,1,1,1,5,2,Positive
4126,No,Yes,More motivated to protect others,4,3,5,4,4,5,3,3,3,2,5,2,1,2,2,2,1,1,5,2,1,Does not change
4038,Yes,No,NA,4,4,3,2,4,5,4,2,3,4,5,5,4,1,1,4,4,3,2,3,3,Does not change
852,Yes,No,NA,5,5,3,5,2,5,2,3,3,2,3,5,1,1,3,3,2,2,3,3,4,Positive
1175,Yes,Yes,More confident in vaccines,5,2,3,5,5,5,5,2,1,1,1,3,2,4,3,1,2,1,3,3,2,Negative
3036,No,Yes,No strong feelings (neutral),3,3,3,3,5,1,2,1,3,2,1,2,1,2,3,3,1,2,4,1,2,Positive
2037,Yes,No,No strong feelings (neutral),4,1,3,3,4,2,4,2,4,3,3,5,5,5,5,4,4,3,5,2,5,Does not change
499,No,No,No strong feelings (neutral),1,4,4,2,4,3,5,2,2,3,5,5,4,4,5,3,4,1,1,1,3,Does not change
2361,No,No,No strong feelings (neutral),1,3,5,2,3,3,3,2,2,4,2,4,4,1,4,5,5,5,3,4,3,Does not change
79,No,No,No strong feelings (neutral),5,1,4,4,5,2,3,4,3,5,3,4,2,4,3,4,4,3,3,4,4,Much more negative
4677,Yes,Yes,More anxious about side effects,1,3,5,2,3,5,5,2,3,2,3,3,3,3,4,1,2,1,2,3,2,Negative
1276,Yes,Yes,Overwhelmed,4,5,3,5,5,5,1,3,1,4,3,2,1,1,5,1,2,4,3,2,2,Does not change
84,No,Yes,More motivated to protect others,4,5,3,3,2,5,4,2,4,4,4,4,4,1,2,1,4,4,3,4,2,Positive
4023,No,Yes,No strong feelings (neutral),1,4,2,1,4,1,2,1,2,1,3,4,3,4,1,3,5,1,3,2,3,Does not change
548,Yes,No,No strong feelings (neutral),4,5,4,4,1,1,3,5,5,4,1,5,4,5,1,4,1,4,1,3,1,Does not change
3163,No,Yes,More anxious about side effects,3,3,3,5,2,3,2,4,1,3,1,1,5,3,5,4,2,2,1,1,4,Much more positive
4293,No,No,No strong feelings (neutral),2,2,2,5,1,2,2,2,4,4,5,3,5,4,2,4,3,3,5,5,5,Much more negative
4349,No,No,No strong feelings (neutral),3,2,1,4,4,1,1,2,3,4,3,1,3,1,4,2,4,1,3,4,4,Does not change
2787,Yes,Yes,"More motivated to protect others, Overwhelmed",5,4,1,3,3,3,4,2,2,3,4,4,4,4,1,3,3,3,2,2,1,Does not change
3549,No,No,No strong feelings (neutral),1,1,4,5,5,3,3,5,5,4,2,3,3,1,5,3,4,2,3,1,1,Negative
160,Yes,Yes,More motivated to protect others,1,2,4,3,1,5,4,3,3,3,2,1,1,1,3,1,2,4,4,1,3,Does not change
1710,Yes,Yes,No strong feelings (neutral),4,5,4,3,3,2,5,3,4,4,1,3,3,1,2,4,2,2,4,1,3,Does not change
2525,Yes,No,No strong feelings (neutral),1,3,1,4,2,4,1,4,1,5,4,4,3,5,3,5,5,5,2,3,5,Does not change
2196,Yes,Yes,No strong feelings (neutral),1,4,4,2,3,5,2,2,3,1,3,3,2,4,4,2,3,1,4,3,1,Does not change
38,No,Yes,More confident in vaccines,5,2,4,1,2,2,4,4,5,4,3,1,1,2,2,3,1,3,4,3,1,Does not change
4383,No,Yes,More confident in vaccines,4,3,4,4,5,5,2,3,2,2,3,1,3,3,1,1,1,2,3,3,2,Positive
1198,Yes,Yes,More confident in vaccines,4,2,1,3,3,1,4,5,3,2,1,5,2,1,2,2,3,5,2,1,2,Does not change
3147,Yes,Yes,Overwhelmed,5,4,2,3,1,3,2,3,5,1,1,4,3,1,2,3,3,2,4,1,4,Positive
3433,Yes,Yes,More confident in vaccines,2,3,1,5,3,4,3,4,5,1,1,3,2,1,4,4,2,4,3,1,2,Much more positive
1028,No,No,No strong feelings (neutral),3,2,4,3,4,2,5,4,2,4,2,3,3,2,5,3,3,3,3,1,5,Does not change
12,Yes,Yes,"More motivated to protect others, More confident in vaccines",5,4,1,4,3,3,3,2,5,3,2,3,1,1,3,1,4,2,2,2,3,Negative
1968,No,No,No strong feelings (neutral),5,4,4,3,2,5,1,3,2,4,2,3,3,2,1,3,1,4,5,3,5,Does not change
1125,Yes,No,"More motivated to protect others, Overwhelmed",3,3,1,4,1,4,2,4,3,4,4,3,4,4,3,1,4,2,1,3,4,Does not change
4474,Yes,No,More motivated to protect others,5,3,5,5,5,5,3,5,5,5,2,1,1,1,2,2,2,1,3,1,1,Much more negative
4759,Yes,Yes,More confident in vaccines,5,5,5,4,4,5,1,5,3,2,3,3,5,3,3,1,3,2,3,4,4,Does not change
3025,Yes,Yes,No strong feelings (neutral),4,4,4,3,5,5,3,1,4,1,2,2,2,4,3,2,2,2,2,2,2,Does not change
3920,Yes,Yes,More anxious about side effects,4,2,5,5,2,3,4,1,3,3,2,3,1,3,2,1,4,3,2,2,4,Negative
3238,Yes,Yes,NA,5,3,3,4,2,2,3,4,4,5,4,3,1,2,4,4,4,2,2,2,4,Does not change
4137,Yes,Yes,More confident in vaccines,5,5,1,5,3,4,2,3,4,2,1,1,1,1,1,2,3,4,3,3,1,Positive
4667,No,No,No strong feelings (neutral),2,5,3,3,5,2,3,3,3,1,2,2,1,3,3,2,1,3,4,2,5,Does not change
742,No,Yes,Overwhelmed,2,3,5,1,4,4,3,5,5,1,3,4,4,3,5,2,2,5,1,2,3,Positive
1102,No,No,No strong feelings (neutral),5,3,2,5,5,3,4,3,4,3,2,1,3,4,3,2,3,2,1,3,1,Does not change
4387,Yes,Yes,More confident in vaccines,5,3,5,5,4,2,1,3,5,3,2,1,1,1,5,1,2,1,1,1,2,Positive
1816,No,Yes,More motivated to protect others,5,5,4,5,5,4,3,5,3,3,2,1,4,2,1,4,1,2,2,4,2,Does not change
4168,Yes,No,NA,2,5,1,5,4,5,4,2,5,3,4,1,3,2,3,3,5,1,3,2,3,Does not change
2241,Yes,Yes,More confident in vaccines,5,5,5,1,3,5,4,4,3,1,1,2,3,2,1,1,4,2,2,1,1,Does not change
2685,No,No,NA,2,5,1,1,4,5,4,4,1,1,2,3,3,3,4,3,1,3,1,4,4,Does not change
4715,Yes,No,No strong feelings (neutral),3,2,2,5,5,3,5,3,4,3,3,3,5,3,2,2,3,3,5,2,2,Does not change
2816,Yes,Yes,No strong feelings (neutral),2,1,3,5,4,4,4,3,3,3,3,3,1,1,4,1,2,1,2,3,2,Positive
2872,No,Yes,More motivated to protect others,4,5,1,5,1,4,1,1,4,4,3,3,2,3,4,3,3,1,1,1,4,Positive
868,Yes,Yes,"More motivated to protect others, Overwhelmed",3,2,5,2,4,1,4,4,5,3,1,3,2,1,4,3,1,5,2,2,2,Does not change
2019,Yes,Yes,"More motivated to protect others, More anxious about side effects",4,2,1,4,2,5,2,1,2,4,3,3,4,2,4,1,1,4,5,5,3,Negative
4211,No,No,No strong feelings (neutral),5,2,3,3,3,4,2,3,4,2,4,4,3,2,1,5,5,3,3,3,2,Does not change
4660,Yes,No,No strong feelings (neutral),2,5,5,2,2,1,2,3,3,4,1,2,5,5,2,5,3,3,5,2,4,Much more negative
1041,Yes,No,"Overwhelmed, More anxious about side effects",2,1,4,2,4,1,3,2,3,1,4,4,1,1,5,4,5,4,4,5,3,Does not change
967,Yes,Yes,No strong feelings (neutral),5,3,3,5,4,3,5,4,3,1,3,3,3,3,3,1,1,3,4,2,1,Does not change
648,Yes,Yes,No strong feelings (neutral),5,2,2,1,2,1,5,3,5,4,4,3,2,5,4,3,2,4,2,3,5,Does not change
4048,Yes,Yes,NA,3,2,3,4,4,2,3,1,5,5,4,4,2,5,3,4,5,3,4,4,4,Does not change
1894,Yes,Yes,More confident in vaccines,5,5,5,2,4,4,4,3,3,1,2,4,1,2,3,3,1,4,3,1,3,Much more positive
4055,No,Yes,More confident in vaccines,4,4,4,4,3,5,4,4,4,2,5,3,4,3,4,1,2,3,4,1,4,Does not change
279,No,Yes,More anxious about side effects,5,4,3,4,5,5,3,4,2,3,4,3,2,3,3,2,5,5,1,4,5,Positive
2475,No,No,No strong feelings (neutral),4,3,2,1,4,1,3,1,4,3,5,5,5,4,5,2,5,3,3,1,4,Does not change
2655,No,No,No strong feelings (neutral),5,5,4,5,3,3,2,3,4,1,4,4,3,1,4,3,3,1,2,2,2,Negative
2129,Yes,Yes,More confident in vaccines,5,4,3,3,2,4,4,1,5,2,1,2,1,1,1,2,1,1,1,2,3,Much more positive
3116,Yes,Yes,No strong feelings (neutral),2,4,4,1,4,4,1,3,5,1,5,3,1,2,2,1,5,3,3,2,1,Does not change
1481,No,No,NA,4,3,2,4,3,3,2,1,1,3,4,3,2,2,3,4,5,3,1,2,2,Does not change
165,No,No,No strong feelings (neutral),3,2,4,4,3,1,3,4,3,5,4,4,5,4,3,5,2,5,3,5,4,Does not change
94,No,Yes,No strong feelings (neutral),4,1,2,2,3,1,4,2,4,5,3,4,4,1,2,3,3,5,4,5,4,Does not change
4914,No,Yes,Overwhelmed,5,2,4,5,5,4,4,4,3,1,3,5,1,2,5,1,1,3,1,1,2,Positive
1845,Yes,Yes,No strong feelings (neutral),4,1,4,2,4,4,3,2,1,1,4,3,5,3,4,2,1,3,1,3,4,Does not change
596,No,Yes,NA,1,3,5,4,4,4,3,4,3,4,1,5,3,3,2,3,3,3,1,3,2,Does not change
2306,No,Yes,No strong feelings (neutral),5,5,4,2,4,4,5,3,3,2,1,1,3,2,3,4,4,4,1,2,1,Does not change
22,No,Yes,NA,2,3,5,5,1,4,3,3,3,2,1,2,1,3,2,1,5,4,2,2,2,Does not change
4501,Yes,No,NA,4,5,2,4,5,5,2,4,4,2,3,3,2,2,1,3,2,2,1,2,2,Does not change
1755,No,Yes,More confident in vaccines,2,4,4,3,4,5,4,3,4,2,3,3,1,2,1,1,4,3,1,1,4,Does not change
636,Yes,Yes,More confident in vaccines,3,1,2,4,2,1,5,1,5,1,3,5,3,1,2,3,4,3,3,2,4,Does not change
3423,Yes,Yes,More confident in vaccines,3,5,3,4,5,5,3,4,3,2,1,5,3,1,1,4,3,1,3,3,3,Positive
2479,No,No,No strong feelings (neutral),1,2,5,1,2,1,2,4,2,3,2,3,4,3,5,2,4,3,2,3,5,Does not change
2219,No,No,No strong feelings (neutral),1,1,4,3,3,4,4,5,1,2,3,4,4,2,2,2,4,2,3,3,5,Much more negative
1362,Yes,Yes,No strong feelings (neutral),3,3,4,4,3,4,3,3,3,1,2,4,2,1,3,4,2,3,2,2,2,Does not change
717,Yes,Yes,No strong feelings (neutral),5,5,5,3,5,4,5,4,3,3,5,3,3,2,1,1,4,1,3,1,3,Positive
1603,No,No,NA,2,1,3,2,3,4,3,2,5,5,4,5,3,5,3,4,5,4,3,4,5,Does not change
1635,Yes,No,No strong feelings (neutral),4,3,5,4,4,4,3,5,4,4,2,2,1,3,4,4,2,4,1,3,3,Negative
4744,Yes,Yes,"More confident in vaccines, Overwhelmed",1,1,4,2,1,1,4,1,5,4,5,4,5,3,5,3,5,3,5,5,3,Much more positive
3593,Yes,Yes,No strong feelings (neutral),5,4,3,5,4,5,3,4,4,4,2,3,3,3,4,3,1,2,1,1,1,Positive
1417,No,No,No strong feelings (neutral),3,5,2,1,5,4,4,5,4,2,4,1,1,4,1,1,3,5,1,1,4,Does not change
232,Yes,No,More anxious about side effects,5,5,5,4,3,4,4,3,1,3,1,3,2,1,4,2,4,2,2,1,3,Does not change
3604,No,Yes,No strong feelings (neutral),3,4,4,2,4,5,5,3,1,4,3,5,5,5,1,3,5,3,5,1,2,Much more negative
3395,No,Yes,No strong feelings (neutral),3,3,2,4,3,2,5,3,4,3,5,1,3,1,3,3,2,4,4,1,1,Does not change
2506,No,Yes,NA,3,3,4,3,5,5,2,1,1,2,2,3,2,1,5,3,3,3,2,2,3,Does not change
1411,Yes,Yes,No strong feelings (neutral),2,2,4,4,5,4,4,4,2,3,1,2,4,2,4,2,4,3,3,5,2,Much more negative
2933,Yes,No,Overwhelmed,4,4,4,5,3,5,3,2,5,2,4,4,2,3,5,3,2,1,3,1,1,Does not change
4357,Yes,No,More confident in vaccines,5,1,5,5,5,3,3,4,1,1,3,1,5,4,2,3,1,2,2,1,1,Does not change
4939,No,Yes,No strong feelings (neutral),3,5,4,4,3,5,4,4,5,3,1,2,1,1,3,1,5,1,2,4,1,Negative
3178,No,Yes,No strong feelings (neutral),3,5,3,4,2,5,2,4,4,2,3,4,2,2,3,1,5,4,4,3,1,Does not change
2336,No,Yes,More motivated to protect others,3,5,4,5,3,4,1,1,3,4,4,4,4,5,3,4,5,2,1,5,3,Does not change
4740,No,Yes,No strong feelings (neutral),4,5,2,4,1,4,3,3,2,5,5,5,5,3,4,5,4,5,4,3,1,Does not change
2521,Yes,No,NA,3,2,2,5,2,3,3,3,3,4,5,4,3,3,5,3,3,5,4,5,4,Does not change
4942,Yes,Yes,More confident in vaccines,3,5,2,5,5,5,2,4,4,1,2,1,3,1,1,1,1,3,2,2,1,Does not change
1241,Yes,Yes,No strong feelings (neutral),5,4,1,2,2,1,4,3,5,2,3,2,2,4,4,4,4,2,2,2,1,Positive
30,No,Yes,Overwhelmed,3,5,3,5,1,2,5,2,3,3,1,1,5,1,2,4,3,5,4,3,5,Much more positive
1858,Yes,Yes,Overwhelmed,3,3,3,3,3,3,2,2,3,5,5,1,3,2,5,4,5,5,2,4,2,Does not change
4659,Yes,No,More motivated to protect others,5,3,2,3,2,3,2,4,4,4,4,4,4,3,2,4,1,1,3,1,2,Does not change
974,No,No,No strong feelings (neutral),5,5,3,2,4,4,2,5,3,5,2,4,2,4,3,2,2,2,2,2,2,Positive
2161,No,No,No strong feelings (neutral),1,5,2,5,5,4,3,4,4,2,2,3,4,3,4,3,3,3,2,4,3,Negative
2004,Yes,Yes,Overwhelmed,2,4,4,4,5,4,2,5,5,2,1,3,2,1,4,1,1,5,1,1,4,Positive
4664,No,No,No strong feelings (neutral),4,3,1,3,3,2,3,4,2,5,3,2,2,5,1,3,3,2,1,2,5,Does not change
4143,No,No,More motivated to protect others,1,5,4,4,1,5,5,2,4,4,1,3,3,3,1,1,3,3,3,3,3,Does not change
819,No,Yes,No strong feelings (neutral),2,3,4,3,2,3,4,4,3,5,4,4,1,3,5,4,4,3,2,4,5,Negative
3131,No,Yes,No strong feelings (neutral),2,3,1,3,1,4,4,2,4,1,3,5,5,4,4,1,5,5,5,5,5,Does not change
2023,No,Yes,More confident in vaccines,4,2,5,1,4,3,3,5,3,1,4,3,3,4,3,1,3,4,2,1,2,Much more negative
4876,No,No,More anxious about side effects,5,2,4,4,5,5,2,2,3,2,1,1,1,1,3,4,4,4,4,1,5,Does not change
4156,No,Yes,More confident in vaccines,5,2,5,4,3,5,4,4,2,1,2,4,3,1,4,5,1,4,1,4,4,Much more positive
4757,Yes,No,NA,3,4,4,2,4,5,3,3,2,3,2,4,3,1,2,1,4,4,3,4,1,Negative
3946,Yes,No,No strong feelings (neutral),5,4,1,2,2,4,1,3,1,4,5,4,5,4,3,5,5,3,2,3,5,Does not change
249,Yes,Yes,No strong feelings (neutral),4,4,5,4,3,4,4,2,5,1,4,2,2,3,3,2,2,2,2,3,2,Does not change
1261,Yes,No,More confident in vaccines,5,5,5,5,5,4,3,2,5,2,3,1,5,3,3,1,1,3,4,2,4,Positive
412,No,No,No strong feelings (neutral),3,2,3,1,3,2,4,1,4,3,3,4,5,4,5,5,3,2,2,4,3,Does not change
1010,Yes,Yes,No strong feelings (neutral),3,2,3,4,2,2,2,2,3,2,1,1,2,4,1,2,4,2,3,3,4,Does not change
3812,Yes,No,No strong feelings (neutral),4,2,2,2,1,4,3,1,3,3,3,4,4,5,5,2,1,1,3,3,2,Does not change
4024,No,Yes,NA,2,1,3,2,4,5,1,4,4,4,1,3,3,3,3,3,1,3,4,2,3,Positive
3652,No,No,No strong feelings (neutral),1,5,2,1,2,4,4,2,2,2,3,1,4,4,4,3,2,1,3,3,4,Does not change
2490,Yes,No,No strong feelings (neutral),1,2,2,1,4,2,3,2,5,3,4,4,4,2,4,4,5,4,5,3,1,Negative
597,Yes,Yes,Overwhelmed,3,4,2,4,3,2,3,1,5,4,3,1,1,1,5,2,4,5,5,3,2,Does not change
3763,No,Yes,No strong feelings (neutral),4,4,5,4,4,2,3,1,1,2,2,3,1,2,3,4,2,1,1,4,4,Does not change
1244,No,Yes,NA,1,2,5,3,2,3,4,3,4,5,3,5,5,4,5,4,5,4,5,2,4,Does not change
4739,No,Yes,No strong feelings (neutral),3,4,4,3,4,1,2,2,3,2,5,1,4,4,4,4,2,3,1,5,1,Does not change
512,Yes,Yes,More confident in vaccines,4,5,5,5,5,5,4,2,4,1,3,1,2,2,4,2,2,1,1,2,1,Negative
1068,Yes,No,More confident in vaccines,2,3,5,2,5,2,1,1,3,1,3,2,4,4,5,4,1,4,3,1,4,Does not change
4898,Yes,Yes,No strong feelings (neutral),5,4,3,4,4,1,5,4,3,4,1,2,4,4,5,2,1,5,5,5,2,Positive
362,No,Yes,More motivated to protect others,5,3,5,2,2,4,3,5,1,4,1,1,1,2,5,2,2,1,2,4,3,Does not change
146,No,Yes,More confident in vaccines,3,3,1,4,3,5,2,1,1,1,3,5,1,2,5,3,4,3,5,1,3,Positive
2458,Yes,Yes,No strong feelings (neutral),1,1,4,3,1,1,5,3,3,4,4,5,5,4,4,5,5,3,5,4,2,Negative
110,Yes,Yes,No strong feelings (neutral),5,4,4,5,5,2,4,2,1,3,4,5,1,1,1,2,1,1,2,4,4,Does not change
2411,Yes,No,More confident in vaccines,5,4,5,3,4,5,4,4,3,1,4,2,2,5,1,1,1,2,4,3,2,Positive
1224,Yes,Yes,No strong feelings (neutral),4,3,5,4,3,3,3,4,5,3,4,3,5,2,2,1,5,3,3,4,3,Positive
4957,Yes,Yes,No strong feelings (neutral),4,1,5,2,5,1,1,1,3,1,3,3,2,1,3,1,3,4,2,1,2,Positive
55,No,No,No strong feelings (neutral),3,3,4,5,3,5,4,3,3,2,3,5,3,5,1,2,3,4,1,4,5,Does not change
4187,No,Yes,More motivated to protect others,5,4,3,5,5,4,3,3,2,1,3,1,1,1,1,3,1,3,5,2,1,Much more positive
4070,No,No,More anxious about side effects,4,5,5,5,1,4,4,5,3,2,4,2,3,2,4,4,1,2,5,2,2,Much more negative
1124,Yes,No,More anxious about side effects,3,4,3,4,5,5,4,5,4,2,3,3,2,2,4,5,4,4,4,1,1,Much more positive
4255,Yes,No,More confident in vaccines,4,4,2,2,5,4,1,2,3,2,4,3,3,5,3,2,5,1,3,5,2,Positive
950,No,No,No strong feelings (neutral),5,3,1,1,4,4,4,4,2,1,1,2,3,4,2,4,4,3,5,5,5,Does not change
881,Yes,Yes,More confident in vaccines,4,2,4,3,4,5,1,4,3,1,1,1,2,2,2,2,1,3,4,1,1,Positive
1551,Yes,No,No strong feelings (neutral),5,4,4,1,4,4,3,5,5,4,1,3,2,3,1,2,4,3,3,5,4,Negative
2442,No,Yes,No strong feelings (neutral),2,2,2,1,1,4,4,3,4,1,5,5,5,3,5,3,3,3,2,4,3,Does not change
4809,Yes,No,More confident in vaccines,4,5,3,4,5,4,2,3,5,1,3,1,3,1,2,4,2,4,4,4,1,Does not change
3389,No,Yes,No strong feelings (neutral),5,3,4,3,2,3,5,4,3,2,3,1,1,1,1,1,2,1,4,2,1,Much more negative
891,No,No,No strong feelings (neutral),4,1,4,5,5,4,2,5,3,2,3,2,1,2,3,1,3,1,5,3,3,Does not change
1810,Yes,Yes,Overwhelmed,4,5,5,2,4,4,3,5,4,3,2,4,2,1,5,5,5,2,3,3,4,Does not change
1688,Yes,No,No strong feelings (neutral),1,3,3,2,3,3,4,2,3,2,2,1,5,4,3,2,4,5,4,3,5,Positive
3301,Yes,Yes,More anxious about side effects,4,5,2,5,5,5,4,4,2,4,1,4,3,1,2,1,2,3,5,4,3,Positive
3988,No,No,NA,2,3,3,2,2,1,4,5,2,4,4,4,4,3,5,2,2,5,2,4,5,Does not change
4971,No,No,No strong feelings (neutral),4,5,5,4,4,5,2,3,3,4,1,5,1,3,4,5,3,3,2,2,4,Much more negative
3509,No,No,No strong feelings (neutral),1,4,1,4,1,5,3,2,3,4,3,4,3,4,5,4,3,4,3,5,4,Does not change
4305,No,No,NA,2,1,3,3,1,1,5,2,4,5,5,5,5,5,3,4,2,4,4,2,4,Does not change
2505,Yes,Yes,No strong feelings (neutral),5,5,4,4,2,4,3,3,3,2,1,1,4,1,1,3,4,5,2,2,2,Does not change
2187,No,No,More confident in vaccines,5,3,3,4,5,3,2,4,4,3,1,2,1,1,3,1,3,1,4,1,2,Does not change
2845,No,No,NA,2,3,4,4,4,4,4,4,4,4,1,2,3,4,2,3,3,1,3,2,3,Negative
1380,Yes,Yes,No strong feelings (neutral),5,5,4,4,4,5,2,4,2,1,2,3,5,2,1,5,1,1,2,2,2,Positive
3152,Yes,Yes,"More motivated to protect others, Overwhelmed",5,4,2,2,2,2,1,2,2,3,2,3,4,4,4,4,2,3,3,5,1,Does not change
705,No,No,More confident in vaccines,3,5,4,3,1,3,4,2,5,5,1,3,2,1,1,1,2,3,1,3,1,Much more positive
953,No,Yes,More confident in vaccines,5,2,4,5,1,5,3,3,3,3,3,2,2,1,3,2,1,1,3,4,1,Negative
4842,Yes,No,No strong feelings (neutral),1,1,3,3,3,5,3,3,3,3,2,5,5,3,5,4,4,5,2,2,5,Does not change
1018,No,Yes,More motivated to protect others,5,4,5,5,5,4,4,2,4,4,3,1,4,1,1,1,4,2,4,1,1,Does not change
3520,No,No,NA,3,3,2,2,4,2,3,4,2,4,3,4,1,3,4,5,2,4,5,3,4,Negative
2971,No,No,No strong feelings (neutral),2,5,3,4,2,1,2,4,2,4,5,5,5,4,4,4,4,4,2,3,3,Does not change
1843,Yes,Yes,No strong feelings (neutral),5,5,2,4,3,4,3,3,4,1,1,3,5,1,3,4,1,5,3,2,3,Negative
3583,No,No,No strong feelings (neutral),2,3,2,3,1,4,4,3,5,5,2,5,4,2,3,3,2,3,3,4,3,Does not change
2709,Yes,Yes,More motivated to protect others,4,5,5,4,4,2,2,3,2,1,5,3,1,3,2,1,1,2,2,3,3,Does not change
4547,No,Yes,More confident in vaccines,5,2,3,5,2,4,4,4,4,2,3,1,2,5,3,1,3,1,4,1,3,Positive
4398,No,Yes,Overwhelmed,2,1,3,5,1,2,2,3,1,4,1,3,2,5,3,2,2,5,3,2,3,Negative
4219,Yes,No,No strong feelings (neutral),5,4,2,2,3,4,3,2,3,5,5,3,3,3,5,3,4,5,4,3,3,Negative
4295,Yes,Yes,No strong feelings (neutral),5,3,2,2,5,1,3,2,3,2,3,3,4,3,2,3,3,5,4,1,4,Negative
2603,No,No,More confident in vaccines,2,4,4,3,3,3,2,3,3,3,3,4,2,1,3,3,2,3,2,4,3,Positive
4117,Yes,No,No strong feelings (neutral),4,3,4,2,3,4,4,5,3,3,4,5,4,1,4,4,3,4,3,3,4,Does not change
862,No,Yes,No strong feelings (neutral),5,1,5,5,5,4,2,1,2,3,1,1,1,1,2,3,1,3,1,3,1,Does not change
3889,Yes,Yes,More motivated to protect others,5,5,3,5,5,4,1,2,2,1,1,2,1,4,1,2,2,2,1,2,2,Negative
1762,No,Yes,No strong feelings (neutral),4,2,5,3,3,5,4,5,2,3,5,2,3,3,1,3,2,2,2,1,2,Does not change
637,No,Yes,More motivated to protect others,2,4,5,4,2,5,4,2,1,1,1,1,1,1,1,4,4,1,1,4,1,Positive
3488,No,No,No strong feelings (neutral),1,1,4,2,3,5,3,5,3,4,4,5,5,5,2,5,5,2,5,3,4,Does not change
4874,No,No,NA,4,2,4,2,2,5,5,1,4,4,5,3,3,4,1,1,4,3,5,1,3,Does not change
2610,Yes,Yes,No strong feelings (neutral),2,1,1,4,5,1,2,2,5,1,4,1,5,3,1,2,4,2,1,5,5,Does not change
1770,No,Yes,More confident in vaccines,3,2,3,2,4,1,2,4,1,5,5,2,4,1,3,5,1,1,4,3,5,Positive
2025,No,Yes,"More confident in vaccines, Overwhelmed",4,4,2,4,1,3,4,3,3,4,5,2,2,3,4,3,1,4,1,5,5,Positive
1764,No,Yes,More confident in vaccines,5,5,4,2,1,2,1,2,4,1,1,1,5,2,1,1,3,1,1,2,3,Does not change
1737,Yes,Yes,NA,1,2,1,3,5,3,5,5,2,5,4,2,5,4,5,2,5,3,4,1,3,Does not change
1818,Yes,No,More confident in vaccines,5,5,3,4,5,1,2,3,4,2,1,2,4,1,3,2,2,1,2,5,1,Positive
4936,Yes,No,No strong feelings (neutral),4,2,2,4,4,2,4,3,1,3,3,3,1,5,2,3,1,2,3,2,2,Does not change
3491,Yes,No,Overwhelmed,4,4,3,2,5,3,2,2,4,1,3,1,3,3,4,1,2,2,4,5,1,Does not change
2151,No,No,More confident in vaccines,4,5,3,5,5,3,3,5,3,1,2,2,1,2,2,2,1,1,2,2,3,Does not change
3702,Yes,Yes,No strong feelings (neutral),1,5,5,4,1,2,4,3,4,3,4,4,4,4,1,4,4,4,5,5,3,Does not change
3623,No,Yes,No strong feelings (neutral),1,5,3,5,3,3,4,1,2,1,4,4,4,1,5,5,1,1,2,4,3,Negative
2864,No,Yes,No strong feelings (neutral),2,1,1,4,5,2,5,5,4,2,3,4,2,2,5,3,1,4,5,3,5,Does not change
4623,No,Yes,No strong feelings (neutral),4,4,5,3,5,3,2,3,5,3,3,1,1,3,3,3,2,5,4,2,4,Does not change
2858,No,Yes,More confident in vaccines,5,3,3,4,5,5,2,1,2,2,3,2,2,2,3,2,1,4,1,2,2,Much more negative
2683,No,Yes,No strong feelings (neutral),5,4,5,2,2,5,5,3,1,3,1,2,5,1,5,2,1,2,2,4,3,Does not change
2960,No,No,No strong feelings (neutral),4,2,2,4,5,4,5,4,3,1,5,2,2,4,5,3,4,4,3,1,5,Does not change
264,Yes,No,No strong feelings (neutral),2,2,5,1,3,5,2,2,4,2,5,3,5,5,4,2,2,5,4,4,1,Negative
3204,Yes,No,No strong feelings (neutral),4,4,5,4,5,3,2,4,1,3,2,1,2,2,4,3,2,4,4,5,4,Does not change
4306,No,Yes,No strong feelings (neutral),4,4,5,2,3,5,3,4,2,2,1,3,3,1,3,1,3,4,2,2,4,Does not change
4973,No,Yes,No strong feelings (neutral),4,3,5,5,4,3,4,3,2,2,4,5,2,2,2,1,2,1,4,2,5,Positive
3141,Yes,Yes,More confident in vaccines,2,5,4,5,2,5,3,2,3,5,2,1,3,1,3,1,1,1,1,1,2,Much more positive
3007,No,No,No strong feelings (neutral),3,3,1,1,1,1,1,3,2,5,3,4,5,3,3,5,5,4,4,5,5,Does not change
2658,No,No,No strong feelings (neutral),3,5,4,5,4,1,3,4,3,3,4,3,4,4,2,1,1,2,1,1,3,Negative
1057,No,No,NA,3,1,5,3,5,1,3,1,5,1,4,1,5,2,3,4,3,4,3,2,1,Does not change
1034,Yes,No,More motivated to protect others,5,4,4,2,5,2,5,2,5,1,2,3,3,1,1,2,1,3,3,3,3,Does not change
4286,Yes,Yes,No strong feelings (neutral),1,3,3,3,5,5,4,2,3,5,5,3,2,3,1,5,3,5,3,4,4,Does not change
4708,No,No,No strong feelings (neutral),3,2,2,4,3,4,4,4,3,3,4,3,5,2,2,4,3,2,3,3,2,Much more negative
4801,No,Yes,No strong feelings (neutral),5,2,1,4,2,1,2,5,3,5,2,5,4,4,4,5,3,4,4,5,3,Negative
1740,No,Yes,NA,5,2,4,4,4,3,3,4,3,4,4,4,3,2,4,1,5,5,2,3,5,Negative
3308,No,Yes,No strong feelings (neutral),4,3,5,1,4,3,1,3,3,2,1,2,2,3,3,2,1,3,3,4,3,Does not change
312,Yes,No,More confident in vaccines,2,1,3,2,1,3,3,4,3,4,1,1,1,2,2,1,1,4,3,3,5,Does not change
938,No,Yes,No strong feelings (neutral),5,3,4,3,4,4,1,5,4,4,3,4,2,3,4,3,2,5,2,3,2,Does not change
2352,Yes,No,No strong feelings (neutral),4,5,5,3,5,3,3,3,2,3,4,1,4,1,2,2,3,4,4,2,2,Positive
2207,Yes,Yes,No strong feelings (neutral),5,1,2,3,1,1,3,4,4,4,5,3,2,3,4,3,5,2,5,5,4,Does not change
206,Yes,No,No strong feelings (neutral),2,2,3,5,3,4,3,2,2,4,2,2,1,5,1,4,3,3,5,1,4,Much more negative
41,Yes,Yes,Overwhelmed,1,5,5,5,3,4,2,2,3,2,4,1,1,1,5,2,5,1,2,2,5,Does not change
791,No,Yes,More confident in vaccines,3,3,2,5,1,5,5,3,3,5,1,4,4,2,4,4,4,5,5,5,3,Positive
2384,Yes,Yes,More motivated to protect others,5,4,5,2,3,3,1,4,2,4,4,5,3,4,4,3,4,4,4,2,2,Does not change
4928,Yes,Yes,No strong feelings (neutral),2,4,2,2,5,4,3,3,2,1,4,2,4,3,2,4,2,2,2,3,4,Positive
4689,Yes,No,No strong feelings (neutral),2,4,1,4,5,3,2,4,5,5,5,4,3,5,1,3,1,5,4,2,2,Much more negative
1445,Yes,Yes,No strong feelings (neutral),4,2,5,5,5,5,2,2,4,1,2,1,2,5,1,2,1,1,1,1,4,Does not change
4924,No,No,No strong feelings (neutral),3,3,3,5,4,1,3,2,3,4,3,4,5,4,1,2,5,4,4,5,4,Does not change
3126,No,Yes,Overwhelmed,3,1,5,2,5,5,4,1,5,2,3,1,4,5,5,3,1,4,4,3,2,Does not change
1475,Yes,Yes,More anxious about side effects,3,5,2,5,1,5,2,4,3,2,1,2,2,5,4,2,5,3,5,3,2,Positive
4866,Yes,Yes,More anxious about side effects,4,2,4,5,4,2,3,1,4,4,3,4,4,2,2,3,1,3,5,4,3,Does not change
337,No,No,No strong feelings (neutral),2,3,2,1,3,1,3,2,4,4,5,5,3,3,2,5,1,3,1,3,3,Does not change
1948,No,Yes,More motivated to protect others,3,2,3,4,4,4,1,5,1,2,3,2,1,2,4,1,1,1,4,1,3,Negative
1871,No,Yes,More motivated to protect others,2,1,1,4,1,3,2,4,3,3,2,3,1,3,1,3,2,3,1,1,4,Positive
1742,Yes,No,No strong feelings (neutral),5,5,5,3,5,4,1,3,3,3,1,3,2,1,2,3,2,3,3,3,3,Positive
1326,Yes,Yes,No strong feelings (neutral),5,4,5,2,4,4,4,4,1,1,2,4,1,1,5,1,3,2,1,2,1,Does not change
4470,Yes,Yes,More confident in vaccines,5,1,4,2,4,5,3,1,2,2,3,3,1,3,1,1,2,1,1,1,3,Does not change
2513,No,Yes,No strong feelings (neutral),5,2,4,5,3,5,3,3,2,2,3,1,2,1,1,2,3,2,2,1,1,Much more negative
3232,Yes,No,More confident in vaccines,3,1,1,4,2,5,3,3,2,2,3,3,2,4,5,1,3,3,1,1,1,Negative
866,Yes,Yes,No strong feelings (neutral),5,4,5,2,4,4,4,2,4,1,1,1,1,2,5,4,3,5,3,4,5,Does not change
4466,No,No,No strong feelings (neutral),2,4,5,2,3,3,3,2,3,2,3,1,3,3,2,3,4,3,3,5,3,Does not change
3978,Yes,Yes,More confident in vaccines,2,5,5,3,5,2,2,2,2,2,4,1,4,2,3,1,3,1,4,3,1,Positive
4910,No,Yes,No strong feelings (neutral),4,3,4,3,4,1,2,4,5,4,3,1,2,1,1,2,2,5,1,1,2,Does not change
3765,Yes,Yes,No strong feelings (neutral),1,2,3,1,2,1,2,4,4,5,5,3,5,5,4,2,5,3,5,3,5,Does not change
4141,Yes,Yes,No strong feelings (neutral),2,1,2,2,2,3,2,1,1,2,5,4,4,5,3,4,5,4,3,2,3,Much more negative
2318,No,No,No strong feelings (neutral),1,1,3,1,2,5,3,1,3,1,3,4,4,5,3,3,3,5,3,5,5,Does not change
1432,Yes,Yes,More motivated to protect others,5,3,2,4,5,1,4,4,3,4,4,2,3,4,1,3,2,5,3,2,4,Does not change
3019,Yes,Yes,More confident in vaccines,4,5,5,3,4,4,2,2,1,1,1,3,2,1,1,1,3,1,4,2,1,Negative
2005,Yes,No,No strong feelings (neutral),4,4,5,2,3,2,1,4,1,5,3,1,3,3,4,3,3,3,3,4,4,Negative
3257,Yes,No,No strong feelings (neutral),2,2,1,2,3,5,1,2,2,4,3,5,5,2,5,3,4,4,3,2,5,Much more negative
4653,No,Yes,No strong feelings (neutral),5,3,5,2,5,3,1,5,3,2,1,3,4,1,4,3,3,3,2,1,1,Does not change
2165,No,No,No strong feelings (neutral),3,1,3,5,5,1,2,3,5,4,4,4,3,1,3,3,1,3,3,2,3,Positive
3031,Yes,Yes,No strong feelings (neutral),4,5,3,5,5,4,5,2,4,1,1,2,1,1,4,3,2,3,3,3,2,Does not change
332,No,Yes,NA,5,4,5,5,3,3,4,3,4,1,2,5,3,2,5,3,3,4,1,3,4,Does not change
3330,No,Yes,More confident in vaccines,4,2,3,5,5,5,1,2,5,1,1,1,2,2,2,1,4,4,1,3,1,Does not change
36,No,Yes,No strong feelings (neutral),3,2,3,5,4,4,4,4,1,3,1,2,2,4,4,3,3,2,2,4,3,Does not change
202,No,No,NA,2,4,1,2,5,4,5,4,4,2,5,5,2,2,2,4,2,2,2,2,4,Does not change
2641,No,No,No strong feelings (neutral),4,5,4,5,4,3,4,2,2,1,4,4,2,2,2,3,2,4,3,4,1,Does not change
4743,Yes,No,More confident in vaccines,5,5,5,5,5,5,2,4,3,2,5,3,3,1,2,1,3,3,1,1,1,Does not change
1642,Yes,Yes,More confident in vaccines,5,5,4,3,5,4,4,3,2,1,2,1,1,2,3,2,2,3,3,2,2,Much more negative
2403,Yes,Yes,"Overwhelmed, More anxious about side effects",2,4,3,5,4,4,3,2,2,2,5,2,3,2,5,2,5,4,5,3,3,Does not change
4028,No,Yes,More motivated to protect others,4,5,5,5,5,3,5,2,3,2,3,4,1,1,1,2,1,3,1,2,1,Positive
2013,Yes,No,No strong feelings (neutral),5,2,3,5,5,4,1,1,2,4,4,1,3,2,3,1,2,3,2,4,1,Does not change
3615,Yes,Yes,Overwhelmed,3,3,2,4,5,3,1,4,2,5,2,1,1,1,3,5,3,2,2,4,3,Positive
4622,Yes,Yes,More confident in vaccines,4,5,4,1,4,4,3,3,5,2,1,4,1,1,3,3,3,3,1,2,1,Does not change
3422,No,Yes,More motivated to protect others,5,5,5,3,4,5,3,2,2,4,2,1,3,1,4,3,1,3,1,1,5,Much more positive
2657,Yes,Yes,More confident in vaccines,3,1,3,5,4,5,3,3,4,2,2,1,4,1,1,1,2,4,4,1,2,Positive
3834,Yes,No,NA,3,5,4,5,4,2,3,1,3,3,5,1,3,2,4,2,4,3,1,4,5,Positive
2893,Yes,Yes,Overwhelmed,3,4,4,1,4,2,2,4,1,2,2,4,5,1,4,2,2,4,1,2,1,Does not change
2408,No,No,No strong feelings (neutral),4,5,2,4,5,5,2,4,3,1,4,3,5,2,5,1,5,2,5,5,3,Positive
2057,Yes,Yes,No strong feelings (neutral),3,4,2,3,4,4,2,1,3,3,2,1,3,2,2,1,1,1,2,2,2,Does not change
4741,No,Yes,No strong feelings (neutral),2,5,4,3,3,4,1,3,3,2,4,1,3,1,1,3,1,1,2,3,2,Does not change
3617,No,Yes,No strong feelings (neutral),4,3,5,3,4,5,2,3,1,2,2,1,3,2,2,1,4,2,1,4,3,Much more positive
4490,No,Yes,Overwhelmed,5,5,2,5,5,5,1,5,2,3,1,4,1,1,5,3,3,1,4,3,3,Does not change
4782,No,Yes,No strong feelings (neutral),4,1,3,5,5,3,3,1,3,5,2,2,2,1,4,3,1,2,5,4,3,Does not change
3885,Yes,No,No strong feelings (neutral),2,4,1,2,5,4,5,2,1,3,4,3,4,3,1,3,4,5,4,2,3,Does not change
71,No,Yes,Overwhelmed,4,3,1,5,3,5,4,2,3,2,3,4,3,1,4,1,2,1,4,1,2,Does not change
1686,Yes,Yes,No strong feelings (neutral),4,5,4,2,5,5,3,5,3,4,1,5,5,1,2,1,1,2,3,1,2,Much more negative
3769,Yes,Yes,Overwhelmed,3,1,1,1,5,2,3,5,5,1,4,1,4,5,5,3,4,4,4,1,5,Positive
3539,No,Yes,No strong feelings (neutral),4,5,5,4,5,5,4,1,1,1,4,1,3,5,3,3,2,4,3,1,2,Does not change
1483,No,Yes,More confident in vaccines,1,5,3,4,2,5,4,2,2,3,3,3,4,3,4,3,1,5,1,1,3,Positive
2288,No,No,NA,3,2,5,1,1,1,3,2,2,4,3,4,3,4,3,2,4,3,5,4,3,Does not change
1767,No,No,NA,4,3,2,3,5,4,5,5,3,1,3,3,5,4,2,2,2,1,3,5,4,Does not change
2985,Yes,No,More confident in vaccines,2,1,3,3,3,1,4,5,3,3,1,2,2,2,3,5,4,4,4,3,5,Does not change
2347,No,Yes,More motivated to protect others,3,5,2,4,4,5,3,2,4,1,1,4,5,4,2,4,4,2,1,5,4,Positive
1188,No,No,No strong feelings (neutral),3,1,5,5,2,3,4,4,4,2,3,2,1,3,1,1,4,3,2,5,5,Does not change
874,No,Yes,"More confident in vaccines, Overwhelmed",2,1,2,5,1,1,1,5,1,1,4,1,3,2,5,1,5,2,5,4,1,Does not change
3478,No,No,No strong feelings (neutral),3,5,3,3,1,5,2,4,2,3,1,3,1,5,4,2,3,1,3,4,2,Does not change
181,No,No,More confident in vaccines,2,5,4,1,2,4,2,3,2,4,3,5,4,4,4,2,4,1,2,3,2,Does not change
3727,Yes,Yes,"More motivated to protect others, More confident in vaccines",2,5,4,3,4,2,1,5,3,3,3,3,1,4,2,1,3,4,2,2,3,Does not change
1507,No,No,More anxious about side effects,5,4,3,4,2,1,5,4,2,2,4,2,4,2,2,3,2,1,3,3,3,Much more negative
2332,Yes,Yes,NA,2,2,3,5,5,5,5,2,2,3,3,2,3,3,2,2,3,1,4,4,4,Much more positive
902,Yes,Yes,"More confident in vaccines, Overwhelmed",4,5,3,4,1,1,4,3,1,5,4,1,4,2,5,5,3,2,5,2,1,Positive
1134,Yes,No,NA,5,4,2,2,3,2,1,4,2,2,4,2,4,1,4,1,3,3,2,1,2,Positive
1307,No,Yes,No strong feelings (neutral),4,1,5,4,5,5,4,2,4,4,5,5,4,3,2,4,1,4,3,3,2,Does not change
4063,Yes,No,NA,3,4,5,2,2,1,2,4,4,5,4,2,3,5,3,3,5,5,5,3,3,Does not change
2463,No,Yes,No strong feelings (neutral),5,2,5,2,5,5,4,3,5,3,2,2,2,3,3,4,3,1,3,3,4,Negative
2494,Yes,No,NA,3,2,5,3,5,3,2,5,3,3,3,3,1,4,4,3,4,2,4,5,4,Does not change
2322,No,Yes,No strong feelings (neutral),5,4,5,3,5,1,5,4,3,5,4,2,4,3,3,5,5,4,1,2,3,Does not change
4162,Yes,No,No strong feelings (neutral),2,4,1,4,4,4,5,1,1,2,1,1,4,5,2,1,5,5,5,4,5,Negative
2664,Yes,No,No strong feelings (neutral),5,3,4,5,2,5,3,3,4,5,2,1,5,4,4,4,3,5,3,4,2,Does not change
1958,Yes,Yes,More motivated to protect others,2,3,4,3,2,5,2,1,1,3,1,1,5,1,4,3,3,3,4,1,3,Does not change
4146,Yes,Yes,More confident in vaccines,4,5,2,5,2,2,3,2,4,2,5,2,1,4,5,5,5,1,2,3,5,Does not change
3106,No,Yes,No strong feelings (neutral),5,5,4,4,4,4,5,3,4,1,3,1,3,3,4,3,3,1,2,1,5,Does not change
390,Yes,Yes,More confident in vaccines,4,3,5,4,1,3,1,4,4,1,5,4,5,4,5,4,3,1,3,2,5,Does not change
3288,Yes,No,No strong feelings (neutral),3,3,3,3,2,4,2,1,1,4,4,4,5,3,5,4,5,2,5,5,5,Does not change
3852,No,No,No strong feelings (neutral),3,2,4,1,2,1,5,4,2,4,4,5,5,4,1,2,5,5,5,4,5,Does not change
2345,Yes,Yes,More motivated to protect others,3,5,3,1,4,3,2,4,3,5,2,1,2,1,3,1,3,2,2,3,3,Positive
292,No,Yes,No strong feelings (neutral),4,4,4,4,4,1,2,4,3,2,1,4,2,4,3,5,3,4,2,2,1,Does not change
2209,No,No,No strong feelings (neutral),3,4,4,3,2,5,2,4,5,5,4,5,5,1,4,1,4,5,1,3,4,Does not change
1058,Yes,Yes,More confident in vaccines,2,3,1,5,3,2,2,2,4,1,4,1,3,3,3,5,4,4,4,4,2,Does not change
2780,Yes,No,No strong feelings (neutral),2,3,4,4,5,4,4,2,3,1,2,4,1,3,4,4,2,2,2,5,1,Does not change
2030,No,Yes,No strong feelings (neutral),1,5,5,4,3,4,5,3,2,4,2,4,1,2,4,2,3,4,1,5,3,Does not change
380,Yes,Yes,Overwhelmed,5,4,5,5,5,1,4,2,1,3,5,1,4,3,5,2,4,4,4,1,3,Positive
4464,Yes,No,More motivated to protect others,5,5,5,2,5,4,4,1,3,1,1,5,3,1,3,1,1,4,1,1,2,Does not change
201,No,No,More anxious about side effects,4,2,4,2,3,1,3,4,4,2,3,3,3,1,3,3,3,3,3,2,2,Does not change
3601,No,No,No strong feelings (neutral),3,3,1,1,3,1,3,2,3,4,5,4,3,4,4,4,4,4,4,4,4,Does not change
1370,No,No,NA,2,5,3,1,3,1,1,1,5,3,1,3,3,3,4,5,4,3,2,2,4,Negative
456,Yes,Yes,"More confident in vaccines, Overwhelmed",1,3,2,3,1,4,1,4,1,3,5,5,5,2,5,5,3,4,5,4,1,Positive
1752,No,Yes,Overwhelmed,2,5,5,3,4,3,3,2,3,2,2,2,4,1,4,2,3,2,3,4,5,Positive
986,Yes,Yes,"More confident in vaccines, Overwhelmed",5,1,4,4,2,1,1,4,2,4,3,4,3,2,5,3,3,3,2,1,2,Positive
1040,No,Yes,No strong feelings (neutral),5,4,5,5,3,4,3,3,5,1,2,4,1,1,3,2,5,2,2,4,1,Does not change
4040,Yes,No,More confident in vaccines,5,5,3,4,4,3,2,3,4,1,4,2,1,1,1,2,3,1,2,2,1,Positive
2776,No,No,No strong feelings (neutral),4,2,3,1,1,3,3,1,3,4,3,5,2,3,3,2,2,3,4,1,3,Does not change
807,Yes,Yes,More motivated to protect others,4,1,5,2,3,3,3,3,1,1,3,3,2,2,3,1,1,3,2,2,3,Positive
440,Yes,Yes,More motivated to protect others,5,2,5,3,5,1,2,3,5,3,3,3,2,3,1,4,5,1,1,3,4,Does not change
2874,Yes,No,No strong feelings (neutral),5,5,2,4,1,1,2,3,3,2,5,5,4,5,2,3,3,4,5,4,3,Does not change
3175,No,No,No strong feelings (neutral),2,3,2,1,3,2,2,1,4,1,3,2,4,3,2,2,1,1,3,4,2,Negative
1593,No,No,NA,4,3,2,1,5,5,3,3,2,3,1,5,4,5,3,4,4,1,4,1,3,Does not change
4206,No,Yes,No strong feelings (neutral),3,1,2,1,2,1,2,3,1,5,4,5,4,3,3,3,4,4,5,4,3,Does not change
4019,Yes,Yes,More confident in vaccines,5,4,5,5,3,2,4,5,3,2,1,1,3,1,2,1,4,5,1,1,1,Positive
3930,No,Yes,NA,4,4,2,2,3,5,1,3,2,5,3,4,4,4,3,2,3,4,3,3,5,Does not change
3291,Yes,No,No strong feelings (neutral),5,2,4,5,3,5,5,4,5,5,4,5,3,4,5,1,2,1,3,3,2,Does not change
2682,Yes,Yes,More confident in vaccines,2,3,2,1,4,4,3,5,5,1,3,2,2,5,3,1,5,1,1,3,1,Does not change
505,Yes,Yes,No strong feelings (neutral),5,5,3,2,1,5,2,3,5,2,4,4,1,1,5,1,1,1,1,1,1,Much more positive
4584,No,Yes,NA,4,5,5,2,4,3,1,2,3,4,5,3,4,3,4,3,5,3,2,1,4,Does not change
2619,No,No,No strong feelings (neutral),2,2,4,5,3,4,2,4,4,2,4,2,5,3,4,3,3,4,3,1,3,Does not change
498,No,Yes,Overwhelmed,2,1,3,2,2,2,5,1,3,4,2,3,3,2,4,4,5,4,3,3,2,Does not change
2555,No,No,More confident in vaccines,5,5,2,4,5,5,2,5,3,1,3,1,1,1,1,3,4,1,5,5,4,Does not change
3437,No,No,No strong feelings (neutral),2,1,2,2,4,5,4,5,3,1,4,2,4,4,2,3,5,3,4,1,3,Does not change
4548,No,Yes,NA,2,4,4,3,5,3,4,2,3,5,4,3,3,1,3,4,5,5,3,4,4,Does not change
4726,Yes,Yes,No strong feelings (neutral),5,2,5,5,3,3,1,2,1,1,1,2,4,1,2,1,3,2,5,2,1,Much more positive
86,No,No,NA,5,4,3,2,5,4,1,5,4,2,1,1,4,3,3,3,5,4,2,3,1,Negative
4432,No,No,No strong feelings (neutral),5,5,1,4,3,2,1,2,2,3,4,1,4,5,3,1,4,5,3,5,3,Does not change
2766,No,No,No strong feelings (neutral),2,5,1,2,4,1,5,5,3,4,4,1,3,3,5,4,2,3,4,3,2,Does not change
99,No,No,No strong feelings (neutral),1,4,5,5,2,2,2,1,1,5,2,1,3,4,2,5,2,4,2,4,5,Does not change
1290,No,No,No strong feelings (neutral),2,5,2,1,1,1,3,5,2,2,4,3,4,3,4,3,5,3,5,2,3,Does not change
3718,Yes,No,More confident in vaccines,3,2,5,2,2,4,5,5,5,4,4,1,4,3,4,3,1,3,2,2,2,Negative
574,Yes,Yes,More motivated to protect others,5,2,5,5,4,4,3,5,4,4,1,2,1,1,2,1,2,1,2,4,3,Does not change
3853,Yes,No,No strong feelings (neutral),1,1,3,2,1,1,5,4,4,2,5,5,4,4,5,3,1,3,4,5,5,Does not change
4572,No,No,NA,1,1,2,2,2,2,4,1,2,5,3,3,4,5,4,4,4,3,5,4,4,Does not change
3211,Yes,No,No strong feelings (neutral),3,4,4,4,4,4,2,2,4,2,1,1,3,3,3,4,3,4,3,2,2,Does not change
839,No,Yes,More motivated to protect others,5,5,5,5,3,4,2,5,4,5,3,2,1,1,3,1,1,2,1,1,4,Does not change
1113,No,Yes,More confident in vaccines,5,5,4,5,5,1,2,2,2,1,2,2,2,5,5,2,1,3,3,1,2,Does not change
4908,Yes,No,NA,4,3,2,2,4,1,5,2,2,2,5,4,3,2,4,1,2,3,2,1,4,Does not change
4311,No,Yes,No strong feelings (neutral),5,3,5,2,5,3,3,4,3,2,2,3,3,2,3,1,4,3,3,3,4,Positive
4247,Yes,Yes,More confident in vaccines,4,5,2,5,4,5,5,3,2,4,3,1,2,1,4,1,2,3,1,3,2,Does not change
544,No,No,No strong feelings (neutral),3,3,2,4,3,3,2,4,2,5,3,2,1,5,3,4,3,4,1,4,4,Does not change
1945,Yes,No,More motivated to protect others,5,2,4,2,4,3,1,1,5,1,1,3,4,2,1,5,2,1,3,3,1,Negative
3100,No,No,No strong feelings (neutral),5,4,5,4,1,3,1,4,1,2,3,2,3,2,3,3,2,2,1,1,1,Does not change
2022,No,No,No strong feelings (neutral),4,3,3,3,2,4,2,2,2,2,2,2,5,1,3,1,1,5,2,5,1,Does not change
3536,No,No,NA,5,1,2,3,4,4,3,5,2,3,3,5,4,4,2,2,2,2,3,3,4,Negative
3936,Yes,Yes,NA,2,2,3,3,2,1,3,4,4,2,4,2,4,4,5,4,3,4,3,3,3,Much more positive
4673,No,Yes,No strong feelings (neutral),4,4,5,3,1,4,3,3,4,2,3,1,1,1,2,3,3,1,3,3,2,Does not change
3859,No,No,No strong feelings (neutral),5,3,4,4,3,4,4,3,4,3,2,2,3,1,2,4,4,4,3,1,2,Does not change
2039,No,No,No strong feelings (neutral),4,3,1,4,4,3,2,4,4,2,4,3,3,4,1,4,2,1,5,5,4,Much more negative
3008,Yes,No,No strong feelings (neutral),1,5,3,1,4,3,1,2,3,4,4,3,1,3,4,1,4,1,3,2,3,Negative
4010,Yes,Yes,More motivated to protect others,4,1,5,2,3,3,4,4,3,1,1,3,1,4,4,1,3,1,2,1,1,Positive
3403,Yes,Yes,No strong feelings (neutral),5,4,2,3,1,1,3,2,4,3,2,1,1,4,3,2,4,1,3,5,4,Does not change
4764,Yes,No,No strong feelings (neutral),5,5,3,4,2,5,2,5,3,3,1,3,1,4,5,3,5,5,5,1,5,Positive
85,Yes,Yes,No strong feelings (neutral),4,2,3,3,1,3,2,2,4,5,2,4,3,3,1,2,5,5,5,5,5,Does not change
2482,No,No,More motivated to protect others,4,3,1,4,1,2,3,3,2,3,3,5,3,3,1,2,3,4,1,3,4,Much more positive
542,No,No,No strong feelings (neutral),4,3,3,1,3,2,2,3,1,4,5,5,5,5,4,3,3,5,5,5,2,Does not change
4018,No,No,No strong feelings (neutral),2,2,2,2,4,4,4,2,2,4,3,3,4,3,4,3,3,3,3,2,3,Does not change
2869,No,Yes,"More confident in vaccines, Overwhelmed",2,3,2,1,2,3,3,3,2,2,5,5,1,5,4,5,2,3,3,3,4,Negative
1606,Yes,Yes,No strong feelings (neutral),2,5,1,5,4,4,2,2,2,4,3,3,3,2,4,2,4,3,3,2,5,Does not change
4281,No,No,No strong feelings (neutral),2,1,1,2,4,1,2,3,1,5,3,5,5,3,4,5,2,3,3,2,4,Does not change
4283,Yes,Yes,No strong feelings (neutral),4,5,5,2,2,2,2,3,2,3,1,3,2,3,3,1,3,4,2,4,3,Does not change
1869,Yes,No,NA,5,3,2,3,4,2,3,2,3,3,2,3,3,3,3,4,2,3,1,4,1,Does not change
518,Yes,Yes,No strong feelings (neutral),3,5,5,4,5,4,3,1,4,1,1,1,3,3,1,5,3,5,4,2,2,Positive
3611,Yes,No,NA,3,3,2,4,1,4,4,4,2,2,3,5,4,4,5,4,1,4,3,3,4,Negative
238,No,No,NA,2,3,4,4,1,4,3,3,1,2,4,5,2,4,1,1,5,2,3,3,3,Does not change
3714,Yes,No,More confident in vaccines,5,3,3,4,5,5,2,1,3,3,4,1,2,1,1,4,1,4,4,1,1,Much more positive
2459,Yes,No,No strong feelings (neutral),5,1,4,1,4,4,5,2,2,5,2,2,3,3,4,5,4,2,5,3,5,Does not change
259,No,No,No strong feelings (neutral),2,4,2,1,5,2,3,3,1,4,4,2,2,4,3,3,1,4,5,3,3,Does not change
897,Yes,Yes,"More confident in vaccines, More anxious about side effects",4,4,2,5,1,4,5,3,4,1,2,3,5,3,3,3,3,4,2,4,2,Does not change
1454,No,Yes,More motivated to protect others,4,4,5,5,3,5,2,3,3,3,1,3,1,3,2,5,3,2,4,2,1,Negative
2715,No,Yes,More motivated to protect others,2,4,5,3,4,2,2,3,5,5,2,3,3,2,1,4,1,4,3,2,2,Does not change
4261,No,Yes,No strong feelings (neutral),2,2,1,1,3,1,3,2,5,2,4,4,3,5,4,5,4,3,4,5,5,Does not change
2832,No,No,No strong feelings (neutral),3,1,1,3,2,3,3,3,1,4,4,2,5,5,4,2,5,5,4,4,1,Does not change
4388,No,Yes,No strong feelings (neutral),1,4,5,4,3,5,5,2,4,3,5,2,4,3,1,2,2,2,3,5,3,Does not change
4415,No,No,No strong feelings (neutral),3,5,5,5,2,3,4,1,3,1,1,4,2,3,2,2,3,3,4,1,1,Does not change
2106,No,Yes,No strong feelings (neutral),5,5,5,4,5,3,2,2,1,1,2,1,1,2,2,1,2,2,1,1,2,Does not change
1929,Yes,Yes,More anxious about side effects,3,5,3,5,3,2,5,2,5,1,3,4,1,1,1,4,5,5,5,4,2,Does not change
1534,Yes,Yes,"More confident in vaccines, Overwhelmed",1,2,1,5,2,4,3,2,5,4,1,5,1,2,5,5,5,5,2,2,1,Much more negative
1639,No,No,No strong feelings (neutral),5,4,4,5,3,1,5,3,3,2,2,2,2,4,3,5,4,4,1,2,2,Negative
2190,Yes,Yes,More motivated to protect others,5,5,5,3,4,5,4,2,5,2,1,1,3,4,3,1,3,2,2,1,1,Much more negative
3639,Yes,Yes,No strong feelings (neutral),5,1,4,5,3,4,5,1,5,2,1,5,3,1,5,3,1,5,2,3,1,Does not change
240,Yes,Yes,More confident in vaccines,5,3,3,5,3,3,1,5,3,1,4,1,3,3,1,1,1,3,1,2,3,Does not change
3268,Yes,Yes,More confident in vaccines,5,4,1,5,5,3,2,4,4,1,1,2,3,1,3,3,4,1,1,2,1,Does not change
4772,No,No,More confident in vaccines,4,3,5,5,2,4,3,5,3,1,3,2,4,1,3,2,3,3,4,4,3,Positive
590,No,Yes,No strong feelings (neutral),3,5,1,4,1,3,3,3,4,3,3,4,1,4,5,4,4,3,3,1,1,Negative
2083,No,Yes,More motivated to protect others,5,3,4,5,5,5,3,2,1,1,1,2,4,1,1,4,2,2,2,2,3,Much more positive
751,Yes,Yes,No strong feelings (neutral),5,4,5,2,5,4,3,3,2,3,2,1,1,2,4,2,2,1,1,2,2,Does not change
4861,No,Yes,"More confident in vaccines, Overwhelmed",1,1,1,2,3,1,2,3,3,4,3,2,1,4,5,3,3,3,5,2,3,Does not change
1643,No,Yes,More confident in vaccines,5,3,4,5,5,4,4,4,4,1,1,1,3,1,2,5,1,1,2,2,2,Does not change
4647,Yes,No,More confident in vaccines,3,5,4,4,2,4,2,3,1,4,3,3,1,3,1,3,1,2,3,3,1,Does not change
957,No,No,NA,4,1,4,4,5,5,3,4,1,4,2,3,1,3,1,5,4,5,3,2,4,Does not change
15,No,Yes,No strong feelings (neutral),5,4,5,3,4,3,3,3,3,1,1,3,4,5,5,5,3,3,3,3,3,Does not change
3080,Yes,No,No strong feelings (neutral),2,4,3,4,4,3,3,2,3,1,3,5,3,3,2,3,3,3,2,5,4,Positive
4594,Yes,Yes,No strong feelings (neutral),5,5,3,1,5,4,4,2,2,3,3,1,1,4,2,1,1,2,2,2,2,Positive
1638,No,No,No strong feelings (neutral),3,2,3,4,4,2,4,1,4,3,3,5,3,4,3,4,4,3,4,4,3,Positive
4671,Yes,Yes,No strong feelings (neutral),3,3,3,1,5,3,4,2,2,5,1,4,3,1,5,3,4,1,3,3,3,Does not change
3122,Yes,Yes,Overwhelmed,5,4,4,5,5,3,4,2,4,3,4,5,4,3,4,1,3,5,2,5,5,Positive
2496,No,Yes,No strong feelings (neutral),5,4,5,2,1,5,2,2,2,4,3,1,1,3,3,4,3,4,3,3,4,Does not change
666,No,No,NA,5,1,4,3,2,4,1,3,3,3,2,3,3,2,2,1,3,5,1,4,3,Does not change
2068,No,Yes,Overwhelmed,5,3,5,2,3,5,4,4,1,3,1,1,3,5,5,3,4,4,3,1,2,Positive
3737,No,Yes,"More motivated to protect others, More confident in vaccines",5,5,5,2,4,5,3,1,5,3,3,2,1,4,2,1,3,2,4,4,1,Positive
3572,Yes,Yes,More motivated to protect others,4,4,5,4,5,3,3,5,2,1,2,1,3,3,4,1,1,2,2,3,3,Positive
4522,No,Yes,No strong feelings (neutral),5,5,5,4,4,4,2,3,4,2,3,3,3,2,3,1,2,1,1,2,1,Does not change
449,Yes,No,No strong feelings (neutral),4,3,3,5,5,3,1,2,1,3,5,3,1,1,2,5,2,5,2,2,2,Much more negative
3822,No,No,No strong feelings (neutral),5,3,2,3,1,5,5,1,1,5,4,3,5,2,2,3,2,1,4,5,2,Positive
2328,No,Yes,"More motivated to protect others, More anxious about side effects",1,1,3,4,3,2,1,4,4,5,5,4,2,2,3,3,2,2,3,3,5,Much more positive
3521,Yes,Yes,More motivated to protect others,5,3,5,5,5,3,4,3,2,1,1,3,1,5,3,4,3,1,2,1,4,Much more positive
1412,No,No,No strong feelings (neutral),5,4,1,5,2,3,3,1,4,3,4,3,1,5,1,2,2,3,1,5,5,Does not change
1600,No,No,NA,4,2,3,2,4,5,4,2,2,2,5,3,2,2,3,1,1,4,3,4,1,Does not change
727,No,No,No strong feelings (neutral),5,4,1,4,4,2,2,4,4,5,3,4,3,4,2,5,3,2,5,3,2,Does not change
1937,No,No,No strong feelings (neutral),1,4,3,5,2,3,2,3,3,4,5,3,2,4,3,5,3,5,5,3,5,Does not change
2737,No,Yes,More motivated to protect others,3,4,2,5,5,4,2,4,2,1,1,1,3,2,1,2,1,2,1,1,3,Does not change
2855,Yes,Yes,"More confident in vaccines, Overwhelmed",1,5,2,3,2,2,3,2,1,5,4,5,5,1,4,2,5,4,4,4,4,Positive
4353,Yes,Yes,More confident in vaccines,4,2,2,4,5,1,2,3,3,4,1,4,3,1,2,3,4,2,1,3,3,Does not change
2256,No,No,No strong feelings (neutral),3,3,2,5,1,1,2,4,4,5,2,3,2,5,1,3,5,3,3,3,4,Does not change
355,Yes,No,More confident in vaccines,5,3,5,5,2,2,3,3,2,1,2,1,3,1,2,1,3,1,1,3,2,Does not change
2113,Yes,No,No strong feelings (neutral),2,3,2,1,1,4,1,2,2,4,2,3,3,3,3,5,3,2,2,1,2,Much more negative
1060,Yes,No,More confident in vaccines,2,3,4,4,3,4,1,5,4,1,3,3,3,2,4,1,3,4,1,1,3,Positive
2358,Yes,Yes,No strong feelings (neutral),5,2,5,4,4,3,2,5,4,1,4,3,4,2,1,1,2,3,1,2,3,Does not change
1011,No,No,No strong feelings (neutral),1,2,3,3,4,2,4,2,2,1,5,2,5,4,4,5,1,5,5,5,3,Does not change
1575,No,No,No strong feelings (neutral),4,1,5,1,3,5,1,2,3,2,3,3,2,2,4,5,3,5,4,4,3,Negative
1499,No,Yes,"Overwhelmed, More anxious about side effects",5,3,4,1,4,2,1,3,1,3,4,2,1,1,5,3,1,3,5,2,3,Positive
1618,Yes,No,No strong feelings (neutral),1,5,1,1,4,1,5,3,4,4,2,3,3,2,2,5,1,2,5,2,4,Does not change
1371,Yes,Yes,Overwhelmed,5,5,3,5,5,3,3,2,2,2,5,2,1,1,4,5,3,4,2,1,2,Does not change
4393,Yes,Yes,Overwhelmed,4,4,5,4,4,4,1,2,2,3,2,3,2,3,5,2,3,1,3,2,4,Negative
2679,No,Yes,More confident in vaccines,3,3,3,1,3,3,3,4,1,3,4,1,1,1,4,3,2,2,1,2,2,Negative
716,Yes,Yes,More confident in vaccines,3,3,5,5,1,3,4,2,2,1,3,2,1,4,2,1,1,3,1,2,1,Positive
687,Yes,Yes,More motivated to protect others,5,5,2,4,4,5,4,2,2,3,1,2,1,4,3,2,1,1,1,4,1,Much more positive
1680,Yes,Yes,More confident in vaccines,5,4,5,5,2,2,3,3,4,1,3,4,3,4,1,2,3,3,4,1,2,Negative
4525,No,No,No strong feelings (neutral),3,4,2,2,5,1,3,2,4,1,2,3,2,2,2,5,3,4,2,2,4,Does not change
3351,Yes,No,No strong feelings (neutral),3,1,2,2,4,4,2,4,2,2,2,3,1,5,5,4,5,5,5,4,4,Much more positive
3124,No,Yes,No strong feelings (neutral),3,2,5,5,3,5,4,4,4,3,1,2,2,3,5,4,1,3,3,2,1,Positive
3799,No,No,No strong feelings (neutral),4,3,2,4,2,5,1,3,4,1,3,5,1,4,2,2,3,1,5,3,4,Negative
740,Yes,No,No strong feelings (neutral),5,1,4,1,4,5,4,1,1,4,3,1,5,2,3,1,4,5,1,5,4,Does not change
1664,Yes,Yes,No strong feelings (neutral),5,4,4,3,5,3,2,4,4,3,2,1,4,3,3,2,4,1,1,1,2,Does not change
1516,Yes,No,No strong feelings (neutral),5,1,5,5,5,4,3,4,2,1,1,2,1,3,1,2,1,1,2,1,1,Does not change
4693,No,Yes,More motivated to protect others,3,4,2,4,5,2,5,2,4,1,1,3,2,3,4,3,1,2,1,2,3,Does not change
1532,No,Yes,No strong feelings (neutral),2,2,3,5,4,4,3,3,1,2,4,1,4,1,5,1,3,4,3,1,4,Positive
750,Yes,No,More confident in vaccines,3,5,5,5,3,5,5,3,4,2,1,2,2,1,3,1,1,4,5,2,2,Does not change
4509,No,No,More motivated to protect others,3,5,3,3,4,5,1,1,4,4,3,2,1,4,2,1,4,3,4,4,2,Does not change
3756,No,Yes,No strong feelings (neutral),3,5,5,4,5,3,4,2,2,4,1,3,5,2,5,2,4,3,1,2,2,Does not change
4231,Yes,Yes,More confident in vaccines,3,4,5,5,5,5,3,3,4,2,1,2,3,3,1,4,2,2,2,1,2,Does not change
782,No,Yes,No strong feelings (neutral),1,1,1,1,1,2,4,1,4,1,1,5,1,4,2,5,5,5,3,5,4,Positive
4249,No,No,"More motivated to protect others, More confident in vaccines",4,1,5,4,4,5,2,4,2,3,3,3,4,3,2,3,4,5,5,3,2,Does not change
2460,No,No,No strong feelings (neutral),3,3,1,1,2,1,3,3,3,4,5,1,4,2,4,2,5,1,1,4,5,Does not change
4848,No,Yes,More confident in vaccines,3,4,2,4,4,3,4,5,3,3,4,3,1,1,3,4,3,1,5,4,3,Does not change
4628,No,Yes,No strong feelings (neutral),5,2,1,2,1,1,5,3,2,4,1,2,2,5,3,5,4,3,2,5,1,Does not change
61,No,No,No strong feelings (neutral),3,2,3,5,3,2,5,4,3,3,2,4,3,4,1,4,2,3,3,2,3,Does not change
2554,Yes,No,More confident in vaccines,5,5,1,3,1,2,5,2,2,4,2,3,3,1,1,2,1,4,1,4,4,Much more negative
3493,Yes,Yes,More motivated to protect others,3,1,1,3,5,4,3,3,2,2,1,1,1,3,2,3,2,1,4,1,1,Does not change
4079,Yes,Yes,Overwhelmed,4,5,4,5,3,2,5,2,4,3,3,1,2,4,4,2,3,1,3,2,3,Does not change
4375,No,Yes,"More motivated to protect others, More confident in vaccines",3,3,2,3,4,4,5,2,3,4,3,5,5,1,1,3,2,3,4,2,3,Does not change
4537,No,No,More anxious about side effects,1,3,2,2,1,5,3,5,5,3,1,4,3,2,3,1,1,1,3,1,5,Positive
2718,Yes,No,No strong feelings (neutral),2,1,4,4,4,2,3,1,3,4,3,4,1,2,1,3,3,1,2,3,3,Does not change
3761,Yes,Yes,No strong feelings (neutral),2,3,5,4,4,4,5,3,3,1,2,2,2,2,1,3,3,1,1,2,1,Does not change
1935,Yes,Yes,No strong feelings (neutral),3,4,3,2,1,3,1,4,2,2,2,3,2,4,3,2,2,3,4,5,1,Does not change
873,Yes,Yes,"More motivated to protect others, More anxious about side effects",5,3,5,5,2,3,4,4,3,5,3,4,3,1,4,4,1,5,2,4,3,Does not change
329,No,No,No strong feelings (neutral),2,4,3,4,5,4,4,2,3,4,2,3,4,2,3,2,2,4,4,5,3,Positive
424,No,Yes,No strong feelings (neutral),5,4,4,4,3,3,3,2,5,3,1,3,1,5,2,5,2,1,2,5,2,Does not change
3071,No,No,No strong feelings (neutral),3,1,2,5,2,3,3,3,4,2,2,2,3,1,2,4,5,3,4,3,4,Does not change
1965,No,Yes,No strong feelings (neutral),3,5,2,1,4,2,1,5,3,2,3,4,1,1,3,1,3,2,5,1,3,Does not change
3431,No,No,More motivated to protect others,5,3,3,1,3,4,2,3,4,4,2,3,2,2,3,3,3,3,2,5,5,Does not change
3470,Yes,No,"More confident in vaccines, More anxious about side effects",5,5,4,3,2,4,3,2,1,3,4,1,1,1,4,3,2,1,2,3,2,Does not change
3565,Yes,No,More confident in vaccines,1,5,2,5,4,3,4,1,3,2,3,1,3,2,3,2,2,1,2,2,4,Negative
2800,No,No,No strong feelings (neutral),4,2,4,1,4,3,3,3,5,2,2,4,3,4,1,4,4,2,2,2,1,Does not change
4453,No,No,No strong feelings (neutral),2,4,3,1,3,1,1,4,4,5,4,2,5,5,2,3,2,3,4,4,2,Does not change
4746,Yes,Yes,No strong feelings (neutral),5,3,5,3,4,5,3,4,5,2,2,2,1,1,5,1,3,1,1,5,1,Does not change
1568,No,No,No strong feelings (neutral),1,1,3,3,4,5,3,3,5,1,1,3,3,3,3,4,3,2,2,2,5,Does not change
4902,No,No,No strong feelings (neutral),3,5,5,3,4,1,2,4,1,4,2,5,5,3,1,1,5,5,4,4,2,Does not change
4384,Yes,No,More confident in vaccines,5,2,5,3,3,3,3,3,3,3,1,3,1,3,1,1,1,2,2,2,3,Positive
2264,Yes,No,No strong feelings (neutral),3,5,5,2,5,5,2,2,3,2,4,3,4,1,2,4,1,1,4,2,4,Does not change
2225,No,Yes,No strong feelings (neutral),3,2,4,3,4,4,1,5,3,5,3,1,2,2,2,3,3,3,4,3,5,Does not change
3318,No,No,No strong feelings (neutral),3,2,3,2,2,3,4,2,2,5,5,3,5,2,3,5,3,5,4,2,1,Does not change
2966,Yes,Yes,No strong feelings (neutral),3,2,5,5,5,4,4,4,2,1,3,1,3,1,1,2,1,2,3,1,1,Does not change
1982,Yes,No,"Overwhelmed, More anxious about side effects",3,5,5,5,5,3,3,1,5,5,3,5,2,4,5,2,2,5,4,1,4,Does not change
952,No,No,No strong feelings (neutral),3,2,2,5,5,2,5,2,4,3,1,4,4,1,5,3,4,5,1,5,2,Much more negative
482,No,No,No strong feelings (neutral),3,3,4,3,3,5,1,5,2,3,2,4,3,3,5,5,2,3,4,4,3,Does not change
1908,Yes,No,No strong feelings (neutral),1,1,5,4,2,4,1,3,4,2,3,5,4,2,3,3,3,5,4,1,3,Does not change
4555,No,No,No strong feelings (neutral),4,3,2,2,4,2,4,5,2,3,3,5,5,4,3,5,3,5,5,3,1,Does not change
4922,No,No,NA,3,4,5,5,3,4,4,5,4,4,3,2,5,5,4,4,2,5,2,5,2,Does not change
1546,Yes,No,NA,1,2,4,3,3,3,3,3,3,4,2,4,1,2,3,4,4,4,5,4,4,Does not change
2808,Yes,No,"More confident in vaccines, Overwhelmed",3,5,4,3,2,5,4,3,4,4,3,1,5,5,5,3,3,4,3,1,4,Does not change
4865,Yes,Yes,More confident in vaccines,4,3,2,5,5,5,3,4,2,1,2,5,3,1,1,1,1,2,3,3,1,Positive
2259,No,Yes,More confident in vaccines,5,3,4,3,4,5,2,2,5,1,1,5,2,5,2,1,2,1,3,3,3,Does not change
1007,Yes,No,No strong feelings (neutral),4,3,3,4,4,5,4,4,5,2,1,2,2,3,2,3,4,5,2,2,4,Does not change
3079,No,No,NA,5,2,2,2,2,2,2,5,2,5,3,5,5,5,4,3,5,3,3,3,4,Does not change
1616,Yes,Yes,No strong feelings (neutral),5,4,5,3,5,5,1,4,3,3,2,1,1,1,3,1,5,2,3,2,2,Much more negative
3269,Yes,No,More confident in vaccines,5,3,4,4,3,5,4,5,4,3,2,5,5,2,5,2,5,2,4,4,1,Positive
3371,Yes,Yes,NA,5,4,5,4,2,1,3,2,3,5,2,3,2,4,5,1,2,1,1,2,1,Does not change
830,No,Yes,More confident in vaccines,4,5,2,5,5,2,4,3,3,1,1,3,2,4,2,2,3,2,2,4,2,Does not change
640,Yes,Yes,More confident in vaccines,5,5,5,2,5,3,2,5,4,1,1,2,2,1,4,2,2,1,1,1,2,Does not change
737,Yes,Yes,More confident in vaccines,5,1,5,5,5,3,3,1,4,1,1,1,3,5,1,2,2,4,3,1,2,Does not change
2722,Yes,No,No strong feelings (neutral),1,1,4,1,2,5,2,2,3,4,4,4,4,2,5,3,3,4,5,5,4,Does not change
4419,No,Yes,Overwhelmed,1,3,2,4,3,3,3,3,1,2,4,3,3,3,5,3,4,4,5,4,3,Does not change
906,Yes,No,No strong feelings (neutral),3,2,5,3,1,4,3,2,2,1,4,1,3,3,4,5,4,2,4,4,4,Negative
4171,No,No,NA,2,4,4,3,4,2,5,5,2,3,4,1,4,1,5,2,1,3,2,4,3,Does not change
870,No,No,No strong feelings (neutral),5,5,5,2,4,2,4,4,3,4,2,3,4,3,2,3,2,2,2,3,3,Does not change
2201,No,No,No strong feelings (neutral),2,5,1,4,1,2,1,3,1,4,5,3,5,2,1,4,3,3,5,4,5,Does not change
2976,Yes,Yes,More confident in vaccines,5,2,2,5,3,5,1,5,5,5,2,3,2,1,3,3,2,4,5,3,5,Does not change
1426,Yes,No,More confident in vaccines,5,5,3,5,5,4,4,3,2,4,4,1,1,2,1,1,2,1,1,2,3,Much more positive
374,Yes,Yes,More motivated to protect others,5,5,3,5,4,4,2,3,2,2,1,1,3,1,1,3,4,2,1,2,2,Positive
1263,No,No,NA,5,4,1,4,2,4,3,3,5,1,4,2,2,2,4,5,3,1,2,1,2,Positive
622,No,No,Overwhelmed,5,3,3,5,4,1,4,3,3,3,3,3,4,2,5,1,4,3,5,4,5,Much more positive
4893,Yes,Yes,More confident in vaccines,5,4,4,4,5,5,2,5,3,2,1,5,1,4,1,2,1,1,1,1,1,Does not change
1529,No,No,No strong feelings (neutral),1,3,4,4,5,3,4,3,5,4,4,4,2,4,1,3,5,5,1,4,3,Does not change
3181,Yes,Yes,No strong feelings (neutral),5,2,5,3,4,3,4,5,2,1,3,3,1,3,2,2,4,3,4,1,1,Positive
3060,Yes,Yes,More confident in vaccines,5,3,5,3,5,3,1,5,4,3,1,5,2,1,2,1,1,3,3,3,5,Does not change
3977,No,No,NA,1,2,5,1,1,2,4,2,2,4,4,4,5,3,3,3,4,5,3,4,4,Does not change
3281,Yes,Yes,More confident in vaccines,5,1,4,1,2,3,1,4,2,1,1,2,5,4,4,1,5,1,4,3,4,Does not change
2625,No,No,No strong feelings (neutral),2,1,3,1,3,4,3,4,3,1,3,4,2,4,4,5,5,4,2,2,2,Positive
2069,Yes,Yes,More motivated to protect others,5,3,3,4,5,5,2,4,4,1,3,1,5,4,2,3,1,4,1,1,2,Positive
4627,Yes,No,NA,1,3,1,2,2,5,3,3,4,4,5,1,5,3,4,3,2,4,3,5,5,Does not change
4512,Yes,No,No strong feelings (neutral),3,1,2,3,3,1,4,1,2,3,3,5,2,5,5,5,3,2,5,3,3,Does not change
4868,No,No,No strong feelings (neutral),2,4,2,3,3,4,1,2,3,3,5,4,4,4,4,5,3,1,3,3,1,Does not change
2920,Yes,No,More confident in vaccines,5,3,2,1,1,1,5,3,5,3,1,2,2,3,3,2,2,3,2,5,2,Does not change
561,Yes,No,"More confident in vaccines, Overwhelmed",4,2,2,4,2,3,3,2,3,4,5,4,3,1,4,1,2,1,2,3,5,Positive
4956,Yes,Yes,Overwhelmed,2,1,2,1,5,3,3,3,2,3,3,2,3,3,5,4,3,2,5,3,5,Does not change
4835,No,Yes,No strong feelings (neutral),1,1,4,3,3,1,5,2,4,1,3,2,4,1,5,5,1,2,3,5,3,Does not change
1127,Yes,No,No strong feelings (neutral),4,4,5,5,4,3,2,5,3,1,3,3,2,3,3,1,2,2,1,3,1,Does not change
3468,No,Yes,More confident in vaccines,3,2,4,3,4,5,4,5,2,2,4,4,4,3,1,4,1,3,3,1,4,Positive
1082,Yes,Yes,More motivated to protect others,2,2,2,2,3,4,1,2,3,1,1,1,3,3,1,5,1,1,1,3,2,Does not change
3370,Yes,No,No strong feelings (neutral),5,5,2,2,2,5,2,4,5,3,1,2,4,2,2,1,2,1,4,2,2,Negative
2907,Yes,No,More confident in vaccines,5,3,2,5,3,5,2,4,4,2,3,3,4,2,3,1,1,2,2,5,3,Negative
4139,No,Yes,More motivated to protect others,3,3,5,4,2,5,3,2,1,2,1,3,4,1,1,3,4,1,3,1,2,Much more positive
4312,Yes,Yes,More motivated to protect others,2,3,2,1,4,3,1,1,3,4,3,1,3,1,3,4,4,1,2,3,3,Does not change
3495,No,Yes,More confident in vaccines,5,4,3,5,4,5,3,4,2,1,1,1,1,3,2,5,1,1,3,1,3,Much more positive
2638,Yes,No,NA,3,4,4,5,4,5,1,4,1,3,2,2,2,3,5,3,1,2,2,2,4,Does not change
3315,No,Yes,No strong feelings (neutral),4,4,3,1,2,1,2,3,3,2,4,1,1,5,3,5,4,2,5,1,2,Does not change
3534,Yes,Yes,More motivated to protect others,3,2,3,2,4,1,1,2,2,4,2,3,3,3,4,2,2,2,4,3,3,Positive
192,No,No,NA,3,2,5,4,4,4,4,4,5,1,4,1,2,3,3,3,4,3,5,1,3,Does not change
1231,Yes,No,No strong feelings (neutral),4,4,4,3,4,1,5,3,1,5,4,2,4,3,5,5,2,3,3,5,3,Positive
2527,No,No,NA,4,4,1,5,5,3,5,4,3,2,2,1,2,2,3,4,2,2,1,1,4,Negative
1121,No,No,Overwhelmed,4,4,5,4,5,4,3,5,4,2,3,1,1,1,5,5,3,2,1,3,4,Does not change
681,No,No,No strong feelings (neutral),3,4,3,5,2,3,3,3,3,5,4,2,3,5,1,5,2,2,4,5,5,Much more negative
4899,Yes,Yes,No strong feelings (neutral),5,3,5,4,3,4,2,3,2,2,4,2,4,3,2,3,4,2,2,3,2,Positive
631,Yes,No,More confident in vaccines,2,4,4,2,3,5,5,4,2,4,5,3,2,4,1,3,2,2,3,3,3,Does not change
2977,No,Yes,No strong feelings (neutral),2,1,4,3,5,4,5,3,1,5,5,3,1,5,2,1,4,3,3,2,4,Positive
2311,No,No,Overwhelmed,1,2,2,1,5,2,2,3,1,4,5,5,1,5,5,3,4,4,5,2,2,Does not change
3043,Yes,Yes,"More confident in vaccines, Overwhelmed",1,3,3,5,2,1,2,2,3,1,3,2,5,1,4,1,5,2,2,1,2,Does not change
930,No,Yes,NA,5,3,3,4,1,3,4,4,2,1,4,4,2,2,5,3,4,4,1,4,3,Does not change
1348,No,No,NA,5,3,3,4,3,5,4,5,1,1,2,3,4,2,2,4,1,3,1,3,3,Does not change
817,No,No,More motivated to protect others,5,3,3,2,2,3,4,4,3,1,1,1,2,3,1,5,2,2,1,3,5,Positive
2599,Yes,Yes,More confident in vaccines,4,4,5,4,1,4,5,2,3,5,4,5,4,2,3,1,4,3,3,2,2,Does not change
1940,No,Yes,More motivated to protect others,2,4,5,4,2,2,2,2,1,2,4,5,1,1,5,5,1,5,2,3,3,Positive
416,Yes,Yes,More confident in vaccines,4,1,5,2,2,4,3,5,3,2,1,1,5,1,2,2,1,3,3,1,1,Negative
2430,Yes,No,More confident in vaccines,5,5,5,4,5,4,3,3,3,1,1,1,1,1,3,3,1,4,1,2,1,Does not change
1545,Yes,No,More confident in vaccines,5,4,2,5,3,2,3,4,5,4,1,3,1,1,2,3,1,1,2,2,5,Positive
4430,Yes,Yes,More confident in vaccines,3,5,5,3,3,5,4,2,2,1,1,2,1,1,4,4,3,1,3,2,4,Positive
3734,No,Yes,No strong feelings (neutral),5,5,1,2,3,2,4,4,3,2,4,4,1,4,3,2,3,5,5,3,3,Positive
2499,No,Yes,More confident in vaccines,5,5,1,3,4,4,5,4,2,1,2,1,3,3,2,1,1,1,4,1,1,Does not change
4974,No,Yes,No strong feelings (neutral),2,2,3,4,5,2,1,5,2,3,1,1,4,4,2,1,1,3,2,1,4,Negative
2609,Yes,No,NA,2,5,4,2,1,1,1,4,1,5,4,5,5,4,5,2,5,3,4,2,2,Does not change
4015,Yes,Yes,Overwhelmed,2,5,5,4,3,4,3,2,4,3,1,1,1,2,5,1,3,5,1,3,2,Does not change
1519,Yes,No,No strong feelings (neutral),3,5,2,5,2,5,1,3,2,3,2,4,4,3,3,2,3,3,1,4,3,Much more positive
2613,No,No,No strong feelings (neutral),4,4,5,5,2,5,3,3,2,4,2,5,3,3,4,3,5,4,4,1,1,Does not change
910,No,Yes,More motivated to protect others,5,3,2,5,4,5,2,2,3,3,5,1,3,2,2,2,4,3,1,1,3,Much more positive
3650,No,Yes,More motivated to protect others,5,3,4,5,5,5,2,2,4,3,1,2,2,2,2,4,4,3,2,2,3,Negative
4843,Yes,No,No strong feelings (neutral),1,1,4,4,4,5,1,2,2,2,3,4,3,4,3,4,5,3,3,2,4,Does not change
252,No,No,No strong feelings (neutral),1,5,1,3,4,1,5,2,2,2,5,2,3,5,1,2,2,3,4,4,1,Does not change
4032,No,Yes,More confident in vaccines,1,2,1,1,3,1,4,2,1,4,3,2,4,1,2,2,5,2,2,2,1,Positive
4392,Yes,Yes,No strong feelings (neutral),5,5,4,2,4,5,5,4,4,4,3,5,1,4,2,1,5,2,1,3,2,Much more negative
2127,Yes,No,No strong feelings (neutral),3,5,5,3,2,5,2,3,4,1,3,2,3,4,4,3,5,2,1,5,5,Does not change
2901,Yes,Yes,More confident in vaccines,5,5,5,4,3,3,2,4,4,1,3,1,2,3,1,1,1,1,1,3,4,Negative
4813,Yes,No,No strong feelings (neutral),3,2,1,5,4,1,4,3,3,2,3,3,4,5,4,3,4,3,1,5,4,Much more positive
4571,No,Yes,No strong feelings (neutral),5,3,4,2,2,3,5,3,4,1,1,3,4,3,3,4,4,3,1,5,4,Does not change
2743,Yes,No,"More confident in vaccines, Overwhelmed",1,2,2,1,3,3,2,4,3,3,5,3,5,5,5,3,5,1,4,2,5,Does not change
3073,Yes,No,No strong feelings (neutral),2,4,1,4,5,2,2,3,2,4,4,3,5,4,4,5,2,5,3,5,3,Positive
892,No,Yes,More confident in vaccines,3,5,1,5,5,3,3,2,1,3,1,1,4,4,5,1,4,1,2,2,3,Does not change
4930,Yes,No,NA,1,1,2,1,1,1,1,4,3,3,4,3,4,3,4,3,4,4,4,5,3,Does not change
4903,No,No,NA,4,3,4,4,4,3,3,3,4,5,5,2,5,4,5,3,4,1,3,5,3,Negative
3976,Yes,Yes,NA,1,4,5,2,4,3,3,3,2,5,2,2,3,2,1,1,3,2,1,1,4,Does not change
2659,No,No,No strong feelings (neutral),5,4,1,4,5,1,5,5,3,4,4,2,1,4,3,3,2,5,5,4,2,Much more negative
1178,Yes,Yes,Overwhelmed,5,3,3,2,4,5,4,2,2,3,2,4,2,2,4,2,2,2,2,2,3,Positive
4161,Yes,Yes,"More motivated to protect others, More confident in vaccines",5,5,5,2,5,5,2,3,2,4,2,1,1,3,3,1,1,1,2,1,3,Much more positive
876,Yes,No,"More confident in vaccines, Overwhelmed",5,2,5,2,2,1,3,4,2,3,2,3,3,1,5,4,2,2,5,1,4,Positive
3788,No,No,No strong feelings (neutral),5,2,3,3,5,1,3,4,5,3,2,3,1,1,4,5,2,2,2,1,2,Does not change
90,No,No,No strong feelings (neutral),1,1,3,3,1,2,2,5,2,4,5,3,5,5,4,5,3,5,5,5,5,Does not change
2034,No,No,Overwhelmed,4,4,2,3,3,1,2,1,1,5,4,2,4,1,5,2,1,2,2,1,1,Does not change
161,No,No,No strong feelings (neutral),4,2,4,1,4,5,4,3,2,5,2,3,5,3,1,2,1,1,4,2,1,Negative
879,No,Yes,No strong feelings (neutral),1,4,3,3,4,5,2,3,1,3,5,2,4,2,3,2,3,2,3,3,4,Does not change
4142,No,No,No strong feelings (neutral),3,4,5,3,2,3,3,2,4,1,3,4,4,1,3,2,3,4,5,4,1,Positive
4026,No,Yes,No strong feelings (neutral),4,3,5,4,5,5,2,1,4,3,5,1,1,3,2,2,3,3,2,1,4,Does not change
3244,Yes,No,No strong feelings (neutral),2,1,3,5,5,4,1,3,4,3,3,3,3,3,3,5,3,2,2,3,2,Negative
797,No,Yes,No strong feelings (neutral),2,1,3,2,4,2,4,4,4,5,5,3,4,4,4,2,4,5,5,2,4,Much more negative
4923,Yes,No,No strong feelings (neutral),2,5,2,2,4,2,4,1,5,1,2,3,3,2,2,2,5,1,3,2,3,Does not change
1272,Yes,No,No strong feelings (neutral),4,3,1,5,1,3,3,4,1,2,3,3,1,4,4,4,2,4,4,4,3,Negative
3849,No,No,More confident in vaccines,5,5,5,4,5,2,3,5,2,3,1,2,2,1,2,3,3,3,2,2,1,Much more negative
286,No,No,No strong feelings (neutral),3,3,5,2,5,2,1,1,1,1,3,5,5,3,1,3,4,1,3,3,1,Negative
4965,Yes,No,Overwhelmed,5,5,5,5,5,5,1,3,3,2,3,3,2,5,5,2,3,3,2,4,1,Does not change
4608,Yes,No,No strong feelings (neutral),3,4,2,2,1,4,2,1,3,3,3,2,2,5,5,4,1,3,5,4,1,Negative
2620,No,Yes,No strong feelings (neutral),4,3,5,4,5,3,3,4,4,2,3,2,5,3,3,1,4,2,5,3,4,Does not change
4603,Yes,No,More confident in vaccines,1,5,4,2,1,2,2,4,3,3,2,4,4,1,5,4,1,4,3,5,4,Does not change
2189,No,No,Overwhelmed,3,3,3,3,4,1,1,3,3,5,3,2,2,5,4,3,2,4,3,2,3,Does not change
4332,Yes,No,No strong feelings (neutral),3,5,1,4,2,4,5,4,2,5,5,3,3,1,2,3,3,3,4,3,5,Does not change
1476,No,Yes,Overwhelmed,5,5,2,4,3,2,3,3,3,1,3,2,2,1,2,3,1,5,4,2,4,Does not change
4686,Yes,Yes,No strong feelings (neutral),4,1,1,1,2,2,4,3,4,4,2,4,4,3,5,2,3,5,5,5,5,Negative
3222,No,Yes,Overwhelmed,2,3,2,2,4,4,4,4,5,1,4,2,2,2,1,2,4,3,2,2,5,Does not change
3417,No,Yes,No strong feelings (neutral),3,4,3,3,4,1,3,3,4,1,3,4,4,4,3,1,1,4,2,4,4,Does not change
1220,No,No,No strong feelings (neutral),1,2,2,1,2,1,5,5,1,4,2,4,5,3,5,3,5,5,5,5,2,Much more positive
2921,Yes,Yes,No strong feelings (neutral),4,4,4,4,3,5,4,2,4,4,4,1,4,5,1,1,1,5,2,1,2,Negative
3380,No,Yes,More motivated to protect others,4,5,5,4,4,3,3,4,4,3,4,1,1,3,3,4,2,1,1,1,1,Positive
1119,No,No,No strong feelings (neutral),4,1,1,5,2,3,5,1,4,3,3,4,3,5,5,5,3,3,3,2,4,Does not change
1403,No,Yes,Overwhelmed,4,3,3,1,5,1,1,5,4,1,2,4,2,2,5,2,2,1,1,1,1,Does not change
4359,No,No,No strong feelings (neutral),1,3,1,3,4,4,4,3,2,3,4,2,3,3,5,4,3,4,1,5,4,Does not change
1833,Yes,No,"More motivated to protect others, Overwhelmed",5,5,2,2,1,2,2,3,5,4,4,3,2,1,4,1,1,2,2,1,1,Does not change
1469,No,No,No strong feelings (neutral),1,3,5,3,5,4,4,2,3,3,3,5,3,2,3,5,3,5,3,3,4,Does not change
4879,No,No,No strong feelings (neutral),4,3,1,3,3,3,3,3,1,3,5,4,4,5,3,4,5,3,5,1,1,Does not change
1232,No,Yes,NA,1,4,5,4,4,4,2,2,4,4,3,5,1,1,3,2,1,2,3,5,3,Much more positive
4431,No,No,"More confident in vaccines, Overwhelmed, More anxious about side effects",5,3,4,4,1,5,1,3,3,3,4,2,1,2,5,4,5,1,5,2,2,Does not change
263,No,Yes,Overwhelmed,1,4,1,1,3,5,4,2,2,2,3,4,3,4,4,1,1,1,3,2,1,Does not change
2239,Yes,Yes,No strong feelings (neutral),4,4,5,3,3,2,4,1,3,1,3,1,1,1,3,1,1,1,2,1,4,Does not change
1522,Yes,Yes,More motivated to protect others,4,4,3,3,5,1,2,4,5,1,2,1,1,4,1,3,2,1,2,2,3,Positive
2666,Yes,No,No strong feelings (neutral),4,5,5,4,4,1,3,5,5,1,2,1,3,1,3,2,4,2,2,3,2,Positive
3145,No,Yes,No strong feelings (neutral),5,1,3,1,5,3,3,3,5,3,5,1,5,4,3,4,4,5,5,4,2,Does not change
2512,No,Yes,No strong feelings (neutral),5,5,4,5,4,4,5,3,5,1,3,4,1,5,4,2,3,3,3,4,4,Does not change
102,No,Yes,More confident in vaccines,5,5,5,3,2,3,4,3,4,3,2,3,2,3,3,2,5,3,1,2,3,Does not change
1989,Yes,Yes,No strong feelings (neutral),5,5,5,3,3,5,2,3,2,1,3,1,4,5,2,2,4,3,2,2,2,Positive
2310,No,No,NA,5,4,4,5,5,4,1,2,2,2,5,1,3,4,3,3,3,2,4,2,2,Does not change
2095,No,No,No strong feelings (neutral),4,5,5,2,4,5,2,3,4,1,2,3,4,2,1,1,2,1,2,1,3,Does not change
72,No,No,No strong feelings (neutral),2,5,5,3,2,4,4,3,2,5,4,3,4,2,5,4,2,2,3,4,3,Does not change
1728,No,No,No strong feelings (neutral),3,3,4,4,5,4,5,5,2,4,4,3,4,1,1,5,5,3,2,3,4,Much more negative
787,No,Yes,NA,5,1,5,5,4,4,3,2,4,1,2,3,1,1,3,1,2,2,2,2,3,Does not change
617,Yes,No,No strong feelings (neutral),2,1,2,2,2,1,2,2,3,4,2,5,4,5,4,5,3,2,4,2,5,Does not change
3177,No,No,More confident in vaccines,5,3,4,5,2,5,1,1,3,2,2,1,3,3,4,3,2,1,4,5,3,Positive
4605,Yes,No,No strong feelings (neutral),2,4,4,3,3,3,3,2,5,2,4,3,2,5,3,4,3,4,4,2,3,Does not change
3314,Yes,Yes,No strong feelings (neutral),5,5,5,5,4,5,4,5,1,1,3,1,2,1,2,3,2,2,5,2,2,Does not change
1962,No,Yes,More confident in vaccines,3,5,1,5,3,1,5,2,5,3,4,1,3,4,3,4,4,1,4,2,3,Positive
3250,Yes,No,No strong feelings (neutral),1,2,1,5,5,5,1,4,1,2,5,2,4,4,5,2,5,3,5,4,3,Does not change
882,Yes,No,No strong feelings (neutral),2,4,2,3,3,4,5,1,1,2,2,1,3,3,3,1,3,4,1,2,3,Does not change
4487,Yes,Yes,"More motivated to protect others, More confident in vaccines",4,5,2,2,1,4,3,2,1,4,5,3,4,1,1,3,1,2,1,5,1,Much more positive
2233,No,Yes,More confident in vaccines,3,5,5,5,3,3,4,2,5,1,1,2,2,4,2,5,1,1,3,1,3,Does not change
3649,Yes,No,More confident in vaccines,5,5,3,3,3,3,5,2,5,4,1,5,3,4,5,2,5,1,5,5,3,Positive
4810,No,Yes,More confident in vaccines,3,4,4,3,3,2,4,5,3,1,4,3,4,1,1,3,2,2,1,1,3,Much more negative
4279,No,Yes,No strong feelings (neutral),2,5,3,1,3,5,4,1,3,3,3,4,3,5,2,5,5,3,5,5,4,Does not change
1793,Yes,No,More confident in vaccines,4,2,4,3,4,5,5,5,3,3,5,1,1,3,1,2,3,2,4,2,1,Negative
411,No,Yes,No strong feelings (neutral),5,5,3,5,5,5,4,4,3,2,4,5,5,2,1,3,4,2,3,5,4,Does not change
1107,No,No,Overwhelmed,3,5,4,2,5,4,2,3,4,1,1,4,1,1,4,1,2,3,1,3,2,Much more positive
1195,No,Yes,More confident in vaccines,1,3,2,1,4,2,3,5,2,4,5,2,3,3,3,4,3,4,2,4,3,Does not change
3376,Yes,No,More motivated to protect others,5,3,5,2,3,1,3,3,4,3,3,5,1,5,2,5,4,4,4,3,4,Positive
3526,Yes,No,NA,5,4,1,5,4,3,4,4,5,3,2,5,5,1,4,3,3,3,1,3,2,Much more positive
4434,Yes,Yes,More confident in vaccines,5,4,3,5,5,2,3,4,4,3,1,2,1,5,1,3,1,2,3,2,2,Much more negative
853,Yes,Yes,More confident in vaccines,5,5,5,3,2,5,5,3,4,1,1,1,2,1,5,5,1,1,1,1,1,Positive
576,No,Yes,More confident in vaccines,4,5,5,2,1,3,1,1,3,2,4,3,3,2,3,3,4,3,2,1,1,Does not change
189,Yes,Yes,More confident in vaccines,5,3,2,1,5,3,2,2,4,1,1,2,3,2,1,4,4,4,4,4,2,Much more positive
4413,Yes,Yes,No strong feelings (neutral),2,2,5,5,5,4,3,4,3,3,1,1,1,4,2,1,2,2,3,5,3,Does not change
4452,No,Yes,"Overwhelmed, More anxious about side effects",3,3,4,3,3,2,5,3,4,1,3,5,3,1,5,2,5,3,2,3,1,Does not change
795,Yes,No,NA,5,5,5,5,3,5,5,4,2,1,1,5,4,2,3,3,2,1,2,1,4,Does not change
1704,Yes,No,More confident in vaccines,5,1,2,5,5,4,2,3,3,5,2,1,4,1,4,2,3,3,2,1,2,Much more positive
43,Yes,No,No strong feelings (neutral),4,4,4,3,3,4,2,5,3,3,2,2,3,1,3,1,3,4,3,1,5,Does not change
4774,Yes,No,No strong feelings (neutral),1,2,4,2,1,2,1,4,2,4,3,2,4,2,2,5,4,5,2,5,5,Does not change
4960,No,No,No strong feelings (neutral),3,2,2,5,2,2,2,1,3,5,3,3,2,2,1,4,3,2,3,2,2,Does not change
4500,No,Yes,No strong feelings (neutral),4,3,4,4,5,5,2,2,1,3,4,3,1,3,4,1,1,1,3,2,3,Does not change
408,Yes,Yes,No strong feelings (neutral),3,5,5,1,5,1,3,4,2,4,2,5,1,1,3,5,4,1,1,3,2,Positive
836,Yes,Yes,"More confident in vaccines, Overwhelmed",3,3,5,2,4,2,2,3,2,5,4,3,2,3,5,4,4,5,2,2,3,Does not change
4983,Yes,Yes,No strong feelings (neutral),5,3,2,5,2,4,2,1,5,2,2,1,2,2,1,4,3,1,2,2,1,Does not change
3827,Yes,Yes,No strong feelings (neutral),5,2,5,5,4,5,3,2,5,3,1,2,3,2,2,1,1,1,4,2,1,Does not change
3190,Yes,Yes,NA,2,5,3,4,4,4,5,1,2,5,5,5,5,3,3,5,3,1,4,3,2,Much more negative
3260,Yes,Yes,"Overwhelmed, More anxious about side effects",2,4,4,3,2,4,2,3,2,1,4,5,1,1,5,5,3,1,4,5,2,Positive
1960,No,Yes,More confident in vaccines,5,5,5,1,3,5,3,2,3,3,1,1,1,5,4,1,2,1,3,2,2,Much more positive
4728,Yes,No,Overwhelmed,5,3,4,4,3,4,2,2,3,3,3,4,1,1,5,3,3,3,3,2,4,Does not change
612,Yes,Yes,More motivated to protect others,5,5,3,3,3,4,1,1,3,2,3,2,1,3,5,1,3,2,3,1,1,Does not change
3532,No,Yes,More confident in vaccines,5,5,5,2,4,1,4,4,4,1,1,4,3,1,1,1,1,5,1,4,1,Much more negative
2651,Yes,Yes,More confident in vaccines,5,4,3,5,3,2,4,3,2,2,2,1,1,3,1,2,1,3,1,2,1,Does not change
1343,Yes,Yes,NA,5,1,5,5,3,3,1,3,2,3,3,5,2,2,4,2,3,2,4,4,5,Does not change
2147,Yes,No,No strong feelings (neutral),5,1,5,5,3,5,5,1,4,3,5,1,5,1,3,5,2,5,4,1,3,Does not change
3888,No,Yes,No strong feelings (neutral),4,4,5,3,5,4,4,5,3,1,4,4,5,4,3,5,4,1,2,3,3,Does not change
1921,No,Yes,No strong feelings (neutral),5,1,5,1,4,1,2,2,3,5,4,5,4,2,3,5,4,2,5,5,3,Does not change
965,Yes,No,No strong feelings (neutral),4,4,3,2,2,2,5,1,2,3,5,4,5,2,3,4,3,4,2,3,5,Negative
607,No,No,No strong feelings (neutral),4,1,4,5,4,3,5,2,4,2,4,3,4,5,3,2,3,5,2,5,4,Positive
1917,Yes,Yes,More motivated to protect others,5,4,5,5,5,3,3,2,2,1,2,3,3,1,1,1,4,1,2,3,1,Does not change
2079,No,No,No strong feelings (neutral),5,5,1,2,5,5,5,4,4,2,4,4,2,1,2,4,3,5,1,1,5,Negative
4135,No,Yes,More motivated to protect others,4,5,1,4,3,5,4,4,2,3,1,5,1,1,4,2,2,4,1,1,1,Much more positive
840,Yes,Yes,More motivated to protect others,5,4,4,5,5,2,2,4,3,3,1,1,2,5,3,3,4,1,2,4,2,Much more negative
4220,Yes,Yes,No strong feelings (neutral),1,2,3,2,2,4,3,3,4,5,3,3,1,2,5,2,5,4,2,4,4,Does not change
3975,Yes,Yes,Overwhelmed,3,5,5,5,2,3,3,4,4,3,4,3,5,3,5,1,5,4,2,3,3,Does not change
3943,Yes,No,No strong feelings (neutral),4,1,4,4,4,3,3,5,1,1,3,2,4,3,4,2,4,1,3,1,2,Does not change
304,Yes,Yes,More confident in vaccines,5,5,3,5,4,2,5,4,5,2,3,3,3,2,1,4,3,3,1,1,4,Positive
1851,No,Yes,No strong feelings (neutral),5,1,3,1,1,4,3,3,5,2,5,2,1,1,2,4,4,4,1,1,2,Does not change
4934,Yes,Yes,More confident in vaccines,2,5,5,2,2,3,4,4,4,4,2,2,4,1,1,1,4,2,4,1,1,Does not change
2563,No,No,No strong feelings (neutral),2,4,3,3,3,3,3,4,4,5,3,4,4,5,2,4,2,4,4,2,3,Does not change
64,Yes,Yes,No strong feelings (neutral),5,2,4,5,2,2,1,1,1,2,2,3,4,1,4,4,3,3,3,4,2,Much more positive
2232,Yes,Yes,More confident in vaccines,5,5,5,3,3,4,2,3,3,2,4,1,3,4,3,4,1,2,2,3,2,Positive
340,Yes,Yes,Overwhelmed,3,3,4,3,3,2,2,3,1,1,2,3,1,2,4,1,1,5,4,1,4,Does not change
2085,No,Yes,Overwhelmed,3,1,5,4,5,4,4,4,3,1,1,3,3,3,5,4,4,2,3,1,2,Does not change
2281,No,No,No strong feelings (neutral),3,5,5,3,2,4,2,4,4,2,4,3,3,4,2,4,5,2,4,1,5,Does not change
4188,Yes,Yes,Overwhelmed,4,3,1,5,2,3,3,5,2,1,3,2,1,1,4,2,3,3,1,2,3,Does not change
3402,Yes,Yes,No strong feelings (neutral),5,4,5,5,4,5,4,5,3,1,1,1,1,1,3,3,1,2,3,2,1,Does not change
2396,No,No,NA,4,5,4,5,4,2,1,3,2,2,3,1,5,3,1,4,4,2,4,4,4,Does not change
379,Yes,No,NA,3,5,5,4,5,4,5,4,3,2,4,4,3,3,5,4,3,3,3,2,2,Does not change
959,No,No,No strong feelings (neutral),4,3,4,3,4,5,4,3,1,1,4,3,2,2,2,3,3,2,2,2,3,Does not change
2339,No,Yes,More confident in vaccines,5,4,3,2,3,5,1,4,3,3,2,3,2,3,2,4,1,3,1,4,2,Does not change
2536,Yes,No,No strong feelings (neutral),2,5,4,5,5,2,3,2,4,2,3,5,3,2,2,2,1,3,2,3,1,Does not change
255,Yes,No,"More motivated to protect others, More confident in vaccines",5,1,4,4,5,5,4,4,4,3,4,1,1,2,1,4,2,1,1,2,4,Positive
2192,No,No,More motivated to protect others,3,3,2,3,3,3,2,1,3,3,3,2,3,3,1,2,3,1,3,1,3,Does not change
4116,Yes,No,More confident in vaccines,1,5,3,4,1,5,4,5,5,4,1,2,2,1,1,1,5,4,4,3,1,Does not change
2900,No,Yes,More confident in vaccines,5,2,3,3,4,5,3,2,5,2,1,4,2,3,1,4,3,1,2,1,2,Does not change
2466,Yes,Yes,More anxious about side effects,4,2,3,1,4,1,5,2,4,5,2,2,3,4,1,2,3,3,3,3,2,Much more negative
1202,No,No,No strong feelings (neutral),1,1,1,2,3,3,3,1,3,5,3,5,5,4,5,5,5,2,4,4,5,Much more negative
1727,Yes,Yes,No strong feelings (neutral),5,3,5,2,4,2,4,2,4,3,1,4,2,3,3,2,4,2,4,1,2,Positive
1714,Yes,Yes,More confident in vaccines,5,3,4,5,5,5,3,3,4,3,2,2,2,1,2,3,2,4,1,1,2,Does not change
2453,Yes,Yes,No strong feelings (neutral),3,3,3,2,5,4,4,2,3,5,2,4,2,3,4,5,4,3,5,5,3,Does not change
1602,No,No,No strong feelings (neutral),3,3,5,3,5,4,2,3,4,3,2,1,4,3,3,2,2,2,3,4,2,Positive
799,Yes,Yes,More confident in vaccines,3,3,3,3,2,4,3,2,2,2,2,1,1,1,2,3,1,3,2,2,3,Does not change
3027,Yes,No,NA,1,4,4,4,2,2,3,4,1,3,4,4,3,3,2,4,3,3,4,2,3,Much more negative
152,Yes,Yes,NA,5,4,5,5,4,3,3,5,2,2,1,1,4,4,4,1,4,1,1,5,2,Does not change
1179,No,Yes,NA,3,1,4,3,4,2,1,1,3,5,5,2,3,2,5,4,5,2,5,5,4,Does not change
4131,Yes,No,More motivated to protect others,2,5,4,4,5,5,2,3,2,3,1,4,1,3,2,2,1,1,3,3,1,Does not change
1197,Yes,No,No strong feelings (neutral),1,2,1,1,3,2,3,2,1,3,4,4,2,4,5,1,4,1,2,4,4,Does not change
66,No,No,NA,2,3,4,1,5,5,5,5,4,4,5,5,5,5,5,4,5,5,3,3,4,Does not change
4597,Yes,No,No strong feelings (neutral),2,4,5,1,3,4,1,4,4,5,2,5,2,1,5,2,5,3,5,3,3,Positive
4455,Yes,Yes,No strong feelings (neutral),5,2,4,4,5,1,4,3,1,5,4,5,2,2,3,4,3,3,1,1,3,Does not change
342,No,Yes,No strong feelings (neutral),4,5,4,4,4,4,4,1,3,5,4,1,5,1,2,2,2,3,1,3,3,Does not change
1662,No,Yes,More motivated to protect others,5,5,4,3,5,3,5,3,5,1,4,2,1,1,2,1,3,3,2,2,5,Does not change
1687,No,No,No strong feelings (neutral),1,4,2,1,5,1,4,5,4,4,3,5,5,5,5,1,2,4,3,4,4,Does not change
513,Yes,Yes,No strong feelings (neutral),5,5,2,2,2,3,4,3,5,2,3,1,1,3,1,1,1,1,2,3,3,Positive
1650,No,No,No strong feelings (neutral),2,1,5,4,3,5,3,4,4,4,5,3,4,4,4,3,4,5,5,4,5,Does not change
57,No,No,No strong feelings (neutral),4,1,1,1,2,4,4,3,1,2,4,2,3,4,2,2,2,5,5,3,3,Does not change
1402,Yes,Yes,More confident in vaccines,3,3,4,3,3,4,2,2,2,1,1,4,1,2,2,3,1,4,3,3,4,Much more negative
3023,No,Yes,NA,1,4,2,5,1,3,2,2,5,5,1,2,4,3,2,3,4,4,4,2,2,Negative
3973,Yes,Yes,More confident in vaccines,4,5,3,5,4,5,2,2,4,1,1,1,3,4,1,2,3,2,2,2,1,Does not change
743,No,Yes,Overwhelmed,2,3,2,3,4,5,5,3,3,4,3,2,4,2,5,5,4,2,4,1,3,Positive
2508,No,Yes,No strong feelings (neutral),1,4,4,4,5,3,1,5,4,1,2,1,1,2,3,2,4,2,3,2,3,Positive
4859,Yes,Yes,No strong feelings (neutral),5,3,2,2,4,5,3,3,2,3,1,3,1,4,4,1,4,1,4,1,2,Does not change
1656,Yes,Yes,More anxious about side effects,2,5,3,3,5,4,2,2,1,3,3,3,3,1,3,4,3,1,2,3,2,Does not change
1056,Yes,Yes,More motivated to protect others,5,5,5,5,5,5,3,4,3,1,4,4,2,1,1,4,1,5,1,3,1,Positive
798,Yes,Yes,Overwhelmed,5,5,3,3,3,5,3,3,2,2,1,3,2,3,5,2,2,4,4,4,3,Positive
1397,Yes,Yes,No strong feelings (neutral),5,5,4,4,4,4,4,3,5,4,2,1,4,4,1,5,3,2,4,5,3,Negative
2698,Yes,No,Overwhelmed,4,1,3,5,3,3,2,2,3,4,2,3,1,1,5,3,5,3,5,4,4,Does not change
1671,Yes,Yes,"More confident in vaccines, Overwhelmed",4,2,1,2,2,2,5,4,2,5,3,4,3,1,5,5,5,5,3,3,2,Does not change
1345,Yes,Yes,"More confident in vaccines, Overwhelmed",4,3,3,5,3,2,3,5,5,5,5,5,5,2,5,3,2,4,2,3,2,Does not change
1092,Yes,Yes,More motivated to protect others,4,4,5,4,5,5,1,2,3,1,3,3,1,1,4,3,2,2,3,4,1,Negative
846,No,Yes,No strong feelings (neutral),2,5,5,5,3,4,1,4,3,2,5,1,2,1,2,3,1,1,2,2,4,Negative
4609,No,No,No strong feelings (neutral),2,5,2,3,3,1,5,4,4,5,3,5,5,4,4,4,3,3,2,3,4,Does not change
4014,Yes,Yes,No strong feelings (neutral),4,4,4,3,3,1,5,2,2,4,4,4,3,3,1,4,3,3,4,1,4,Does not change
4637,No,No,More motivated to protect others,2,5,2,5,5,5,1,5,4,1,5,3,4,4,2,3,1,3,1,3,1,Does not change
1883,No,Yes,More motivated to protect others,1,1,5,3,4,5,4,2,2,3,2,2,4,2,4,5,4,4,1,3,4,Does not change
2923,No,Yes,"More motivated to protect others, More confident in vaccines",3,2,4,4,4,5,5,3,2,4,1,3,2,4,3,1,2,1,3,1,3,Does not change
2754,Yes,No,No strong feelings (neutral),4,4,1,2,4,5,2,3,2,5,5,5,2,4,5,5,5,1,5,5,5,Much more negative
2817,Yes,Yes,More motivated to protect others,5,5,5,4,5,3,1,3,3,1,3,1,2,1,1,1,3,3,3,1,3,Negative
4240,Yes,No,No strong feelings (neutral),5,3,2,4,5,5,4,1,2,1,2,2,3,2,2,4,4,1,3,3,3,Does not change
641,No,No,More confident in vaccines,5,5,2,4,5,1,1,4,1,4,1,4,4,4,3,2,4,3,1,4,5,Positive
4041,Yes,No,No strong feelings (neutral),2,1,3,5,1,3,4,1,1,1,1,2,3,1,5,5,4,4,4,3,3,Much more positive
3584,Yes,Yes,No strong feelings (neutral),4,5,1,4,3,3,1,1,3,1,2,2,2,1,1,4,3,1,2,3,2,Does not change
2642,No,No,Overwhelmed,2,4,3,4,5,4,3,2,3,1,4,1,3,2,3,2,4,4,1,4,4,Does not change
2252,Yes,Yes,Overwhelmed,5,1,3,5,3,3,3,4,3,1,1,2,1,2,3,5,4,1,5,2,3,Positive
2868,No,No,No strong feelings (neutral),1,1,1,3,2,5,4,1,5,5,4,4,3,1,4,5,4,4,4,1,3,Does not change
3216,No,Yes,No strong feelings (neutral),3,3,5,3,2,1,2,4,4,4,4,3,2,3,2,1,3,1,2,2,3,Does not change
4559,No,No,No strong feelings (neutral),3,5,3,3,5,4,2,1,5,3,2,2,2,5,3,5,1,1,1,3,2,Positive
1461,Yes,No,More anxious about side effects,1,5,5,5,4,5,2,3,4,4,1,2,3,3,2,1,1,4,3,4,3,Does not change
1274,No,No,No strong feelings (neutral),4,4,3,4,1,4,1,3,1,2,1,3,1,4,2,3,2,3,5,4,3,Much more negative
2982,No,Yes,NA,3,5,5,2,4,3,1,1,3,2,5,4,4,4,2,4,3,1,2,4,2,Does not change
3196,Yes,No,More confident in vaccines,5,3,5,3,3,2,3,1,4,5,5,1,3,3,4,1,3,3,5,2,2,Does not change
253,No,Yes,No strong feelings (neutral),5,4,4,2,4,4,4,1,4,4,3,1,4,2,3,5,1,4,2,3,3,Positive
4589,No,Yes,No strong feelings (neutral),5,4,5,5,5,3,2,3,1,1,5,4,3,2,4,4,3,3,2,1,5,Does not change
1633,No,No,More anxious about side effects,5,5,5,3,4,1,2,3,1,1,4,4,4,1,3,1,1,3,3,4,1,Positive
1003,No,Yes,More confident in vaccines,5,5,1,3,5,5,2,1,4,1,3,1,1,2,4,2,1,3,4,3,1,Does not change
4225,No,No,No strong feelings (neutral),5,5,4,1,4,5,3,3,4,4,3,3,2,1,2,4,5,4,4,2,3,Much more positive
1760,No,No,More motivated to protect others,5,5,3,2,3,5,3,3,2,2,5,2,4,3,2,3,1,1,1,2,3,Does not change
2441,Yes,Yes,More confident in vaccines,5,5,2,3,5,2,1,4,4,4,3,2,1,5,2,2,5,2,2,1,1,Negative
405,No,Yes,No strong feelings (neutral),5,4,1,2,1,3,3,4,3,4,4,3,2,4,5,4,5,4,1,3,5,Positive
2510,Yes,No,NA,2,1,2,4,1,2,2,1,1,1,4,5,3,5,2,4,4,5,5,2,5,Does not change
3246,No,Yes,No strong feelings (neutral),4,2,4,2,1,1,4,2,4,2,2,4,5,5,4,3,5,3,4,5,5,Does not change
3953,Yes,Yes,No strong feelings (neutral),4,5,3,5,2,4,5,1,3,1,1,1,4,3,2,1,3,1,1,1,2,Does not change
3725,Yes,Yes,NA,5,3,2,1,4,1,5,3,1,2,3,3,3,2,2,4,3,5,2,5,3,Does not change
3726,Yes,Yes,No strong feelings (neutral),4,4,1,3,4,5,4,4,3,1,2,2,2,2,4,4,5,5,2,5,3,Does not change
1501,Yes,Yes,No strong feelings (neutral),5,2,4,1,2,1,3,4,4,2,4,3,4,3,5,3,4,5,4,5,1,Does not change
3418,No,Yes,No strong feelings (neutral),3,2,5,1,4,2,3,2,2,3,5,1,4,2,3,2,2,1,4,4,2,Does not change
982,No,Yes,More confident in vaccines,4,4,5,5,2,3,3,4,3,3,2,3,3,3,3,3,2,4,5,1,4,Does not change
4540,No,Yes,More confident in vaccines,5,3,4,2,4,5,5,5,4,2,1,1,2,1,1,1,1,1,4,4,1,Much more positive
3948,No,No,No strong feelings (neutral),1,5,4,3,1,2,3,3,4,4,3,3,2,3,4,1,4,3,1,4,3,Does not change
421,Yes,No,Overwhelmed,2,1,3,3,4,5,3,3,5,4,1,4,2,3,4,3,2,1,1,2,2,Does not change
3806,No,No,NA,4,5,4,4,4,2,1,2,3,1,1,2,4,3,3,2,3,4,1,4,2,Does not change
207,No,Yes,Overwhelmed,5,5,2,3,3,5,4,3,2,2,1,5,4,3,1,2,3,5,5,4,1,Does not change
2061,No,No,No strong feelings (neutral),3,1,5,5,3,4,4,1,4,2,5,4,5,1,3,2,2,1,2,1,4,Negative
776,No,Yes,More motivated to protect others,4,5,2,3,5,3,4,3,2,3,3,1,2,4,3,3,4,3,2,2,2,Positive
1029,No,Yes,More confident in vaccines,3,4,3,2,3,5,5,1,3,2,1,1,1,3,2,4,3,2,3,1,2,Positive
883,No,Yes,No strong feelings (neutral),1,2,1,5,3,1,3,3,3,5,2,3,2,2,2,4,4,2,3,3,2,Positive
1717,No,No,No strong feelings (neutral),5,2,1,3,3,5,5,4,5,3,3,3,3,5,3,3,3,5,5,5,3,Negative
395,Yes,No,More confident in vaccines,3,5,3,5,5,2,3,3,4,1,2,1,3,4,2,5,2,3,3,2,4,Negative
2162,No,No,No strong feelings (neutral),3,3,2,5,1,5,5,3,2,3,5,5,3,3,4,4,1,4,5,4,2,Does not change
3377,Yes,Yes,"More motivated to protect others, More confident in vaccines",5,3,4,5,4,4,4,4,2,3,2,2,1,1,1,2,1,1,1,1,3,Much more positive
1172,No,No,No strong feelings (neutral),2,4,4,5,4,5,4,3,4,1,1,2,4,3,2,4,4,4,2,3,3,Does not change
1436,No,Yes,NA,5,5,2,1,4,1,5,4,4,3,4,4,3,4,2,3,4,4,2,3,1,Positive
3275,Yes,No,No strong feelings (neutral),4,5,3,4,4,2,2,1,3,2,1,4,3,2,2,1,4,3,2,3,3,Does not change
4227,Yes,Yes,More anxious about side effects,5,1,5,4,5,5,3,2,4,1,2,1,4,2,2,2,3,3,3,4,1,Does not change
3749,Yes,Yes,More confident in vaccines,4,1,5,5,5,4,3,5,4,1,3,1,4,5,1,1,1,3,1,3,3,Much more positive
996,Yes,Yes,No strong feelings (neutral),3,2,4,5,4,3,4,1,2,4,4,4,1,3,3,1,1,1,3,5,4,Positive
3840,No,No,No strong feelings (neutral),1,4,5,3,1,5,1,1,3,4,2,3,3,3,5,5,4,2,5,1,1,Negative
3352,Yes,Yes,No strong feelings (neutral),3,3,5,4,5,5,2,2,4,5,3,3,2,3,2,2,2,2,4,3,5,Positive
3944,Yes,No,No strong feelings (neutral),3,3,3,2,4,1,3,5,1,4,5,5,2,5,3,1,5,2,3,5,4,Negative
4140,No,No,"More confident in vaccines, Overwhelmed",4,5,4,4,1,1,2,3,3,3,5,2,2,4,5,5,1,4,3,4,3,Positive
1037,No,No,No strong feelings (neutral),5,5,1,4,3,5,4,4,2,1,5,5,2,3,1,4,4,5,2,3,3,Positive
4976,Yes,No,More confident in vaccines,5,4,5,5,3,1,3,4,4,1,2,3,2,2,3,1,1,1,1,1,4,Much more positive
302,No,Yes,Overwhelmed,1,3,3,3,5,5,2,2,2,1,4,4,2,3,1,2,2,5,2,3,4,Does not change
3934,Yes,Yes,More confident in vaccines,4,5,2,3,5,4,2,4,2,1,1,1,1,4,3,3,2,5,1,2,2,Much more positive
2994,Yes,Yes,NA,4,1,1,4,3,5,1,3,1,2,5,5,5,5,5,3,5,1,5,2,5,Does not change
3277,Yes,No,More confident in vaccines,5,5,3,5,5,5,4,3,4,2,2,2,3,1,1,2,1,2,1,3,1,Positive
4045,No,No,NA,4,1,2,5,4,4,2,2,3,3,3,1,2,3,4,4,5,3,3,3,3,Does not change
3286,No,Yes,More anxious about side effects,4,4,1,5,5,4,5,2,5,5,3,1,3,3,5,5,5,1,5,4,5,Does not change
2590,Yes,Yes,More confident in vaccines,5,4,4,3,5,1,3,1,2,4,5,1,2,1,3,1,1,2,1,2,1,Does not change
4535,Yes,No,More confident in vaccines,5,1,3,5,2,3,5,4,2,2,1,3,3,5,1,1,5,5,2,2,4,Much more positive
1903,No,Yes,Overwhelmed,5,4,4,4,3,4,5,5,5,1,3,2,5,2,5,1,2,4,5,1,1,Does not change
461,Yes,Yes,NA,3,1,4,5,4,2,2,3,3,2,2,3,1,1,4,5,3,3,4,5,2,Does not change
509,Yes,Yes,More anxious about side effects,3,2,3,4,4,3,3,2,2,1,4,3,1,1,3,1,2,2,4,1,3,Negative
954,No,Yes,More anxious about side effects,2,5,4,5,5,4,2,5,5,2,4,2,3,4,2,3,2,3,2,3,5,Does not change
2112,Yes,Yes,"More confident in vaccines, Overwhelmed",4,5,5,3,1,1,2,4,2,5,2,1,2,2,5,3,3,4,5,2,4,Does not change
951,Yes,No,No strong feelings (neutral),4,2,4,5,4,2,5,3,3,5,3,3,4,2,3,1,5,2,5,3,3,Does not change
1043,Yes,Yes,More confident in vaccines,5,5,5,4,4,3,2,5,2,1,3,4,1,2,5,4,3,1,1,1,4,Does not change
3523,Yes,Yes,No strong feelings (neutral),4,3,5,5,4,4,5,2,4,2,4,3,4,1,2,4,2,1,1,1,4,Does not change
2295,Yes,No,No strong feelings (neutral),3,2,5,2,2,5,5,2,3,1,5,2,1,3,3,5,3,4,3,3,3,Negative
2919,Yes,Yes,"More confident in vaccines, More anxious about side effects",5,3,4,3,3,1,4,1,2,4,5,3,3,2,4,3,5,1,5,4,3,Positive
2896,Yes,No,No strong feelings (neutral),2,3,2,2,5,2,3,1,1,4,4,5,3,4,3,5,5,5,5,5,5,Does not change
4657,No,No,"More confident in vaccines, Overwhelmed",4,4,4,5,3,5,4,2,1,3,4,3,2,4,4,2,3,3,1,5,1,Much more positive
3778,Yes,Yes,More motivated to protect others,5,4,3,3,4,5,4,3,2,3,2,1,3,2,1,1,2,1,3,1,5,Does not change
3174,Yes,Yes,More confident in vaccines,4,4,5,3,2,5,4,2,1,5,3,3,5,1,5,4,1,4,1,1,5,Negative
557,No,No,No strong feelings (neutral),5,3,5,5,5,4,4,5,2,4,1,3,5,1,3,1,3,3,2,3,3,Negative
2677,No,No,No strong feelings (neutral),2,5,2,1,4,5,4,3,5,5,3,3,4,1,3,3,4,2,2,2,3,Positive
1347,Yes,Yes,No strong feelings (neutral),4,5,3,3,4,4,4,4,5,4,3,4,5,2,2,2,2,3,4,1,3,Positive
3483,No,No,NA,1,3,5,2,2,1,2,2,3,1,5,3,4,5,4,3,1,3,2,5,2,Does not change
603,No,Yes,No strong feelings (neutral),4,5,4,2,5,4,2,3,1,3,3,2,1,4,3,2,2,1,1,2,1,Does not change
1312,Yes,No,More anxious about side effects,2,4,5,5,5,4,4,4,2,2,2,1,2,2,3,4,2,3,2,2,2,Does not change
4574,No,Yes,No strong feelings (neutral),5,1,3,5,4,5,2,2,4,5,4,5,2,3,3,4,3,2,2,2,3,Does not change
2075,Yes,No,"More confident in vaccines, Overwhelmed, More anxious about side effects",3,2,4,1,2,2,5,3,2,4,3,3,4,5,5,4,4,2,3,2,4,Negative
2913,Yes,Yes,More confident in vaccines,4,2,1,5,1,5,3,5,5,1,1,1,2,3,2,1,2,2,3,1,3,Does not change
4340,Yes,Yes,More confident in vaccines,3,5,2,4,2,1,2,4,2,3,4,4,4,1,1,1,3,4,1,1,2,Does not change
1346,No,No,No strong feelings (neutral),5,3,3,1,4,3,2,3,4,3,5,3,3,3,4,3,2,1,1,3,4,Does not change
3029,No,Yes,NA,3,3,2,5,3,2,2,2,4,4,3,3,2,2,4,5,4,4,5,2,3,Does not change
4558,No,Yes,More motivated to protect others,3,2,5,5,2,5,3,2,3,3,3,1,1,3,3,1,4,2,2,3,3,Does not change
3694,No,Yes,More confident in vaccines,4,5,2,3,2,2,4,3,2,5,4,4,3,3,3,4,3,2,3,2,5,Does not change
4851,No,Yes,More confident in vaccines,5,5,4,3,4,3,4,4,5,2,1,2,1,1,3,5,1,2,1,2,2,Does not change
1444,No,Yes,No strong feelings (neutral),5,3,2,3,4,5,2,2,4,4,2,1,3,3,4,5,1,4,1,4,1,Does not change
3144,Yes,No,Overwhelmed,5,3,5,5,5,3,4,1,3,2,4,2,3,2,5,5,4,2,3,3,1,Does not change
3354,Yes,No,"Overwhelmed, More anxious about side effects",1,5,3,3,2,2,1,5,3,5,3,4,3,4,5,2,3,4,4,3,4,Negative
4822,No,No,No strong feelings (neutral),2,1,2,3,1,2,4,5,4,1,5,1,2,2,5,3,5,1,1,2,1,Negative
2866,Yes,No,"More confident in vaccines, Overwhelmed",4,4,1,2,2,5,3,3,4,4,3,3,5,4,5,1,1,1,3,3,4,Does not change
4125,Yes,Yes,More confident in vaccines,3,4,5,5,1,4,1,2,2,3,1,5,3,2,3,3,4,2,3,1,1,Does not change
3035,No,No,No strong feelings (neutral),3,2,4,3,2,3,1,5,1,5,2,5,2,4,2,3,3,4,1,4,2,Does not change
144,No,No,No strong feelings (neutral),2,3,5,5,5,5,3,3,2,5,2,2,2,2,2,3,2,1,3,2,5,Does not change
3148,Yes,No,NA,4,1,2,3,3,4,5,5,2,3,3,2,1,2,3,3,5,3,3,4,5,Does not change
3480,Yes,Yes,More confident in vaccines,5,4,2,2,2,3,1,2,4,5,3,3,5,1,4,5,5,4,2,3,1,Does not change
4307,Yes,Yes,More confident in vaccines,4,4,3,3,5,2,5,1,2,1,3,2,1,3,1,2,3,1,3,1,2,Does not change
3598,Yes,Yes,No strong feelings (neutral),5,2,4,3,4,4,5,4,5,3,3,5,5,3,5,3,4,4,2,4,4,Positive
4226,Yes,Yes,"More motivated to protect others, More confident in vaccines",2,5,3,3,3,4,2,3,3,5,1,2,3,1,2,1,1,1,2,2,3,Positive
2973,No,No,More confident in vaccines,5,3,4,4,3,2,1,5,2,4,5,4,4,4,3,3,2,3,5,4,2,Positive
4273,No,No,"More confident in vaccines, Overwhelmed",3,1,4,1,1,3,2,5,3,4,3,3,3,4,5,2,3,3,1,2,5,Does not change
4098,Yes,No,More confident in vaccines,3,5,4,3,5,5,4,5,3,3,3,1,2,4,3,1,3,1,1,1,1,Does not change
1116,Yes,No,No strong feelings (neutral),5,2,5,4,5,2,5,5,3,2,4,1,1,3,5,5,5,1,2,4,1,Does not change
2078,No,No,More confident in vaccines,4,2,2,1,2,5,3,3,3,4,1,1,5,1,3,3,4,5,2,1,1,Does not change
226,Yes,Yes,No strong feelings (neutral),4,4,5,5,3,5,4,4,3,5,5,5,4,4,5,4,2,5,4,3,2,Does not change
1657,No,No,No strong feelings (neutral),3,5,2,3,1,5,3,5,1,4,4,5,3,5,2,2,3,1,2,4,3,Does not change
1478,No,Yes,More confident in vaccines,5,5,3,5,2,5,1,2,3,1,4,2,2,1,2,2,1,3,1,1,1,Much more negative
3954,No,Yes,No strong feelings (neutral),2,2,2,1,2,3,4,4,4,3,3,2,3,4,4,3,4,3,4,4,2,Does not change
75,Yes,No,More confident in vaccines,5,3,4,5,4,1,5,5,4,1,3,2,1,3,1,1,2,5,1,1,2,Positive
2636,No,Yes,More confident in vaccines,4,3,3,2,2,4,1,5,2,5,4,3,2,3,2,3,5,1,1,1,1,Does not change
2574,Yes,Yes,More confident in vaccines,5,4,3,2,5,4,5,4,1,1,3,1,4,1,5,3,3,5,1,4,5,Does not change
3681,No,Yes,"More motivated to protect others, More confident in vaccines",2,3,2,5,4,1,5,3,2,3,4,4,3,2,1,3,3,4,4,3,1,Does not change
752,Yes,No,No strong feelings (neutral),5,4,3,4,4,3,4,4,5,2,2,2,1,2,3,2,1,3,5,2,2,Positive
4379,No,Yes,NA,3,2,3,1,4,5,4,3,5,5,4,1,4,2,3,4,5,1,2,3,3,Does not change
426,Yes,No,No strong feelings (neutral),1,5,3,4,2,3,3,3,3,1,1,2,3,3,1,1,2,2,4,3,1,Does not change
2160,No,Yes,No strong feelings (neutral),4,4,2,5,5,2,1,4,4,5,2,2,4,2,4,1,4,2,4,3,3,Does not change
1690,Yes,Yes,No strong feelings (neutral),1,2,3,5,1,4,2,1,5,1,1,1,1,3,2,3,3,2,3,2,2,Does not change
2742,No,Yes,More confident in vaccines,1,4,4,5,5,5,3,4,2,1,2,1,2,1,2,2,2,1,1,3,2,Much more negative
2686,No,Yes,NA,1,3,1,3,4,5,2,4,2,5,1,3,5,4,5,4,3,2,4,1,5,Positive
1518,Yes,No,"More motivated to protect others, Overwhelmed",5,4,3,1,5,4,2,2,3,4,1,2,1,2,2,2,4,2,3,3,3,Negative
154,Yes,No,More confident in vaccines,4,1,3,1,2,4,4,4,3,1,4,3,2,3,2,2,4,1,3,1,1,Much more positive
1631,Yes,No,More confident in vaccines,2,3,3,4,3,4,3,2,2,5,4,5,4,2,3,3,1,3,4,4,1,Positive
3717,Yes,No,No strong feelings (neutral),3,2,2,4,4,5,5,2,2,5,3,5,2,4,4,2,4,5,2,3,3,Does not change
3064,No,No,NA,4,4,1,2,3,4,1,4,1,4,4,5,1,1,1,4,4,3,5,5,3,Negative
1821,Yes,Yes,No strong feelings (neutral),5,3,4,3,5,5,4,2,1,2,2,3,1,1,1,2,3,4,4,3,3,Does not change
1698,No,No,NA,1,1,1,1,3,3,3,2,3,5,3,5,5,3,4,3,4,5,3,5,4,Does not change
1813,Yes,Yes,No strong feelings (neutral),3,3,4,2,5,4,5,3,4,2,2,5,2,1,5,3,3,3,1,4,2,Positive
1696,No,Yes,More motivated to protect others,4,3,5,5,5,2,1,4,4,5,2,5,1,3,3,1,1,2,2,1,4,Much more negative
3479,No,Yes,NA,1,3,4,3,3,4,4,1,4,4,1,2,4,2,2,3,2,3,2,2,5,Does not change
2261,No,No,No strong feelings (neutral),4,4,4,4,3,4,3,2,1,4,4,5,2,4,1,2,2,3,5,4,3,Does not change
2379,Yes,No,NA,3,3,3,4,5,4,4,2,3,2,3,3,1,1,4,2,3,1,1,2,2,Positive
4277,Yes,No,No strong feelings (neutral),4,1,4,2,3,3,4,5,2,2,4,3,3,1,2,5,4,1,2,3,3,Does not change
56,No,No,NA,1,3,5,2,1,3,5,2,2,4,5,1,4,2,3,4,4,4,4,4,5,Does not change
455,No,No,"Overwhelmed, More anxious about side effects",3,5,5,5,5,5,2,3,3,3,4,3,3,1,4,1,3,2,3,4,3,Positive
4987,No,Yes,No strong feelings (neutral),1,1,3,1,5,5,4,4,3,4,2,1,4,5,5,3,4,4,5,3,4,Does not change
1308,No,No,No strong feelings (neutral),5,2,3,2,4,2,1,2,4,2,3,3,5,4,3,2,1,2,4,4,4,Does not change
4543,Yes,No,No strong feelings (neutral),1,1,3,5,3,4,3,2,2,4,4,3,2,1,4,3,3,3,3,2,4,Does not change
769,Yes,Yes,No strong feelings (neutral),3,5,4,1,3,5,5,5,4,1,2,4,2,1,5,1,1,1,1,1,2,Does not change
3067,No,No,"More motivated to protect others, Overwhelmed",2,5,4,3,3,2,4,1,3,4,3,2,5,4,2,5,1,3,1,1,1,Does not change
2944,No,Yes,More confident in vaccines,5,5,3,5,4,3,3,4,5,1,1,1,3,3,1,2,3,3,3,1,1,Does not change
1794,No,Yes,No strong feelings (neutral),5,4,3,4,4,4,3,2,4,3,3,2,3,2,3,4,4,2,4,3,4,Does not change
805,Yes,Yes,More anxious about side effects,4,2,2,1,3,2,4,4,4,3,3,2,4,4,2,3,3,2,1,1,3,Negative
1408,No,Yes,More confident in vaccines,5,5,5,5,5,2,1,3,1,2,3,2,3,1,3,3,3,1,2,5,1,Does not change
1063,No,No,No strong feelings (neutral),5,4,4,2,3,4,3,3,2,3,1,1,3,1,1,1,3,1,2,1,3,Does not change
2369,No,No,NA,2,4,4,3,3,1,4,1,2,5,2,2,5,2,3,2,5,5,2,4,2,Does not change
545,No,No,No strong feelings (neutral),2,2,4,4,3,4,2,1,4,3,3,4,2,2,1,5,5,2,2,2,3,Does not change
4587,No,No,More anxious about side effects,4,5,5,3,5,5,2,5,5,2,4,1,3,2,4,4,2,3,4,1,3,Much more positive
443,Yes,Yes,More confident in vaccines,4,1,2,4,4,3,1,3,3,1,4,5,1,1,3,1,1,4,3,5,3,Does not change
4128,No,Yes,No strong feelings (neutral),5,5,5,4,4,5,3,3,5,1,1,5,2,2,2,1,2,1,3,2,2,Does not change
1761,No,No,Overwhelmed,4,3,1,5,3,4,3,4,3,3,1,2,2,3,4,3,5,2,3,4,4,Does not change
2266,Yes,Yes,More confident in vaccines,3,3,5,5,5,5,2,3,3,1,1,3,5,3,1,1,1,3,3,3,1,Does not change
2080,No,Yes,No strong feelings (neutral),2,4,5,5,4,5,1,4,1,4,4,2,4,5,4,5,1,4,1,5,2,Positive
1697,Yes,Yes,More motivated to protect others,4,5,4,1,5,5,3,4,4,5,3,4,1,1,3,3,3,2,1,1,4,Does not change
3290,No,No,No strong feelings (neutral),2,3,3,4,2,1,5,5,3,4,3,4,2,2,3,3,2,2,5,5,3,Does not change
4374,Yes,No,More motivated to protect others,3,2,2,2,1,5,2,2,3,4,2,4,5,2,3,1,3,1,2,3,2,Positive
1428,No,Yes,No strong feelings (neutral),1,1,3,2,3,2,5,3,4,3,3,4,1,3,4,3,5,4,2,1,5,Does not change
4160,Yes,Yes,More confident in vaccines,5,3,2,3,5,3,5,4,3,1,5,3,1,3,1,1,1,2,3,4,3,Does not change
4839,No,Yes,No strong feelings (neutral),1,5,3,3,2,4,3,4,2,4,4,1,2,3,3,5,5,4,4,5,5,Much more negative
1828,No,Yes,No strong feelings (neutral),5,1,2,2,2,1,1,4,3,3,1,4,2,5,1,3,1,2,2,3,4,Negative
4745,Yes,Yes,More confident in vaccines,5,5,4,3,5,5,4,3,2,4,2,1,1,3,1,1,1,1,1,1,2,Positive
4732,No,Yes,No strong feelings (neutral),5,3,2,3,4,3,3,4,4,2,2,2,1,3,4,2,3,3,2,2,5,Does not change
4638,Yes,Yes,"More confident in vaccines, Overwhelmed",5,2,1,1,1,5,1,1,1,5,3,1,1,4,5,4,2,1,4,1,5,Does not change
3063,Yes,Yes,No strong feelings (neutral),5,2,3,1,1,1,5,4,2,1,4,1,3,1,3,1,1,1,1,1,4,Does not change
4917,No,Yes,More confident in vaccines,3,5,5,4,3,5,4,5,4,4,3,4,1,1,2,4,5,4,1,4,2,Does not change
2471,No,No,No strong feelings (neutral),2,1,2,2,1,3,3,5,4,4,5,2,3,4,5,3,5,1,3,1,5,Does not change
3188,No,No,No strong feelings (neutral),4,2,2,5,3,1,3,3,2,2,3,1,5,5,5,4,4,4,5,3,4,Does not change
224,No,Yes,Overwhelmed,4,4,3,4,5,5,2,5,3,1,4,1,4,4,5,4,4,1,2,4,3,Positive
2885,Yes,No,No strong feelings (neutral),3,1,2,2,4,4,4,4,3,1,1,3,3,4,4,1,1,5,3,3,2,Does not change
296,No,No,No strong feelings (neutral),1,2,2,4,4,1,4,1,2,3,5,4,3,5,2,4,5,2,2,3,5,Much more negative
949,Yes,No,No strong feelings (neutral),5,4,3,1,5,5,3,5,4,4,4,4,5,4,3,5,5,3,3,5,5,Does not change
2810,Yes,Yes,More confident in vaccines,5,2,3,5,5,3,5,3,5,3,4,1,1,4,4,2,1,3,1,2,2,Positive
2100,No,No,No strong feelings (neutral),4,4,3,5,3,1,2,3,4,1,3,1,4,1,4,5,3,3,2,3,4,Positive
4536,No,Yes,More confident in vaccines,3,2,3,5,5,4,2,5,4,2,1,4,1,2,1,3,4,1,1,4,3,Positive
3558,No,Yes,More motivated to protect others,5,2,4,4,4,3,2,1,5,5,1,4,2,4,5,4,3,3,3,1,4,Negative
3793,Yes,No,More anxious about side effects,2,1,2,2,2,4,2,3,3,2,3,4,1,3,4,2,3,5,3,5,2,Does not change
4888,Yes,No,No strong feelings (neutral),2,4,4,5,5,3,2,3,1,2,4,3,5,3,3,5,1,5,3,5,2,Does not change
3259,No,No,No strong feelings (neutral),4,3,5,2,5,2,3,1,4,5,5,4,4,5,2,4,4,4,4,4,2,Does not change
1061,Yes,No,More confident in vaccines,5,3,2,4,3,3,1,4,5,2,3,2,1,1,1,1,4,2,2,1,3,Positive
4763,No,No,No strong feelings (neutral),2,4,5,4,3,2,2,4,2,4,4,4,4,3,3,5,4,3,1,2,5,Does not change
1549,No,No,No strong feelings (neutral),5,5,4,3,4,3,2,3,3,2,3,2,3,4,4,1,4,3,4,5,3,Does not change
4665,Yes,No,NA,1,3,3,4,4,3,5,2,1,2,3,3,2,3,2,3,1,3,3,4,5,Does not change
2932,No,Yes,No strong feelings (neutral),1,5,3,4,1,1,3,3,1,2,1,2,1,1,4,2,4,2,5,4,4,Much more negative
1228,Yes,Yes,No strong feelings (neutral),3,3,4,4,5,2,3,1,5,2,1,1,3,1,2,2,3,5,5,4,2,Does not change
4172,Yes,Yes,More confident in vaccines,3,5,4,4,4,5,2,3,2,2,2,1,3,1,2,1,2,1,3,1,2,Does not change
1582,No,Yes,More confident in vaccines,3,3,5,2,5,3,1,5,1,3,2,1,3,1,3,4,1,1,1,1,1,Does not change
177,Yes,Yes,No strong feelings (neutral),2,5,4,3,4,5,2,3,4,3,1,2,3,2,2,3,2,1,1,2,2,Does not change
1694,Yes,Yes,More confident in vaccines,5,3,2,1,5,4,4,1,3,1,1,3,2,2,1,1,2,3,3,1,1,Does not change
4367,Yes,No,No strong feelings (neutral),5,4,5,2,1,3,2,2,4,5,3,3,2,2,3,4,3,3,3,3,5,Does not change
850,Yes,Yes,No strong feelings (neutral),3,2,5,4,5,5,5,3,3,1,4,1,3,1,2,2,3,1,2,3,3,Much more positive
194,Yes,No,No strong feelings (neutral),4,2,5,5,3,5,4,3,4,2,1,3,2,3,1,2,1,1,4,4,4,Positive
2351,No,No,No strong feelings (neutral),1,3,1,1,3,5,2,3,4,4,5,4,4,3,5,3,2,2,5,4,3,Does not change
4692,Yes,Yes,No strong feelings (neutral),4,3,5,5,5,4,4,2,2,1,3,3,3,4,1,1,1,1,4,1,4,Much more positive
4703,No,Yes,No strong feelings (neutral),4,2,2,2,3,2,1,3,2,2,5,4,1,5,4,4,4,3,4,3,4,Does not change
695,Yes,No,No strong feelings (neutral),5,5,4,3,4,5,3,3,2,3,4,4,3,2,2,3,3,4,4,3,1,Negative
945,No,No,No strong feelings (neutral),4,3,3,4,5,2,2,4,2,4,5,2,3,5,2,4,1,4,2,2,3,Does not change
4103,No,No,No strong feelings (neutral),3,1,3,4,5,5,4,2,2,5,3,2,3,4,3,5,1,1,4,4,1,Does not change
1970,No,Yes,No strong feelings (neutral),4,3,3,2,4,5,4,5,3,3,2,5,3,2,2,1,2,4,2,4,4,Does not change
3731,Yes,No,Overwhelmed,3,2,5,4,5,1,4,4,4,4,4,1,3,2,5,2,1,3,4,3,3,Does not change
2544,Yes,Yes,No strong feelings (neutral),1,4,5,3,2,3,3,2,1,1,2,5,4,2,3,5,3,4,2,4,2,Does not change
3863,No,No,NA,4,5,3,3,3,1,1,5,3,5,1,4,2,5,3,2,2,2,4,3,1,Does not change
4234,No,Yes,More confident in vaccines,3,4,5,1,4,4,1,4,2,1,4,3,2,1,1,1,1,5,2,2,2,Positive
3497,No,No,Overwhelmed,1,2,5,1,1,2,1,3,4,5,5,3,3,1,5,1,4,3,4,3,5,Does not change
710,Yes,Yes,More motivated to protect others,2,1,2,5,1,3,3,1,4,1,4,4,5,2,3,2,4,1,3,1,2,Does not change
2395,No,Yes,"More motivated to protect others, More anxious about side effects",5,4,2,3,5,3,5,5,5,4,3,3,1,3,1,2,2,3,4,5,3,Positive
1361,No,Yes,No strong feelings (neutral),5,4,5,2,5,1,4,3,2,3,2,3,5,2,5,1,3,5,1,4,3,Positive
4949,No,Yes,No strong feelings (neutral),5,5,4,1,4,3,3,3,4,4,3,1,2,2,3,4,3,4,2,4,5,Positive
2662,No,Yes,No strong feelings (neutral),3,2,2,3,2,5,5,4,5,2,3,3,5,2,4,2,1,1,3,3,5,Negative
2970,No,No,No strong feelings (neutral),1,2,4,4,1,2,5,2,3,5,3,3,4,3,2,4,5,3,3,2,3,Does not change
4601,Yes,No,No strong feelings (neutral),4,2,4,3,4,1,4,2,4,5,4,4,3,4,1,4,4,5,4,4,2,Does not change
818,No,No,No strong feelings (neutral),3,3,5,2,4,2,2,5,2,3,4,4,2,1,5,2,4,5,4,3,4,Does not change
2583,No,Yes,No strong feelings (neutral),2,4,3,2,4,2,1,2,3,4,4,4,2,4,2,4,4,3,5,4,2,Does not change
3760,No,Yes,More confident in vaccines,1,5,4,1,3,1,4,2,4,4,3,5,4,4,5,4,3,3,4,5,3,Does not change
510,No,No,No strong feelings (neutral),4,3,2,2,4,5,5,1,2,3,5,2,4,2,1,1,4,3,2,4,1,Negative
3293,Yes,Yes,More confident in vaccines,5,5,3,5,4,4,2,3,4,3,1,4,1,2,1,3,1,4,1,3,5,Much more positive
1867,Yes,No,More confident in vaccines,4,4,5,5,3,2,4,4,3,2,4,3,2,3,2,4,2,1,4,2,3,Does not change
4051,No,Yes,Overwhelmed,1,5,5,2,3,4,4,4,3,4,3,4,5,1,5,2,4,3,1,5,4,Does not change
1666,Yes,Yes,No strong feelings (neutral),4,5,2,3,5,5,2,4,3,1,1,1,2,1,3,1,4,1,3,3,5,Does not change
1498,Yes,Yes,More motivated to protect others,4,5,5,4,1,3,4,1,3,1,1,3,2,1,4,3,3,3,1,2,2,Does not change
1744,No,Yes,More motivated to protect others,5,5,3,5,3,3,2,2,2,3,2,2,3,2,1,3,3,3,4,2,3,Positive
927,No,No,No strong feelings (neutral),4,3,2,4,5,1,3,4,4,4,2,3,4,1,3,4,3,2,4,2,3,Negative
997,No,No,No strong feelings (neutral),4,3,5,4,3,3,2,5,1,4,2,3,3,1,3,4,2,2,3,3,4,Negative
2653,No,Yes,No strong feelings (neutral),5,5,2,5,3,5,4,2,2,2,2,2,4,1,5,1,3,3,4,1,1,Does not change
2961,No,Yes,More confident in vaccines,5,4,4,5,3,5,4,3,1,2,4,1,2,1,1,2,3,5,1,1,3,Positive
359,Yes,Yes,More confident in vaccines,2,2,3,3,2,2,2,3,3,4,4,5,4,2,2,3,5,3,3,2,3,Does not change
4542,No,Yes,NA,2,2,2,3,3,2,4,2,1,3,4,1,3,5,4,4,3,5,3,5,4,Positive
3103,No,No,More confident in vaccines,2,1,1,1,1,1,5,3,3,3,3,4,4,1,5,1,3,1,2,4,3,Does not change
4449,Yes,No,More motivated to protect others,5,3,2,5,3,4,4,2,3,4,2,1,3,3,4,2,1,1,2,4,3,Much more positive
4221,Yes,No,"More motivated to protect others, More anxious about side effects",5,3,3,2,4,3,1,4,4,4,3,3,1,4,2,1,3,1,1,5,3,Positive
4064,No,Yes,More motivated to protect others,3,5,5,4,4,5,3,4,4,4,3,3,4,5,2,3,4,3,1,4,3,Negative
3306,No,Yes,More confident in vaccines,5,4,2,5,4,3,3,3,1,1,5,1,1,5,1,5,2,2,1,1,2,Negative
2777,No,Yes,No strong feelings (neutral),5,3,3,3,4,4,5,2,1,5,3,1,3,4,3,4,1,3,2,4,3,Negative
3715,No,No,No strong feelings (neutral),2,5,5,4,2,3,3,2,2,2,2,3,2,2,1,1,2,4,2,4,1,Does not change
4073,Yes,Yes,No strong feelings (neutral),2,4,4,2,4,5,4,4,2,3,4,1,3,5,3,1,3,2,5,1,4,Does not change
924,No,No,"More motivated to protect others, Overwhelmed",5,2,2,3,3,3,3,2,4,5,1,2,3,4,4,2,3,3,2,3,3,Does not change
2217,No,Yes,No strong feelings (neutral),5,5,4,2,5,4,3,4,2,4,1,2,2,1,2,3,3,2,2,4,4,Positive
3379,Yes,Yes,No strong feelings (neutral),5,3,1,4,5,4,3,1,2,2,4,3,2,1,4,2,3,2,3,3,1,Negative
884,No,Yes,NA,4,4,5,3,4,3,3,3,1,5,5,2,1,5,1,5,2,5,3,4,2,Much more positive
4394,No,Yes,No strong feelings (neutral),3,5,3,3,4,4,2,3,2,5,4,2,4,3,3,4,1,2,5,1,2,Does not change
2362,No,Yes,More anxious about side effects,4,3,5,3,5,5,5,2,3,3,5,3,2,2,5,2,2,2,3,3,3,Does not change
3927,No,Yes,Overwhelmed,5,4,5,2,4,4,4,4,1,3,2,5,2,3,5,3,3,4,1,5,3,Negative
1467,Yes,No,No strong feelings (neutral),5,4,3,5,4,4,2,1,3,2,4,2,4,3,4,2,3,4,4,1,4,Does not change
4845,No,No,No strong feelings (neutral),3,1,1,3,5,3,3,4,2,2,3,5,4,1,2,1,5,3,3,4,3,Much more negative
106,Yes,Yes,More motivated to protect others,4,4,4,3,5,4,3,4,2,4,2,3,1,5,2,2,5,1,4,2,2,Positive
3779,Yes,No,More motivated to protect others,3,5,3,2,5,5,2,2,4,5,1,2,2,2,3,5,4,1,2,3,2,Does not change
2118,Yes,Yes,No strong feelings (neutral),5,2,2,4,4,4,1,4,3,3,2,5,3,3,3,2,5,2,1,5,3,Negative
3255,Yes,Yes,No strong feelings (neutral),4,1,5,3,4,4,3,5,3,1,5,2,4,4,1,1,4,2,3,5,4,Positive
765,Yes,No,No strong feelings (neutral),5,4,5,3,4,3,3,1,1,3,2,1,2,5,3,2,3,2,4,1,1,Does not change
1154,No,Yes,More confident in vaccines,1,5,2,2,1,4,3,2,5,5,5,5,4,1,5,1,2,5,1,4,4,Positive
4701,No,Yes,Overwhelmed,5,3,1,5,3,5,1,5,4,1,2,1,2,2,4,1,1,2,3,3,2,Does not change
2665,Yes,Yes,More confident in vaccines,5,3,4,4,4,3,3,4,2,1,1,5,4,1,1,3,1,1,4,1,2,Much more positive
2879,No,No,NA,2,5,4,1,5,2,2,3,2,1,3,4,1,2,4,2,3,1,4,4,2,Negative
2284,Yes,Yes,No strong feelings (neutral),4,4,4,3,5,1,4,1,3,2,2,2,1,1,3,2,3,2,1,3,1,Much more negative
62,No,No,No strong feelings (neutral),3,3,4,3,2,3,4,3,3,5,2,4,1,2,1,2,1,2,5,2,3,Does not change
4105,No,Yes,No strong feelings (neutral),5,5,3,5,4,4,5,4,4,1,3,1,1,2,3,1,4,3,3,1,2,Does not change
2668,Yes,No,No strong feelings (neutral),2,5,3,4,3,3,4,3,1,3,1,3,3,2,4,2,5,2,5,3,5,Does not change
1924,Yes,No,NA,2,2,4,3,1,3,3,4,1,2,5,2,2,1,4,2,4,5,2,2,4,Does not change
540,No,Yes,No strong feelings (neutral),4,1,2,5,4,4,2,2,2,5,4,4,5,3,3,5,5,4,1,5,5,Negative
3600,Yes,No,Overwhelmed,4,5,1,3,5,4,3,4,5,1,3,5,2,1,5,2,3,2,1,4,1,Does not change
3550,No,Yes,More anxious about side effects,3,1,5,1,3,2,5,4,4,4,3,2,5,3,3,3,4,3,2,4,4,Does not change
1947,Yes,Yes,More confident in vaccines,5,3,5,5,3,5,2,4,1,2,4,1,1,1,1,3,1,1,1,1,3,Much more positive
1458,No,No,No strong feelings (neutral),1,5,5,1,4,3,4,2,3,2,1,2,4,4,1,4,5,4,3,4,4,Does not change
4296,Yes,Yes,More motivated to protect others,5,5,4,5,5,2,5,5,3,1,2,1,1,3,1,5,1,3,1,1,2,Does not change
1447,No,No,No strong feelings (neutral),1,5,2,3,4,3,3,1,3,1,2,3,4,2,4,4,4,2,5,5,3,Does not change
4645,Yes,No,No strong feelings (neutral),4,5,3,4,4,4,4,1,2,3,2,3,4,3,4,3,3,2,3,3,2,Does not change
2406,Yes,Yes,More motivated to protect others,5,2,2,2,4,4,2,2,2,5,1,2,3,1,2,4,3,2,1,3,4,Does not change
1927,Yes,Yes,"More motivated to protect others, More anxious about side effects",3,5,1,2,5,1,2,2,3,5,2,3,4,3,2,3,3,2,4,2,1,Negative
610,Yes,Yes,No strong feelings (neutral),1,1,2,1,1,1,5,2,3,1,2,4,1,1,4,5,4,3,1,2,4,Does not change
670,Yes,No,No strong feelings (neutral),3,5,1,3,4,4,4,3,5,4,2,5,2,5,5,4,2,5,2,2,4,Does not change
1182,No,Yes,More motivated to protect others,5,5,5,4,2,5,4,3,5,2,4,3,1,1,1,1,2,1,5,1,3,Does not change
4672,No,Yes,No strong feelings (neutral),5,2,5,4,4,4,3,2,3,3,3,3,1,1,3,4,2,2,3,1,2,Does not change
4426,Yes,Yes,More motivated to protect others,4,3,2,5,5,5,3,5,1,2,1,2,1,1,1,3,1,1,2,4,1,Positive
676,No,No,No strong feelings (neutral),3,5,4,3,1,4,4,5,4,1,1,2,3,3,3,4,4,4,2,4,5,Much more negative
1031,Yes,Yes,Overwhelmed,4,4,1,3,3,2,4,2,3,2,5,3,4,2,5,1,5,2,2,4,4,Negative
4022,Yes,Yes,More confident in vaccines,4,1,3,5,5,5,3,2,5,1,4,1,1,3,2,2,1,2,3,3,3,Does not change
1981,No,Yes,No strong feelings (neutral),1,3,3,3,3,1,1,3,3,1,2,5,2,3,3,4,5,5,3,2,4,Does not change
1210,Yes,Yes,More anxious about side effects,3,5,5,4,5,1,4,2,2,3,3,3,3,1,3,4,5,4,2,3,3,Does not change
2402,Yes,Yes,More confident in vaccines,2,4,4,3,1,3,4,3,4,3,4,1,2,4,3,2,1,2,5,4,1,Does not change
4011,Yes,Yes,More confident in vaccines,5,5,5,5,5,4,2,4,2,1,5,1,3,1,2,1,3,1,1,3,2,Positive
745,Yes,No,Overwhelmed,4,5,2,5,5,5,4,3,5,5,5,4,2,4,5,3,4,1,1,3,2,Does not change
1769,No,No,No strong feelings (neutral),1,3,3,2,2,2,3,3,2,5,5,3,1,5,5,5,3,4,4,3,4,Does not change
1474,Yes,No,No strong feelings (neutral),1,2,1,1,3,2,4,4,3,2,1,3,4,2,3,2,2,5,3,4,4,Does not change
2915,No,No,NA,5,5,2,1,3,4,3,3,5,5,4,3,4,3,4,4,4,5,4,1,5,Positive
3429,No,No,NA,4,5,2,3,5,5,3,3,2,5,3,4,2,3,4,2,3,3,5,2,5,Does not change
3669,No,Yes,More anxious about side effects,5,3,5,4,5,5,4,1,5,1,1,1,2,4,4,3,3,2,1,2,4,Does not change
132,No,No,NA,5,3,2,4,4,1,5,1,3,3,5,2,5,5,2,3,4,3,3,4,5,Does not change
369,Yes,No,NA,2,3,5,2,3,5,3,3,1,5,4,3,3,3,3,2,3,4,3,4,4,Positive
4102,Yes,Yes,More confident in vaccines,2,5,2,4,5,3,3,1,4,1,1,3,3,3,1,4,4,3,4,2,1,Much more positive
3917,No,No,No strong feelings (neutral),3,2,3,1,5,5,4,2,3,3,4,2,3,2,3,1,4,2,4,4,5,Does not change
4233,No,No,More confident in vaccines,5,5,2,1,2,1,4,3,3,1,4,4,4,4,5,1,5,5,1,2,3,Much more positive
1830,No,No,No strong feelings (neutral),5,4,4,4,5,4,3,4,3,5,1,3,3,1,5,2,3,2,4,3,3,Negative
1168,No,Yes,More confident in vaccines,1,4,2,3,1,3,3,1,1,5,4,4,5,5,4,4,3,3,2,5,1,Positive
2741,Yes,No,No strong feelings (neutral),2,3,4,2,5,1,4,1,1,3,4,2,3,2,2,5,2,1,4,5,4,Does not change
2090,Yes,No,No strong feelings (neutral),2,4,5,4,1,3,1,2,4,5,3,4,3,1,1,2,1,2,4,1,4,Does not change
2071,No,Yes,No strong feelings (neutral),5,1,5,4,5,4,4,4,5,3,4,2,1,4,1,2,1,1,2,1,2,Positive
767,No,Yes,No strong feelings (neutral),5,1,2,5,5,3,4,2,3,4,2,1,2,3,3,4,1,5,3,3,4,Positive
2213,No,Yes,"More motivated to protect others, More confident in vaccines",4,2,3,3,5,5,5,2,5,3,2,3,3,2,1,2,3,4,4,3,3,Does not change
104,No,Yes,Overwhelmed,2,3,4,5,5,4,3,3,3,2,1,2,2,1,4,2,4,3,2,1,3,Does not change
985,Yes,No,No strong feelings (neutral),3,5,1,4,2,1,3,3,2,5,3,5,3,2,3,5,3,5,1,3,4,Does not change
2650,Yes,No,NA,2,4,3,1,5,2,5,1,1,4,3,5,5,5,3,5,5,4,2,4,4,Does not change
54,No,Yes,More confident in vaccines,4,5,3,5,5,5,5,1,4,1,1,3,4,2,1,2,2,1,2,3,4,Does not change
3931,No,Yes,No strong feelings (neutral),4,5,3,5,5,5,4,1,4,3,1,3,3,1,1,2,1,3,1,1,1,Does not change
1351,Yes,No,No strong feelings (neutral),5,3,4,2,1,4,2,1,1,1,5,1,3,1,2,2,4,4,2,4,3,Negative
1840,Yes,Yes,No strong feelings (neutral),5,4,2,5,5,4,3,2,5,3,4,1,4,1,3,2,1,3,2,2,1,Does not change
2710,No,No,No strong feelings (neutral),4,2,2,2,5,1,5,5,1,5,3,1,3,4,5,2,3,5,2,3,1,Negative
810,Yes,Yes,No strong feelings (neutral),5,5,4,4,4,4,1,2,4,2,3,2,2,2,2,1,2,3,4,3,3,Does not change
3613,Yes,Yes,No strong feelings (neutral),5,3,5,5,2,4,2,4,4,2,3,1,4,3,1,3,1,4,1,1,2,Does not change
473,Yes,No,More motivated to protect others,5,4,2,3,3,2,1,3,1,2,1,3,1,5,1,1,4,3,3,2,2,Does not change
2020,Yes,No,No strong feelings (neutral),2,5,2,5,5,1,4,5,2,3,3,5,3,3,4,3,4,2,4,3,1,Does not change
4210,Yes,Yes,More confident in vaccines,3,5,5,3,5,1,3,3,5,2,1,1,2,3,1,1,1,3,4,4,3,Does not change
4632,No,No,No strong feelings (neutral),4,1,5,4,3,5,2,2,4,3,3,2,5,3,4,5,4,4,5,3,4,Does not change
4604,No,No,"More confident in vaccines, Overwhelmed",2,4,4,4,1,2,4,1,5,2,4,4,4,2,5,5,5,4,5,3,5,Positive
2002,No,No,No strong feelings (neutral),2,3,5,4,1,4,4,5,3,3,1,1,3,3,2,4,1,5,2,1,3,Negative
3108,Yes,Yes,No strong feelings (neutral),4,2,5,2,5,3,2,4,1,1,1,1,2,1,4,1,3,1,2,2,2,Much more positive
2156,No,Yes,"More motivated to protect others, Overwhelmed",3,3,2,5,2,5,3,3,5,3,3,1,2,3,2,4,1,3,3,1,3,Much more positive
1324,No,Yes,More anxious about side effects,5,5,5,2,2,4,3,1,5,5,2,5,3,2,2,4,3,3,5,3,2,Does not change
2667,No,Yes,"More motivated to protect others, More confident in vaccines",2,5,5,4,5,2,2,3,4,5,1,5,2,3,3,1,2,1,2,3,3,Positive
3353,Yes,Yes,Overwhelmed,5,2,5,3,1,2,1,3,3,1,1,3,3,1,4,5,3,2,4,3,3,Does not change
1123,No,No,No strong feelings (neutral),3,2,3,1,2,4,4,2,5,5,4,4,5,3,4,2,2,3,3,3,4,Does not change
251,Yes,Yes,More motivated to protect others,4,5,5,4,4,5,3,2,5,2,1,3,4,1,1,3,2,2,4,1,4,Positive
3696,Yes,Yes,No strong feelings (neutral),5,2,5,3,3,5,1,2,2,3,2,2,1,3,3,3,3,3,1,3,4,Does not change
1592,No,Yes,No strong feelings (neutral),2,2,4,1,1,3,2,1,2,1,3,3,4,3,2,2,4,3,2,3,4,Does not change
520,No,No,No strong feelings (neutral),4,2,3,2,5,2,3,3,2,4,1,4,5,2,4,2,4,2,4,4,4,Does not change
1581,Yes,Yes,More motivated to protect others,3,3,3,2,4,2,4,2,1,1,1,3,2,3,3,3,2,1,2,1,2,Does not change
4880,Yes,Yes,More confident in vaccines,5,2,2,2,5,5,2,3,2,4,1,2,2,4,3,1,2,1,1,4,1,Does not change
2762,Yes,Yes,More motivated to protect others,3,1,5,4,2,4,1,1,3,1,1,2,4,1,3,1,1,1,5,1,4,Positive
3517,Yes,No,NA,2,1,1,3,4,5,3,1,3,1,2,3,4,3,5,3,5,4,3,2,4,Does not change
3797,Yes,Yes,"More confident in vaccines, Overwhelmed",2,5,2,3,3,4,5,5,4,4,1,4,1,5,5,1,1,5,4,2,1,Does not change
2860,No,No,No strong feelings (neutral),3,4,3,5,3,1,5,5,3,4,3,3,1,1,4,3,2,3,2,5,2,Does not change
3202,No,Yes,No strong feelings (neutral),4,2,3,1,4,3,4,3,4,4,2,2,4,2,2,3,5,1,4,4,5,Does not change
3858,No,Yes,More confident in vaccines,5,1,2,2,5,5,2,5,1,1,2,2,2,1,2,2,1,3,1,1,1,Does not change
4424,Yes,Yes,NA,2,3,4,5,3,1,3,2,4,3,3,3,4,2,3,3,2,4,4,2,2,Does not change
4335,No,No,No strong feelings (neutral),4,1,2,1,2,1,5,4,4,2,4,5,5,2,4,5,3,5,3,4,4,Does not change
4819,Yes,Yes,"More motivated to protect others, More confident in vaccines",2,3,3,2,5,4,1,2,2,5,4,4,1,3,1,1,2,1,4,2,1,Much more negative
2098,Yes,No,More anxious about side effects,3,3,5,4,2,5,3,4,2,3,4,2,2,2,5,1,3,2,1,2,2,Much more positive
677,Yes,Yes,More confident in vaccines,1,4,3,1,1,2,2,5,3,1,4,4,3,4,3,5,4,1,4,3,3,Negative
4793,Yes,No,NA,3,3,5,4,3,5,3,4,3,4,1,2,5,4,3,2,1,1,5,4,1,Positive
4541,Yes,No,No strong feelings (neutral),5,1,3,3,5,4,2,3,5,3,5,2,4,3,4,5,1,3,4,3,3,Does not change
1204,No,No,Overwhelmed,3,1,5,1,1,4,3,4,3,1,4,3,3,2,4,4,4,3,2,4,4,Positive
3187,No,No,NA,3,5,2,5,5,3,4,1,1,3,5,5,3,3,3,3,3,3,4,4,5,Does not change
493,No,Yes,More motivated to protect others,3,4,5,2,2,5,3,5,5,3,4,1,2,1,1,5,2,3,3,3,2,Does not change
2212,No,No,No strong feelings (neutral),2,2,1,4,3,5,3,3,3,2,3,2,2,5,5,3,2,2,1,2,3,Positive
4013,No,Yes,More confident in vaccines,5,5,3,5,3,5,5,2,4,4,1,1,1,1,4,1,2,4,2,1,3,Positive
4260,No,Yes,More confident in vaccines,3,4,4,4,5,5,5,2,3,2,3,2,2,1,2,4,4,5,1,2,1,Positive
250,Yes,Yes,More confident in vaccines,4,1,2,5,3,4,4,5,4,1,2,4,2,3,2,1,3,1,3,5,1,Does not change
4321,Yes,No,No strong feelings (neutral),1,3,4,3,2,3,1,2,2,4,5,3,4,4,5,3,4,1,5,5,5,Does not change
931,No,No,No strong feelings (neutral),4,2,3,4,4,5,3,3,2,5,3,3,1,5,3,5,5,3,3,3,3,Much more negative
334,Yes,No,No strong feelings (neutral),5,4,5,3,3,5,1,4,3,3,1,4,3,2,3,4,4,2,4,2,2,Positive
4870,Yes,No,More motivated to protect others,4,5,5,4,3,5,2,4,2,2,2,3,1,2,3,2,1,2,3,2,1,Does not change
2999,No,Yes,More anxious about side effects,5,2,4,3,4,5,3,4,5,2,5,5,1,4,4,4,4,2,4,3,3,Does not change
2520,No,No,No strong feelings (neutral),4,3,1,4,2,2,2,4,3,2,5,3,5,2,4,2,5,3,4,4,5,Does not change
341,No,Yes,No strong feelings (neutral),3,3,5,3,5,3,3,3,2,2,2,3,3,3,5,3,1,2,1,4,1,Does not change
854,No,No,No strong feelings (neutral),3,3,4,4,3,4,3,5,3,3,3,3,4,5,1,3,4,2,3,4,1,Does not change
4858,Yes,Yes,More anxious about side effects,5,4,4,4,3,5,2,5,3,5,2,4,5,4,2,3,3,4,3,3,3,Does not change
268,Yes,No,No strong feelings (neutral),5,3,5,1,1,2,4,1,3,1,2,3,4,2,2,4,4,2,1,3,2,Positive
2830,Yes,Yes,No strong feelings (neutral),5,5,4,3,5,5,3,1,2,2,2,2,5,2,1,1,1,1,5,2,2,Does not change
956,Yes,Yes,More confident in vaccines,5,3,1,2,3,4,1,1,3,1,2,1,3,2,1,1,4,1,2,1,1,Positive
4372,No,Yes,More anxious about side effects,3,1,2,2,1,3,2,3,1,5,5,3,3,1,4,2,4,5,4,2,4,Much more negative
569,Yes,Yes,No strong feelings (neutral),2,4,5,3,4,1,2,3,1,1,4,2,2,5,3,3,2,2,1,3,4,Negative
1703,Yes,Yes,No strong feelings (neutral),2,5,4,4,3,4,3,3,3,1,2,1,3,1,3,2,5,2,3,3,1,Does not change
851,Yes,No,No strong feelings (neutral),3,1,5,4,4,1,2,4,4,1,4,4,3,1,3,3,4,4,3,3,3,Does not change
1726,Yes,No,No strong feelings (neutral),2,2,1,4,3,2,2,4,2,1,4,3,4,3,3,3,1,2,4,1,4,Does not change
679,Yes,Yes,More confident in vaccines,5,3,2,5,5,5,4,4,2,3,1,1,1,1,2,3,4,4,1,1,1,Positive
1772,Yes,Yes,Overwhelmed,4,4,5,4,2,5,2,3,1,3,4,1,1,3,5,3,3,2,2,3,4,Does not change
4529,No,Yes,More motivated to protect others,5,4,2,3,2,3,2,1,4,5,2,4,1,4,3,1,2,3,3,2,4,Does not change
3317,No,No,NA,5,4,3,4,4,5,4,4,4,5,5,5,3,2,4,1,1,3,3,3,2,Does not change
2553,No,No,No strong feelings (neutral),3,1,4,5,4,4,4,2,1,4,1,2,4,2,5,4,2,3,2,4,3,Does not change
1098,Yes,Yes,No strong feelings (neutral),5,3,3,5,4,5,5,5,3,1,5,3,3,4,3,4,1,3,5,4,1,Does not change
4264,Yes,Yes,No strong feelings (neutral),5,2,3,3,2,1,2,3,3,3,5,5,2,1,3,2,4,4,3,3,5,Does not change
3809,Yes,Yes,No strong feelings (neutral),2,4,5,5,2,5,3,2,4,3,1,3,1,1,2,5,3,2,4,3,2,Negative
2556,Yes,No,More confident in vaccines,2,2,2,5,5,2,2,4,4,1,4,2,4,1,4,3,1,3,3,3,3,Positive
4546,Yes,Yes,No strong feelings (neutral),4,4,2,5,5,5,3,3,4,4,4,3,4,2,3,4,1,3,5,5,3,Negative
4887,Yes,Yes,Overwhelmed,5,5,3,4,1,5,3,3,4,1,2,2,1,1,2,4,1,4,3,1,4,Much more negative
2365,Yes,Yes,No strong feelings (neutral),5,3,1,3,2,4,3,5,3,4,2,3,4,1,2,5,4,2,3,5,5,Does not change
770,No,Yes,No strong feelings (neutral),3,4,2,2,4,4,1,2,4,3,4,2,3,4,4,4,2,1,3,3,4,Does not change
534,Yes,Yes,"More confident in vaccines, Overwhelmed",3,3,5,5,1,2,3,2,3,2,5,3,2,4,5,1,4,5,4,3,3,Does not change
3758,No,No,More confident in vaccines,3,3,3,3,2,3,4,2,3,2,5,5,3,2,4,4,1,3,4,3,3,Does not change
2592,No,No,NA,4,1,5,1,2,2,3,2,3,3,4,5,3,2,4,4,4,5,3,2,5,Much more negative
1095,No,Yes,No strong feelings (neutral),3,4,5,5,3,3,2,1,3,4,1,1,5,1,3,3,3,5,1,1,4,Positive
1753,No,No,No strong feelings (neutral),1,2,4,5,3,4,4,5,4,3,2,4,5,5,5,4,2,4,5,4,5,Does not change
4066,Yes,Yes,More confident in vaccines,4,2,3,3,2,2,3,4,4,3,3,5,3,1,4,2,2,3,4,1,2,Negative
664,Yes,No,More confident in vaccines,5,2,4,5,3,5,5,4,3,2,1,3,3,3,4,1,1,2,1,1,2,Negative
4694,Yes,Yes,More motivated to protect others,3,5,2,1,5,5,4,3,3,3,3,1,3,1,1,2,1,1,3,1,2,Positive
4132,Yes,Yes,No strong feelings (neutral),3,4,1,4,4,5,3,4,4,3,1,1,2,4,1,3,4,2,1,1,1,Much more positive
4049,No,No,No strong feelings (neutral),2,1,1,4,3,3,2,3,1,4,3,3,5,3,1,4,2,3,4,2,5,Does not change
1504,No,No,No strong feelings (neutral),4,1,3,2,3,4,3,2,3,4,2,4,4,4,2,5,5,3,3,4,5,Does not change
4175,Yes,No,No strong feelings (neutral),1,5,4,5,1,3,5,3,5,4,3,3,3,2,2,2,5,3,5,4,4,Does not change
484,No,Yes,No strong feelings (neutral),3,2,3,2,3,3,4,4,4,2,3,2,4,4,2,3,3,3,4,3,3,Does not change
2294,No,No,"More confident in vaccines, Overwhelmed",4,2,2,5,4,4,1,4,2,3,3,1,2,3,4,2,4,2,4,3,5,Does not change
2573,Yes,Yes,NA,5,4,4,3,4,5,5,2,4,3,2,4,3,1,3,1,2,3,3,2,2,Does not change
4181,Yes,Yes,No strong feelings (neutral),5,1,5,3,5,3,2,2,4,3,1,2,5,5,3,4,1,1,2,5,5,Does not change
3524,Yes,No,More confident in vaccines,3,2,5,4,4,2,4,1,4,2,1,1,1,1,2,2,4,2,1,1,3,Does not change
3049,No,No,NA,4,3,2,3,4,4,4,2,1,5,2,1,1,1,4,5,3,2,3,4,1,Does not change
4496,No,No,No strong feelings (neutral),4,1,4,1,2,2,2,2,5,4,3,5,3,4,2,2,2,3,1,3,2,Does not change
2208,Yes,Yes,More confident in vaccines,4,2,2,4,3,4,1,5,3,2,1,3,1,2,4,3,3,1,3,2,1,Negative
3730,No,Yes,No strong feelings (neutral),4,3,1,5,3,3,3,4,5,3,1,2,3,2,2,4,1,2,3,4,2,Does not change
3603,No,No,No strong feelings (neutral),4,3,5,3,2,2,4,3,2,1,4,3,1,2,3,3,2,3,1,2,3,Does not change
4687,Yes,No,More confident in vaccines,2,5,5,2,1,2,2,1,5,2,4,3,1,3,3,1,1,1,3,2,3,Does not change
4004,No,Yes,No strong feelings (neutral),5,2,3,4,5,2,5,5,3,2,3,1,1,1,1,4,1,4,5,3,4,Does not change
3439,No,Yes,No strong feelings (neutral),2,1,5,4,3,5,2,4,2,3,4,2,5,3,5,5,4,4,4,2,3,Negative
438,Yes,No,No strong feelings (neutral),4,2,5,3,4,4,5,3,3,3,1,1,1,2,2,3,2,4,4,3,3,Does not change
3074,Yes,Yes,More motivated to protect others,3,2,1,2,5,1,4,2,1,5,1,1,5,1,3,4,2,3,2,1,1,Positive
806,Yes,Yes,No strong feelings (neutral),2,2,2,5,5,2,4,3,1,3,3,5,5,3,4,5,2,1,5,3,4,Does not change
1751,Yes,Yes,More confident in vaccines,5,4,5,4,5,5,2,2,3,3,3,2,1,3,1,1,2,2,1,1,1,Positive
3381,No,No,NA,5,2,1,2,5,2,3,4,4,5,1,5,2,4,5,4,3,3,2,5,3,Does not change
237,No,Yes,No strong feelings (neutral),2,5,1,1,1,5,4,1,4,4,3,3,5,2,4,4,3,5,3,4,4,Positive
958,No,No,No strong feelings (neutral),5,1,4,4,4,4,5,4,4,3,2,1,4,2,3,3,2,4,2,1,3,Positive
3989,No,No,No strong feelings (neutral),2,5,4,5,4,4,3,3,3,3,3,2,1,1,4,4,2,1,3,1,3,Positive
1595,Yes,No,No strong feelings (neutral),4,2,2,5,1,2,3,4,4,3,4,3,2,4,4,3,2,4,4,4,1,Much more positive
1712,Yes,No,No strong feelings (neutral),4,4,4,5,4,5,5,4,3,1,4,4,3,4,1,1,2,3,2,4,1,Does not change
2531,Yes,Yes,NA,4,3,2,2,5,4,2,3,3,2,2,4,3,5,1,2,5,3,2,4,4,Much more negative
3186,Yes,Yes,No strong feelings (neutral),1,1,2,4,3,1,2,1,4,2,2,2,1,2,1,4,5,3,3,2,2,Negative
2687,No,No,No strong feelings (neutral),5,1,3,5,4,4,3,4,3,3,5,3,4,4,2,3,4,3,5,3,1,Much more negative
2958,Yes,Yes,No strong feelings (neutral),1,3,4,1,1,1,3,1,5,5,3,4,2,4,4,5,3,5,4,5,1,Does not change
3006,No,No,No strong feelings (neutral),5,3,5,1,4,4,4,4,3,4,3,3,3,4,1,4,5,5,5,5,4,Does not change
4443,No,No,More anxious about side effects,2,5,2,3,4,5,3,5,5,1,3,4,4,2,4,3,4,5,1,1,1,Positive
2916,Yes,Yes,More confident in vaccines,5,4,4,2,5,2,2,2,4,1,2,1,2,1,3,3,1,4,1,1,3,Much more positive
1314,No,Yes,No strong feelings (neutral),4,3,5,2,3,2,2,4,3,2,3,5,4,5,1,1,3,4,3,3,1,Does not change
4405,No,No,NA,4,2,3,5,4,3,4,3,4,4,2,3,3,3,2,3,2,3,1,5,3,Does not change
922,No,No,NA,3,1,1,2,1,3,3,1,3,2,5,5,3,4,4,5,2,4,5,4,4,Does not change
1539,Yes,Yes,No strong feelings (neutral),2,5,1,1,3,3,2,3,2,4,2,2,4,3,2,5,2,2,1,3,5,Does not change
935,Yes,Yes,More motivated to protect others,5,5,3,3,5,2,3,5,1,4,3,1,2,1,1,1,1,1,1,1,1,Does not change
1899,No,No,No strong feelings (neutral),3,5,2,4,3,5,2,3,4,3,3,5,3,3,3,1,5,3,4,2,3,Negative
2226,No,Yes,More confident in vaccines,3,1,3,3,3,5,2,5,2,2,2,1,1,5,2,4,3,2,1,2,1,Positive
759,No,Yes,More confident in vaccines,5,3,5,5,1,5,4,3,3,1,2,3,2,3,4,4,2,1,2,1,3,Negative
1494,No,Yes,NA,3,4,2,4,5,5,2,1,1,2,2,4,1,2,3,4,5,3,3,1,3,Does not change
3223,No,Yes,More anxious about side effects,4,1,2,1,2,3,2,1,1,5,1,3,3,2,4,4,3,1,3,1,4,Positive
3021,Yes,Yes,More motivated to protect others,5,5,3,1,1,5,4,5,5,3,2,1,3,2,5,1,2,1,1,3,2,Much more negative
3876,Yes,Yes,No strong feelings (neutral),5,1,2,2,4,3,4,1,5,3,3,1,3,1,2,4,3,4,3,2,4,Positive
2194,Yes,Yes,More confident in vaccines,4,4,5,2,1,4,2,4,1,5,4,2,4,4,4,4,3,5,1,5,3,Positive
4742,Yes,Yes,More confident in vaccines,3,4,5,4,5,2,2,4,3,3,2,1,2,1,1,2,2,1,1,1,3,Does not change
1838,No,Yes,More confident in vaccines,3,4,2,3,1,4,4,3,4,2,1,4,1,2,3,1,4,3,2,1,3,Positive
1780,Yes,No,No strong feelings (neutral),3,2,4,1,4,3,4,3,1,4,2,3,2,1,3,4,4,1,4,2,3,Positive
3193,No,No,No strong feelings (neutral),1,2,3,3,4,4,5,4,5,4,2,2,2,5,2,4,3,3,2,4,1,Does not change
2125,Yes,Yes,No strong feelings (neutral),5,3,5,4,3,1,2,4,5,2,3,3,4,2,1,2,2,3,2,3,2,Does not change
399,Yes,No,More confident in vaccines,5,1,5,3,4,5,4,5,2,1,1,2,3,1,4,1,2,1,1,2,2,Does not change
406,Yes,Yes,More confident in vaccines,5,4,4,5,4,2,1,2,2,2,1,1,1,1,5,3,2,1,1,2,2,Positive
1190,No,No,More confident in vaccines,3,4,2,1,3,1,5,2,2,1,1,3,5,3,1,2,3,4,4,2,2,Does not change
4217,No,Yes,No strong feelings (neutral),4,3,4,2,1,2,2,4,2,2,4,4,2,2,4,5,5,3,5,4,4,Does not change
609,No,No,More confident in vaccines,2,3,4,3,2,5,3,2,1,1,4,1,2,3,4,5,2,3,4,4,2,Does not change
4636,Yes,No,Overwhelmed,4,5,3,4,3,2,2,5,1,1,3,3,5,4,5,3,2,2,4,3,4,Does not change
2088,No,No,No strong feelings (neutral),4,3,2,1,3,3,2,5,3,5,3,3,3,4,5,3,4,3,5,5,3,Does not change
141,No,No,More anxious about side effects,5,5,3,5,1,3,3,1,2,5,3,5,5,4,4,2,2,1,5,3,3,Negative
2155,Yes,No,More confident in vaccines,3,4,5,1,2,5,5,2,4,3,3,2,4,3,2,3,3,2,2,1,5,Does not change
3386,Yes,No,No strong feelings (neutral),2,4,4,2,4,5,3,5,4,2,3,1,3,3,3,4,3,2,2,4,4,Does not change
2374,No,Yes,More confident in vaccines,5,4,1,1,1,1,1,2,5,4,5,5,3,2,5,4,5,2,5,4,4,Does not change
4557,No,No,No strong feelings (neutral),2,3,1,1,3,2,5,4,1,4,4,3,5,5,3,3,2,5,5,2,1,Does not change
1453,No,No,No strong feelings (neutral),4,2,2,4,5,5,2,2,2,2,4,4,5,2,3,3,3,3,4,4,3,Does not change
2786,Yes,Yes,No strong feelings (neutral),4,5,5,5,1,5,2,2,1,3,1,4,2,4,2,2,1,1,2,1,2,Does not change
1128,No,No,No strong feelings (neutral),5,5,2,4,3,4,2,4,4,2,2,4,3,5,5,1,5,5,1,2,1,Does not change
309,No,No,No strong feelings (neutral),2,2,3,4,3,1,1,4,2,5,3,4,2,4,2,3,3,3,5,3,5,Does not change
2216,No,No,"More confident in vaccines, Overwhelmed",5,3,2,3,2,1,3,5,3,3,2,3,2,2,4,2,1,3,3,1,1,Positive
2399,Yes,Yes,Overwhelmed,2,2,2,4,3,1,5,5,1,1,1,3,4,1,1,4,3,3,2,5,1,Does not change
4325,No,Yes,More confident in vaccines,5,2,4,5,4,5,4,2,3,1,3,2,4,2,1,1,2,3,1,1,2,Positive
1266,No,No,NA,1,4,5,4,3,5,4,5,2,4,3,1,3,2,2,3,2,4,4,2,5,Does not change
4920,No,Yes,NA,5,2,5,3,3,3,2,2,4,1,2,2,5,4,3,3,5,4,3,4,2,Positive
804,No,No,No strong feelings (neutral),5,3,1,5,3,4,2,1,3,3,3,4,4,3,3,3,3,3,2,3,4,Positive
3559,No,Yes,More motivated to protect others,3,2,1,4,3,5,5,4,2,2,4,4,3,2,4,2,4,1,1,2,2,Does not change
531,No,Yes,More motivated to protect others,4,4,5,3,4,4,1,3,3,1,4,2,2,3,2,1,4,2,1,1,1,Positive
815,Yes,Yes,More confident in vaccines,2,2,4,2,2,5,4,2,1,4,3,4,3,4,5,4,2,2,3,4,3,Positive
4681,No,Yes,No strong feelings (neutral),4,2,2,4,4,4,1,2,5,3,5,5,5,1,3,5,1,1,5,1,1,Does not change
2678,Yes,Yes,No strong feelings (neutral),5,4,3,2,5,3,2,1,5,2,1,3,1,1,5,3,1,1,3,3,3,Negative
1019,Yes,No,No strong feelings (neutral),3,1,5,5,1,4,4,4,3,2,4,5,4,1,4,5,3,1,4,1,2,Positive
2750,No,Yes,No strong feelings (neutral),3,2,2,2,3,3,4,3,1,4,2,3,4,4,4,3,4,4,1,4,3,Does not change
4904,Yes,Yes,"More confident in vaccines, More anxious about side effects",5,5,2,1,1,5,4,4,3,2,4,2,4,4,5,4,4,3,2,4,3,Does not change
3529,No,No,No strong feelings (neutral),3,1,2,2,3,5,2,3,3,5,4,4,3,3,2,5,1,3,5,5,5,Does not change
2476,No,Yes,More confident in vaccines,3,5,3,1,3,2,1,4,4,3,1,2,5,1,4,3,4,3,2,2,1,Does not change
1609,Yes,Yes,More motivated to protect others,5,5,3,4,2,5,3,1,3,3,5,2,3,3,1,2,4,2,4,3,1,Does not change
2008,Yes,No,No strong feelings (neutral),2,4,1,5,4,5,3,2,4,2,3,2,4,4,2,5,2,5,5,3,3,Does not change
1918,Yes,No,More confident in vaccines,5,2,2,5,3,3,3,3,3,4,5,5,5,5,4,3,5,2,1,3,4,Does not change
2426,No,No,Overwhelmed,1,1,2,3,5,5,1,2,1,3,4,5,4,2,5,2,3,3,1,4,1,Positive
2711,No,No,Overwhelmed,4,1,2,3,2,4,3,4,1,4,5,5,4,3,4,5,4,4,1,4,4,Does not change
3139,No,Yes,More confident in vaccines,5,3,4,5,3,5,2,5,5,3,4,1,3,3,1,5,2,2,1,2,1,Positive
3983,Yes,No,No strong feelings (neutral),4,2,2,3,4,5,3,2,2,1,4,3,5,1,2,2,3,3,3,2,3,Does not change
3846,Yes,Yes,More confident in vaccines,4,1,5,5,1,5,3,3,4,4,2,2,3,2,2,4,3,4,2,2,4,Does not change
1634,No,No,No strong feelings (neutral),3,5,3,4,4,5,4,3,2,3,4,1,2,1,2,1,3,2,3,4,3,Positive
2783,No,Yes,More confident in vaccines,5,5,2,5,5,2,4,3,1,1,1,3,4,4,2,1,1,2,2,1,1,Positive
2707,No,No,No strong feelings (neutral),3,2,4,3,2,5,4,5,3,5,2,4,3,4,1,5,1,5,3,1,3,Does not change
4873,Yes,Yes,No strong feelings (neutral),2,4,1,5,3,5,2,4,3,4,2,3,3,4,4,4,2,4,1,4,4,Does not change
3119,No,No,No strong feelings (neutral),4,5,4,5,4,5,2,2,1,3,4,4,5,3,3,5,2,4,4,2,1,Does not change
203,Yes,Yes,No strong feelings (neutral),3,1,2,1,3,5,1,2,2,3,3,5,5,2,4,5,2,1,3,2,5,Positive
2596,Yes,No,More anxious about side effects,4,3,3,4,5,1,5,4,3,4,4,3,2,1,5,5,2,2,4,4,1,Does not change
1391,No,No,NA,5,1,5,3,5,5,2,5,2,5,1,1,2,1,2,4,3,5,1,3,3,Positive
100,No,Yes,Overwhelmed,2,3,4,3,1,5,1,2,4,4,4,3,3,1,5,3,2,2,3,4,3,Does not change
4844,No,Yes,More confident in vaccines,2,5,4,4,4,4,5,1,3,2,2,4,3,1,5,3,1,2,3,1,1,Positive
2273,Yes,No,"More confident in vaccines, Overwhelmed",4,4,1,2,2,3,4,2,3,2,1,1,3,1,5,4,3,2,3,1,5,Much more negative
3907,No,No,No strong feelings (neutral),5,3,2,4,4,4,5,3,3,3,4,3,2,4,5,3,1,1,4,3,3,Does not change
2354,No,Yes,No strong feelings (neutral),4,3,1,5,5,5,3,3,5,4,3,2,4,5,4,2,1,3,2,2,2,Positive
2263,Yes,No,No strong feelings (neutral),4,3,3,2,1,4,3,4,1,1,5,3,3,5,3,4,3,4,1,4,3,Much more positive
2924,No,No,No strong feelings (neutral),4,1,2,2,2,5,3,1,3,5,2,4,4,5,3,2,3,3,2,2,3,Does not change
3123,No,Yes,No strong feelings (neutral),5,4,4,5,4,3,4,4,1,2,4,4,3,4,1,2,2,2,1,3,1,Does not change
3396,Yes,No,NA,1,3,1,3,5,1,4,3,2,3,3,4,2,4,4,4,5,5,5,4,5,Does not change
1017,Yes,No,No strong feelings (neutral),4,4,2,4,3,5,4,5,3,3,4,1,2,4,4,4,3,2,4,4,2,Does not change
3235,Yes,No,"More confident in vaccines, More anxious about side effects",5,5,5,5,1,1,3,2,2,3,5,3,3,3,2,2,1,5,2,3,3,Does not change
3456,Yes,Yes,No strong feelings (neutral),5,4,3,3,4,1,3,3,3,5,4,3,1,3,5,2,5,4,2,3,4,Does not change
3466,Yes,Yes,More confident in vaccines,5,5,3,3,3,4,4,1,1,2,1,1,2,2,1,5,1,3,3,1,3,Positive
1046,No,No,No strong feelings (neutral),5,4,3,3,4,3,2,1,4,3,4,2,4,3,2,1,2,4,2,2,2,Does not change
480,Yes,No,No strong feelings (neutral),5,2,4,5,1,3,5,4,2,1,2,2,3,2,5,4,4,3,5,2,3,Does not change
4204,No,No,More anxious about side effects,4,5,3,4,2,2,4,2,5,5,2,4,2,5,2,3,3,3,3,3,2,Does not change
3241,No,Yes,More confident in vaccines,5,4,2,5,5,3,5,5,2,1,1,3,1,1,2,4,4,3,1,3,3,Does not change
2654,Yes,No,More motivated to protect others,3,2,3,4,2,1,1,3,5,3,3,1,5,5,2,3,2,2,1,1,1,Does not change
4308,Yes,Yes,Overwhelmed,5,4,4,3,5,5,3,2,2,3,3,2,5,1,5,4,5,5,2,2,2,Does not change
4170,No,Yes,No strong feelings (neutral),3,4,4,3,3,2,2,4,4,5,4,3,3,3,5,5,2,4,3,4,4,Negative
3965,Yes,No,More confident in vaccines,2,4,2,5,3,1,1,2,1,5,3,4,1,3,5,4,4,1,4,4,4,Negative
1735,No,No,No strong feelings (neutral),4,3,3,4,3,3,3,4,5,3,3,1,4,5,3,3,1,4,4,3,4,Does not change
1817,No,Yes,More confident in vaccines,4,3,5,5,2,5,2,4,3,1,2,1,4,1,1,1,1,2,3,2,1,Does not change
1360,No,No,More confident in vaccines,1,2,2,5,2,2,2,3,4,3,5,2,4,4,4,3,3,5,2,4,3,Positive
4795,Yes,Yes,More confident in vaccines,2,5,2,4,3,4,1,2,3,3,1,1,2,2,3,2,2,5,3,1,3,Does not change
4420,No,No,No strong feelings (neutral),4,3,5,1,4,3,4,1,1,4,5,4,5,3,5,2,4,5,4,4,5,Does not change
2439,Yes,Yes,"More motivated to protect others, More confident in vaccines",3,2,5,1,3,5,4,2,4,4,2,4,2,1,2,3,1,1,1,3,3,Does not change
5,No,No,No strong feelings (neutral),3,5,3,3,5,1,2,2,3,4,4,3,2,5,5,4,2,3,3,4,1,Negative
1848,No,Yes,More anxious about side effects,2,2,4,4,5,1,4,3,3,4,3,4,5,3,3,5,3,1,1,5,3,Does not change
3922,No,No,No strong feelings (neutral),4,2,3,5,2,3,3,1,2,5,2,4,1,4,3,4,3,1,3,3,3,Does not change
2969,No,No,No strong feelings (neutral),3,4,3,2,2,4,3,3,4,3,1,5,4,3,3,5,4,4,1,3,3,Does not change
1196,Yes,Yes,"More motivated to protect others, More confident in vaccines",2,5,3,5,3,4,2,1,3,4,2,3,2,2,4,2,4,1,4,3,1,Does not change
1562,No,Yes,No strong feelings (neutral),1,1,4,1,4,4,3,4,2,1,4,1,4,4,2,1,5,4,2,1,3,Does not change
3194,No,Yes,More confident in vaccines,2,3,4,1,1,5,3,4,3,2,5,3,3,3,2,3,5,2,1,1,4,Positive
3373,Yes,No,No strong feelings (neutral),4,1,3,2,2,3,5,3,1,1,2,2,2,2,5,1,4,3,3,3,3,Does not change
3302,No,No,No strong feelings (neutral),3,5,5,3,2,4,4,1,4,2,5,3,2,2,5,2,3,3,4,3,2,Does not change
886,No,No,No strong feelings (neutral),2,1,3,2,5,2,4,4,2,3,3,4,3,2,3,3,4,2,1,5,5,Does not change
4476,No,No,NA,3,2,3,3,3,1,3,3,3,4,5,3,2,5,1,3,3,5,4,2,3,Does not change
618,No,No,No strong feelings (neutral),4,5,4,3,1,5,3,5,4,4,3,1,1,2,3,2,1,4,4,1,2,Does not change
4425,No,No,No strong feelings (neutral),1,1,4,4,1,2,1,5,2,5,1,5,5,5,1,5,2,2,3,5,4,Does not change
174,No,No,No strong feelings (neutral),3,3,3,4,2,5,5,4,4,5,2,5,2,4,4,4,2,2,3,5,4,Does not change
4897,No,Yes,More confident in vaccines,1,5,1,3,2,4,3,1,4,3,4,5,2,3,4,4,4,3,4,2,1,Positive
4644,No,Yes,No strong feelings (neutral),3,3,2,1,2,1,4,5,1,5,5,1,5,5,5,5,3,5,4,2,2,Does not change
2669,No,Yes,More confident in vaccines,3,5,5,5,2,4,3,4,4,3,2,4,4,4,3,5,4,3,2,3,4,Does not change
1209,Yes,No,No strong feelings (neutral),4,4,4,3,4,2,4,3,2,4,2,4,3,3,5,4,2,3,2,4,4,Does not change
3926,No,No,No strong feelings (neutral),2,4,3,4,5,5,3,4,3,2,4,5,4,4,2,4,3,4,2,1,2,Positive
2084,No,Yes,No strong feelings (neutral),3,5,4,3,5,4,5,3,4,2,1,2,1,2,3,3,3,5,2,5,4,Does not change
1357,No,No,No strong feelings (neutral),5,4,1,1,4,5,3,3,1,2,5,3,2,2,3,4,3,2,1,3,5,Does not change
2898,Yes,Yes,Overwhelmed,2,3,4,2,4,3,5,3,3,4,1,3,1,5,4,1,4,1,3,2,1,Does not change
1547,Yes,Yes,More confident in vaccines,3,5,3,4,4,5,4,1,4,1,4,2,2,2,4,3,3,2,1,3,4,Much more positive
1422,Yes,Yes,More confident in vaccines,1,5,4,2,3,5,3,4,4,2,1,3,5,3,5,4,4,3,1,2,2,Does not change
2099,Yes,Yes,Overwhelmed,3,5,4,5,1,3,4,3,4,1,4,4,1,4,5,4,4,1,5,3,4,Does not change
2705,Yes,Yes,More motivated to protect others,5,5,5,2,5,2,4,3,3,2,2,3,4,5,4,1,1,5,5,3,4,Positive
3171,Yes,Yes,More anxious about side effects,1,5,2,1,1,5,4,2,4,4,4,3,1,3,2,1,3,1,2,1,3,Does not change
719,No,Yes,No strong feelings (neutral),4,2,3,3,4,5,5,4,3,3,5,2,3,2,2,4,2,5,3,3,3,Negative
1835,No,Yes,No strong feelings (neutral),5,2,4,5,4,4,4,1,3,3,4,3,1,3,3,4,2,5,2,3,1,Does not change
4471,Yes,Yes,No strong feelings (neutral),5,5,4,5,5,4,4,4,4,5,1,1,5,1,5,3,3,3,4,3,1,Positive
213,No,Yes,No strong feelings (neutral),2,2,4,5,3,1,3,1,4,4,2,4,4,4,5,5,4,4,2,5,4,Much more negative
316,No,Yes,Overwhelmed,4,2,4,1,5,3,2,5,3,4,4,1,4,5,4,1,4,3,1,4,1,Does not change
1612,Yes,No,No strong feelings (neutral),4,3,4,4,5,4,2,2,1,2,2,5,1,2,1,4,4,3,4,4,2,Negative
3577,Yes,No,More confident in vaccines,2,1,3,4,4,3,3,1,4,3,4,4,4,4,1,3,5,2,3,5,2,Much more positive
4009,Yes,Yes,More motivated to protect others,5,5,2,5,5,4,4,3,4,2,2,1,2,2,1,1,1,1,4,2,1,Positive
3340,No,No,"More motivated to protect others, More confident in vaccines",5,3,5,3,2,2,3,2,4,5,5,1,3,2,1,1,1,2,4,2,4,Much more positive
4495,Yes,No,More confident in vaccines,3,1,2,2,1,4,3,4,1,4,3,5,3,4,2,5,3,5,5,3,2,Does not change
786,No,No,NA,3,4,3,3,4,5,2,2,2,3,1,1,3,5,3,1,3,4,5,3,3,Does not change
222,No,Yes,More confident in vaccines,5,4,5,5,2,3,3,5,3,3,3,1,3,1,1,1,2,4,1,2,1,Does not change
4802,No,Yes,More anxious about side effects,3,5,1,5,2,4,4,2,3,3,1,2,2,1,2,3,4,3,3,1,3,Does not change
2089,Yes,Yes,More confident in vaccines,3,5,2,5,4,2,3,5,3,1,3,2,2,4,4,3,4,1,2,3,3,Does not change
3415,Yes,No,No strong feelings (neutral),3,5,5,3,4,4,2,3,3,5,4,4,1,1,5,2,5,2,3,2,1,Does not change
2398,Yes,Yes,No strong feelings (neutral),4,4,4,5,1,2,2,2,5,1,3,2,5,1,2,3,3,2,4,1,1,Does not change
3505,No,Yes,No strong feelings (neutral),2,2,3,3,4,3,2,2,3,5,1,2,3,5,3,4,2,1,2,2,3,Does not change
3581,Yes,Yes,More confident in vaccines,3,5,3,1,3,2,1,4,4,1,3,3,4,4,1,1,2,1,4,1,2,Does not change
2343,No,No,No strong feelings (neutral),4,4,3,4,3,4,3,4,4,3,2,3,2,1,4,5,4,1,2,4,2,Does not change
3191,Yes,No,More confident in vaccines,5,1,3,2,3,1,3,2,3,3,3,1,4,3,5,5,2,2,4,4,3,Positive
220,No,No,More confident in vaccines,2,4,5,5,5,3,1,3,1,1,5,3,1,3,1,4,1,1,5,5,2,Does not change
3528,No,No,No strong feelings (neutral),4,4,2,4,4,5,2,4,2,3,3,2,1,1,2,3,2,2,4,3,1,Negative
381,Yes,No,More confident in vaccines,5,2,1,3,1,2,2,5,2,4,3,1,5,1,2,2,3,4,1,4,4,Does not change
1788,No,Yes,No strong feelings (neutral),4,3,1,1,1,3,4,1,1,3,4,3,2,2,5,4,5,2,5,3,2,Does not change
1167,Yes,Yes,"Overwhelmed, More anxious about side effects",4,2,4,4,5,4,4,3,3,3,2,1,1,2,5,3,3,1,3,2,1,Negative
1288,Yes,Yes,More confident in vaccines,3,5,5,3,2,2,2,1,4,3,2,5,2,3,1,1,4,1,2,3,5,Does not change
2804,Yes,Yes,No strong feelings (neutral),4,3,1,3,5,5,5,3,5,1,4,3,4,3,4,3,3,2,1,1,3,Does not change
3042,Yes,No,More motivated to protect others,4,4,2,3,2,5,2,3,3,4,3,4,3,2,3,2,5,2,2,1,4,Does not change
2105,Yes,No,More motivated to protect others,4,5,1,4,5,5,4,4,3,4,1,4,1,3,2,5,3,2,2,1,1,Does not change
989,Yes,Yes,More motivated to protect others,4,2,2,5,5,4,4,4,1,4,1,2,2,1,3,1,2,3,2,3,3,Does not change
2774,No,Yes,More confident in vaccines,5,4,5,5,4,5,5,1,2,1,1,3,1,3,5,1,3,4,1,2,2,Positive
1566,Yes,Yes,More confident in vaccines,2,3,2,4,5,2,4,4,2,5,4,2,2,2,1,1,2,3,5,4,2,Much more positive
3248,No,Yes,No strong feelings (neutral),5,5,3,2,2,3,4,3,3,4,3,1,4,1,5,3,3,4,2,3,4,Does not change
738,No,Yes,NA,2,4,4,5,5,5,4,3,3,4,5,5,2,5,5,1,5,4,3,3,2,Negative
3707,No,Yes,No strong feelings (neutral),1,5,3,3,4,3,4,3,2,3,2,4,3,2,2,1,4,3,3,1,1,Does not change
4850,No,No,"More confident in vaccines, Overwhelmed",1,5,4,3,1,3,4,1,3,4,3,5,1,1,4,1,5,3,3,3,3,Positive
4591,Yes,Yes,Overwhelmed,3,4,4,5,2,3,2,2,2,4,5,4,2,4,5,3,5,5,1,2,1,Does not change
2280,Yes,Yes,Overwhelmed,4,3,2,5,4,5,3,1,1,3,3,3,1,1,1,2,1,2,3,2,5,Does not change
267,No,Yes,NA,4,2,1,4,2,4,1,1,4,5,5,4,5,3,3,4,5,5,5,3,5,Negative
4207,No,Yes,More confident in vaccines,3,4,3,3,3,4,3,2,3,3,3,2,2,1,4,4,1,3,1,3,5,Does not change
4150,No,Yes,"More confident in vaccines, Overwhelmed",1,5,5,3,2,3,4,5,3,2,5,1,4,1,5,3,2,4,5,3,1,Positive
2146,Yes,No,No strong feelings (neutral),5,4,5,4,2,4,4,1,4,5,3,3,4,2,3,1,3,2,3,3,2,Does not change
2910,Yes,Yes,Overwhelmed,2,1,1,4,3,2,1,1,2,2,1,1,4,1,1,2,3,3,4,4,2,Does not change
2157,Yes,No,No strong feelings (neutral),5,3,2,3,4,1,5,2,4,3,5,4,3,3,4,5,1,5,3,2,4,Does not change
585,No,No,Overwhelmed,2,4,4,3,1,1,3,3,2,2,4,3,2,1,5,5,2,5,4,3,5,Positive
2111,Yes,No,No strong feelings (neutral),3,5,4,5,5,5,5,5,5,4,3,5,2,1,2,1,1,4,5,2,1,Positive
388,No,No,NA,4,3,1,3,4,3,3,4,3,5,3,5,4,5,5,3,1,3,4,3,1,Does not change
1311,No,Yes,NA,5,5,4,2,4,3,3,3,5,3,5,2,1,3,3,4,1,3,2,1,4,Does not change
3771,No,Yes,More motivated to protect others,5,5,5,5,4,3,2,3,1,4,4,1,1,1,2,1,1,2,2,5,2,Much more negative
1131,Yes,Yes,"More confident in vaccines, Overwhelmed",5,5,3,3,1,2,3,3,2,1,3,3,5,1,4,1,3,1,3,4,2,Positive
1130,Yes,No,No strong feelings (neutral),4,4,3,3,3,3,4,1,3,2,3,1,1,5,2,3,4,3,1,4,3,Does not change
4554,Yes,Yes,"More confident in vaccines, Overwhelmed",2,4,5,4,1,3,1,2,4,1,4,4,4,2,5,4,4,3,5,1,2,Positive
4115,Yes,Yes,No strong feelings (neutral),3,5,4,5,5,4,4,4,2,1,4,3,2,4,1,3,3,3,2,1,1,Negative
1569,No,Yes,More confident in vaccines,2,3,4,2,3,1,3,3,3,5,3,4,5,3,4,2,5,2,3,3,1,Does not change
907,No,Yes,No strong feelings (neutral),1,2,2,3,1,1,3,4,4,1,2,3,3,3,5,4,3,3,4,1,5,Does not change
2371,No,Yes,More motivated to protect others,5,5,3,2,1,1,5,5,5,3,4,4,3,2,4,3,4,1,5,2,5,Positive
1300,Yes,Yes,No strong feelings (neutral),4,2,5,4,4,3,5,3,5,4,4,3,3,2,5,2,3,4,4,5,5,Positive
4580,No,No,No strong feelings (neutral),5,4,1,2,5,2,3,1,3,4,2,4,5,4,3,3,1,3,4,2,3,Does not change
3093,Yes,No,No strong feelings (neutral),5,4,3,5,2,5,4,4,4,2,1,3,3,2,1,4,4,5,5,2,4,Does not change
2806,Yes,Yes,More confident in vaccines,2,1,1,2,1,1,4,3,2,1,3,3,1,1,4,3,3,5,3,5,5,Positive
130,No,No,NA,5,3,4,3,4,3,4,5,3,5,2,4,1,3,2,4,3,5,2,5,2,Does not change
2577,Yes,Yes,No strong feelings (neutral),2,5,3,3,3,4,2,5,2,3,2,1,1,1,2,3,3,2,1,3,3,Does not change
2138,No,No,NA,4,5,4,4,5,1,4,1,2,4,2,4,3,2,3,2,1,3,5,3,3,Negative
3165,Yes,Yes,Overwhelmed,2,5,5,5,4,2,5,4,3,2,3,3,2,2,5,4,5,1,1,5,3,Does not change
658,No,Yes,"More motivated to protect others, More anxious about side effects",5,2,3,1,5,3,4,2,2,4,4,2,1,4,4,3,3,3,2,2,1,Positive
2992,No,No,No strong feelings (neutral),2,5,5,5,4,1,2,5,5,1,3,4,3,4,1,2,3,2,4,3,4,Does not change
3462,No,No,No strong feelings (neutral),3,5,3,2,3,5,2,5,1,2,3,4,3,4,4,3,3,2,2,5,3,Does not change
2809,Yes,No,No strong feelings (neutral),5,5,5,4,3,3,5,4,3,4,4,3,3,2,2,1,1,3,3,3,3,Does not change
4242,No,No,No strong feelings (neutral),3,2,3,4,3,2,4,3,3,3,3,4,5,3,2,3,3,4,3,2,4,Does not change
3164,Yes,Yes,No strong feelings (neutral),5,1,5,4,5,4,2,2,3,2,2,3,3,3,1,1,1,1,1,3,1,Much more positive
307,Yes,Yes,More confident in vaccines,5,3,3,5,4,1,2,4,4,1,2,1,2,1,1,2,2,5,3,2,1,Much more negative
3514,No,No,No strong feelings (neutral),5,3,1,2,5,1,2,5,3,5,4,5,3,5,3,1,3,5,4,1,5,Does not change
496,Yes,No,Overwhelmed,2,4,2,3,4,3,5,5,2,3,1,4,3,2,5,3,2,4,4,3,4,Does not change
1765,No,No,No strong feelings (neutral),5,3,5,5,5,2,3,3,3,2,4,3,2,4,2,2,5,3,3,2,3,Negative
4643,Yes,Yes,Overwhelmed,4,5,5,1,3,2,3,1,3,5,4,5,5,2,5,3,4,4,5,3,2,Does not change
899,Yes,No,More motivated to protect others,5,4,5,5,5,5,1,3,3,3,1,1,2,2,3,1,1,1,1,2,4,Positive
2325,No,No,No strong feelings (neutral),4,2,2,1,3,4,2,3,3,5,1,3,1,3,2,2,2,3,4,5,4,Does not change
3054,No,Yes,NA,5,2,3,5,5,4,4,2,1,3,2,3,2,3,2,2,1,1,2,5,1,Positive
820,No,No,No strong feelings (neutral),3,5,5,3,1,4,2,4,3,4,3,5,4,3,1,1,5,2,3,2,3,Does not change
2218,Yes,Yes,More motivated to protect others,5,5,5,3,3,3,1,1,2,4,1,1,2,1,3,4,3,1,2,1,1,Positive
4047,Yes,Yes,No strong feelings (neutral),3,5,2,5,4,5,4,4,1,1,2,1,2,1,3,3,4,3,2,4,2,Much more positive
3094,Yes,Yes,No strong feelings (neutral),5,5,5,4,5,2,5,4,5,1,1,4,1,1,2,4,1,1,1,1,1,Does not change
3880,No,Yes,More confident in vaccines,1,4,5,2,2,2,3,2,1,3,3,4,4,5,5,4,5,4,2,4,5,Negative
3688,No,No,NA,2,5,4,2,2,3,2,3,1,5,5,5,5,2,2,4,4,2,2,5,5,Does not change
4562,No,No,More anxious about side effects,5,1,5,1,5,3,5,5,2,3,4,5,2,1,3,5,3,3,2,4,4,Does not change
1820,No,Yes,No strong feelings (neutral),5,4,3,3,5,5,5,2,5,3,5,2,1,1,5,2,1,3,2,2,1,Does not change
1891,No,No,No strong feelings (neutral),1,5,3,1,4,3,5,3,3,3,2,4,3,4,1,4,5,1,3,5,1,Does not change
1152,Yes,Yes,More confident in vaccines,1,1,1,1,2,2,4,5,1,4,2,5,5,3,4,5,3,4,5,5,1,Does not change
3590,Yes,Yes,More motivated to protect others,2,2,4,1,1,1,2,2,2,4,4,3,1,5,3,3,1,2,3,5,1,Much more positive
1424,No,Yes,More motivated to protect others,2,4,1,3,5,2,2,3,3,1,4,3,4,4,3,1,3,3,3,2,2,Does not change
2051,Yes,No,NA,3,1,5,1,4,1,5,5,3,4,5,5,5,4,3,1,4,5,3,4,2,Does not change
1213,No,No,No strong feelings (neutral),1,5,3,1,4,1,2,3,3,5,4,4,4,5,4,1,4,1,5,5,5,Does not change
3218,Yes,Yes,More confident in vaccines,2,4,4,5,4,4,2,5,4,4,1,2,4,2,1,1,2,1,1,2,4,Positive
2840,No,No,No strong feelings (neutral),4,4,4,3,3,3,3,2,5,1,1,3,3,5,1,2,4,1,4,1,2,Negative
3242,Yes,Yes,No strong feelings (neutral),4,4,5,3,3,4,1,5,5,4,3,4,3,3,1,5,3,2,5,4,2,Does not change
3982,No,No,Overwhelmed,4,1,3,4,3,3,1,3,2,5,4,3,4,2,4,1,1,2,5,5,3,Does not change
3102,Yes,Yes,NA,1,4,3,3,2,2,2,2,4,2,3,3,2,1,5,5,3,4,4,2,2,Positive
1160,Yes,Yes,No strong feelings (neutral),4,2,2,2,3,1,3,2,5,5,2,4,3,2,2,4,5,2,1,4,5,Does not change
4402,Yes,Yes,Overwhelmed,2,3,2,4,5,2,3,5,1,5,3,3,1,4,5,1,3,3,2,5,5,Does not change
2168,Yes,Yes,More motivated to protect others,5,3,5,5,3,4,3,2,4,2,1,1,3,1,2,3,1,1,3,2,1,Does not change
4831,Yes,No,No strong feelings (neutral),2,5,1,2,4,5,3,3,1,3,3,3,2,5,4,1,2,5,2,4,5,Does not change
3388,No,Yes,"More confident in vaccines, Overwhelmed",5,1,1,4,1,2,4,3,1,2,5,2,4,2,4,3,2,2,1,4,5,Positive
2867,No,Yes,No strong feelings (neutral),1,2,3,3,3,3,4,1,5,2,2,2,5,1,3,3,3,4,3,3,3,Does not change
2003,No,No,No strong feelings (neutral),3,5,2,4,4,4,3,5,1,1,4,4,1,4,3,4,5,3,3,5,2,Does not change
3835,Yes,Yes,No strong feelings (neutral),1,5,3,5,4,5,4,2,5,4,1,2,1,1,1,1,2,1,2,1,1,Much more positive
3249,No,Yes,No strong feelings (neutral),2,4,4,5,4,5,3,3,5,3,1,4,4,3,4,2,2,2,3,5,3,Does not change
323,Yes,No,More confident in vaccines,3,5,3,4,3,5,5,5,2,5,1,3,4,1,3,2,4,2,2,5,5,Does not change
4773,No,Yes,NA,5,4,4,5,4,3,2,2,4,4,4,3,5,2,3,4,2,3,4,4,4,Much more negative
2621,Yes,Yes,No strong feelings (neutral),5,3,5,3,5,3,2,3,4,1,1,1,5,3,1,1,4,1,1,1,1,Much more positive
3251,No,Yes,No strong feelings (neutral),5,4,5,4,3,4,2,2,4,1,2,1,1,2,1,5,3,5,4,3,4,Positive
2236,Yes,Yes,"More motivated to protect others, More anxious about side effects",3,1,5,3,3,3,3,3,4,5,3,4,2,3,2,3,1,2,2,4,5,Much more negative
1511,Yes,No,Overwhelmed,3,3,3,4,5,3,5,1,3,3,1,3,1,1,5,2,4,5,3,4,1,Does not change
3736,No,No,No strong feelings (neutral),4,5,2,2,5,5,2,4,2,4,3,3,2,3,3,3,2,3,4,3,1,Does not change
4313,No,No,No strong feelings (neutral),4,1,3,5,5,2,3,3,2,3,4,5,3,4,4,4,3,4,5,2,5,Does not change
300,Yes,No,No strong feelings (neutral),3,5,4,1,5,2,4,5,3,1,3,5,3,2,2,1,5,1,2,4,4,Does not change
2606,Yes,Yes,More motivated to protect others,5,1,2,2,2,4,2,3,2,1,2,4,4,4,2,3,1,1,1,1,2,Negative
3473,Yes,Yes,More motivated to protect others,5,5,4,5,4,2,4,4,1,3,3,1,2,5,2,3,2,1,1,2,1,Does not change
1002,No,No,No strong feelings (neutral),4,4,4,2,5,3,2,3,1,5,3,3,4,2,2,3,4,3,3,3,3,Does not change
3560,Yes,Yes,More confident in vaccines,5,4,4,5,1,5,1,3,2,4,5,4,2,3,5,1,3,4,2,3,2,Does not change
2128,Yes,Yes,No strong feelings (neutral),2,5,2,5,3,3,2,4,3,2,3,3,2,2,3,2,1,2,2,4,2,Does not change
3648,No,Yes,More confident in vaccines,5,5,5,3,5,5,5,5,4,1,1,1,3,4,2,4,1,2,2,1,1,Negative
1452,Yes,Yes,No strong feelings (neutral),5,5,4,5,5,5,1,3,3,4,4,2,3,3,1,1,1,3,1,1,3,Positive
133,Yes,Yes,Overwhelmed,5,4,3,4,4,1,3,5,3,3,4,4,4,1,5,3,3,3,4,5,2,Does not change
3878,Yes,No,No strong feelings (neutral),1,3,5,4,4,5,5,3,1,1,1,4,3,2,5,1,3,3,3,4,3,Negative
1598,No,Yes,No strong feelings (neutral),1,3,1,4,4,1,2,4,3,5,3,3,3,1,3,1,2,2,5,3,2,Does not change
3719,No,Yes,"More motivated to protect others, More anxious about side effects",5,3,2,2,5,4,3,4,2,4,2,4,3,2,4,3,2,5,1,2,5,Negative
3712,Yes,No,No strong feelings (neutral),1,4,3,1,3,2,4,2,4,2,4,2,2,5,1,5,5,5,1,5,2,Does not change
4282,No,No,No strong feelings (neutral),2,1,4,1,4,5,2,3,4,5,3,5,5,5,1,2,4,5,5,5,5,Does not change
1200,Yes,No,No strong feelings (neutral),5,3,2,2,3,3,4,4,5,4,3,4,5,5,3,1,2,5,5,4,3,Does not change
4502,Yes,Yes,More motivated to protect others,5,5,4,3,3,4,2,4,2,1,4,1,2,4,1,1,1,1,1,1,1,Much more negative
4025,No,Yes,More anxious about side effects,5,5,5,5,4,3,1,3,2,3,5,2,2,2,3,3,1,4,1,3,3,Negative
1789,Yes,Yes,More confident in vaccines,5,5,4,5,4,3,2,4,4,1,1,4,1,3,3,1,2,1,3,1,5,Does not change
3465,Yes,No,NA,1,1,4,4,1,5,4,4,3,1,4,1,1,4,5,2,2,1,2,5,5,Negative
3800,Yes,Yes,Overwhelmed,1,5,2,5,5,3,1,2,4,1,4,2,3,1,5,3,3,2,3,3,3,Does not change
2739,No,Yes,No strong feelings (neutral),1,1,5,2,4,1,3,5,3,3,3,2,3,4,4,4,4,1,5,2,5,Does not change
3625,Yes,Yes,No strong feelings (neutral),3,1,3,4,4,5,5,2,1,3,2,2,4,1,4,5,2,3,2,5,2,Does not change
1993,No,No,No strong feelings (neutral),4,3,5,5,4,3,3,3,1,4,2,5,1,3,3,4,3,2,3,4,2,Does not change
4034,No,No,NA,2,4,1,1,1,4,2,3,4,4,2,2,2,4,5,3,3,4,4,4,4,Does not change
2185,Yes,Yes,More confident in vaccines,5,4,5,4,2,3,5,2,2,3,1,1,1,5,3,4,4,4,4,4,1,Does not change
4460,Yes,Yes,NA,4,2,3,2,2,2,3,1,3,4,3,4,2,3,4,1,3,1,3,1,2,Does not change
4035,Yes,No,NA,5,5,5,2,4,2,2,4,5,1,4,3,3,3,4,1,5,1,4,3,3,Does not change
3992,Yes,No,No strong feelings (neutral),3,3,5,3,3,3,4,2,2,2,1,1,3,4,1,1,2,1,2,1,1,Positive
1359,No,Yes,No strong feelings (neutral),3,1,3,3,4,5,5,4,3,4,1,2,2,4,2,1,3,3,5,5,1,Negative
3504,Yes,Yes,NA,4,5,2,3,5,4,3,2,4,4,2,2,3,2,1,2,4,2,3,2,2,Does not change
3940,Yes,No,No strong feelings (neutral),1,5,5,2,5,4,2,5,4,3,2,1,4,1,1,1,3,2,2,3,5,Does not change
2704,Yes,No,No strong feelings (neutral),5,1,5,5,5,4,5,2,4,2,1,3,2,2,3,3,3,3,2,5,2,Positive
4507,No,No,No strong feelings (neutral),4,5,1,3,2,1,4,3,4,4,4,4,2,3,3,1,4,2,2,4,2,Negative
4184,No,Yes,No strong feelings (neutral),5,5,1,3,1,1,5,3,2,4,4,5,2,4,5,2,2,2,3,5,2,Much more negative
1997,Yes,No,No strong feelings (neutral),4,4,5,2,1,4,3,3,2,3,2,3,5,4,2,1,2,3,3,4,2,Negative
4178,No,Yes,No strong feelings (neutral),2,2,3,5,5,5,5,3,5,5,1,4,2,3,3,4,1,1,5,2,2,Positive
3671,Yes,No,No strong feelings (neutral),4,1,2,4,2,4,2,3,5,2,2,4,3,4,4,5,5,1,2,5,3,Negative
777,Yes,No,No strong feelings (neutral),4,5,4,2,5,5,3,4,1,4,3,5,1,1,3,3,5,2,4,2,1,Does not change
720,Yes,Yes,No strong feelings (neutral),5,4,2,3,5,5,4,3,1,2,1,2,2,1,2,3,2,3,3,3,1,Does not change
3998,Yes,No,NA,1,1,3,5,5,2,5,1,2,4,2,4,4,3,2,1,3,1,1,3,2,Does not change
2507,No,No,No strong feelings (neutral),3,5,1,2,1,5,2,5,4,4,4,1,3,4,4,5,2,5,4,5,4,Much more negative
3586,Yes,No,"More confident in vaccines, Overwhelmed",3,5,2,1,2,5,1,4,2,1,4,5,1,5,5,5,1,5,1,1,4,Positive
3538,Yes,Yes,More confident in vaccines,3,5,3,5,5,5,4,2,5,4,1,1,3,2,3,1,1,1,3,1,1,Much more positive
2498,No,Yes,No strong feelings (neutral),5,5,3,4,4,1,4,4,2,5,2,1,2,1,5,4,2,1,2,5,1,Positive
4588,No,Yes,No strong feelings (neutral),3,4,4,3,5,4,2,5,1,4,3,2,4,4,3,1,2,2,3,3,3,Negative
3133,Yes,Yes,No strong feelings (neutral),5,4,5,4,1,5,4,3,3,1,3,1,1,2,4,1,3,5,3,1,2,Negative
1233,Yes,No,More motivated to protect others,4,2,4,5,5,2,2,5,1,3,1,1,2,2,4,3,3,1,3,2,2,Much more positive
1856,Yes,Yes,More motivated to protect others,5,1,4,3,2,4,2,1,4,1,1,2,3,3,4,4,3,4,4,2,2,Does not change
2837,No,No,Overwhelmed,3,4,3,5,4,4,4,3,4,1,4,5,4,1,5,1,4,4,3,3,1,Positive
1512,No,No,NA,5,2,1,4,3,4,4,3,2,2,5,3,5,3,4,2,5,3,3,5,2,Does not change
1369,No,No,"Overwhelmed, More anxious about side effects",4,2,5,5,4,5,4,2,2,5,4,2,4,4,4,1,4,5,1,2,1,Positive
2579,Yes,Yes,No strong feelings (neutral),3,4,3,3,3,2,5,3,2,3,4,4,3,5,3,2,2,2,3,4,4,Much more negative
707,Yes,Yes,"More confident in vaccines, More anxious about side effects",5,5,4,1,2,2,1,3,3,1,5,2,5,2,3,5,4,5,4,2,3,Positive
3219,No,Yes,Overwhelmed,4,2,2,3,5,1,5,3,4,2,4,4,3,3,4,3,4,4,4,4,2,Much more positive
2612,Yes,No,More confident in vaccines,3,5,3,1,4,5,4,3,3,2,4,5,2,3,2,2,2,3,2,2,1,Does not change
119,No,Yes,No strong feelings (neutral),2,1,5,1,4,2,2,3,1,3,5,4,4,2,4,5,3,3,5,3,2,Does not change
1558,No,Yes,More confident in vaccines,3,5,5,5,3,5,3,2,2,2,4,3,1,2,3,2,3,5,4,1,3,Does not change
1776,No,Yes,More confident in vaccines,3,1,2,4,3,3,2,4,3,5,1,2,1,3,2,3,1,1,2,5,2,Does not change
932,Yes,No,No strong feelings (neutral),3,3,4,5,3,3,4,3,4,3,3,3,4,1,3,1,1,1,3,3,2,Does not change
960,No,No,No strong feelings (neutral),1,1,2,3,1,1,4,1,5,5,3,1,3,5,3,4,4,5,5,5,3,Does not change
437,No,No,No strong feelings (neutral),5,3,5,4,1,4,2,3,1,3,5,2,3,3,4,5,4,5,3,4,4,Does not change
1796,Yes,No,NA,4,3,5,3,4,5,4,3,2,2,2,4,2,2,3,1,1,1,1,2,3,Positive
3349,No,No,No strong feelings (neutral),3,3,1,1,3,3,2,2,4,2,3,3,1,3,2,1,5,5,2,4,2,Does not change
2643,Yes,No,No strong feelings (neutral),4,2,2,4,5,1,2,4,3,3,3,4,4,1,4,1,3,1,3,3,4,Positive
1205,No,No,More confident in vaccines,5,2,2,4,3,2,3,2,3,5,4,4,1,3,5,5,4,1,5,2,5,Does not change
3432,No,No,More motivated to protect others,2,5,2,5,3,3,2,2,5,5,4,3,1,2,5,4,4,3,4,4,4,Does not change
4284,No,No,No strong feelings (neutral),4,2,3,1,2,2,2,2,3,4,3,3,4,5,5,2,4,4,1,5,2,Does not change
1076,Yes,No,NA,2,2,2,3,2,5,3,3,3,4,4,5,5,3,4,2,4,5,1,5,5,Does not change
4796,Yes,Yes,More confident in vaccines,3,5,1,3,2,4,5,3,3,1,1,3,3,4,3,3,2,1,2,3,4,Does not change
2759,Yes,No,No strong feelings (neutral),5,4,3,3,5,5,1,3,3,2,2,3,3,4,2,3,4,1,4,1,1,Does not change
4347,No,No,NA,5,3,1,2,5,5,4,5,1,3,2,4,4,2,3,4,4,1,1,3,3,Does not change
2673,Yes,Yes,More confident in vaccines,4,5,2,5,5,4,1,3,4,1,2,3,2,1,1,3,1,2,1,1,3,Does not change
4107,No,Yes,More motivated to protect others,4,4,3,3,4,5,4,4,4,2,3,2,1,3,1,2,4,3,3,3,4,Does not change
1579,No,No,NA,3,3,3,3,5,2,5,3,2,2,1,4,3,4,4,4,5,1,5,3,2,Does not change
1323,No,Yes,"More motivated to protect others, Overwhelmed",5,5,5,1,5,1,3,3,3,4,2,2,1,2,1,2,2,2,1,1,1,Does not change
335,Yes,No,More confident in vaccines,5,4,1,4,5,4,3,4,2,3,1,4,4,2,1,1,1,1,5,3,3,Does not change
3051,Yes,No,No strong feelings (neutral),3,5,3,4,4,2,3,3,3,2,4,4,4,2,1,3,3,3,1,2,5,Does not change
847,Yes,Yes,No strong feelings (neutral),4,5,4,5,3,4,4,2,3,2,3,1,1,5,3,1,2,1,1,1,4,Does not change
1604,No,No,No strong feelings (neutral),4,3,5,5,3,1,1,3,5,3,5,2,1,5,1,1,4,2,4,2,5,Does not change
1557,No,Yes,More anxious about side effects,3,5,5,5,5,4,3,4,3,3,5,2,1,3,1,1,4,3,3,3,1,Much more positive
760,Yes,No,No strong feelings (neutral),5,5,4,4,5,4,3,3,2,4,2,4,1,1,2,4,2,1,4,1,2,Does not change
2905,Yes,Yes,Overwhelmed,1,5,5,1,3,5,3,5,3,3,4,5,1,1,5,3,5,5,4,4,4,Positive
116,No,Yes,NA,3,1,3,3,4,1,5,3,5,3,4,4,5,1,3,2,5,2,4,1,2,Does not change
2978,No,No,No strong feelings (neutral),5,5,5,1,5,5,3,3,5,4,1,2,2,3,4,3,1,4,4,5,3,Does not change
2450,Yes,No,NA,2,3,5,5,5,1,4,1,2,1,4,5,1,4,5,1,2,2,5,2,5,Positive
3699,No,Yes,More confident in vaccines,4,5,1,3,5,5,2,5,3,1,1,1,1,1,1,4,3,2,1,4,3,Much more negative
3522,No,Yes,More confident in vaccines,3,3,5,2,4,5,5,4,2,1,2,1,4,2,1,1,1,2,1,2,3,Does not change
2204,No,Yes,No strong feelings (neutral),5,4,4,5,2,5,5,4,2,4,2,1,1,4,4,2,3,1,1,1,4,Does not change
2141,No,Yes,More confident in vaccines,4,1,3,4,1,4,1,3,3,1,3,3,2,5,4,4,1,1,4,4,4,Does not change
4003,No,No,No strong feelings (neutral),2,1,4,2,1,4,1,3,3,3,3,1,4,5,4,4,4,4,4,3,3,Does not change
3444,No,Yes,More confident in vaccines,4,2,3,3,3,5,2,3,4,3,2,4,4,2,1,3,3,2,2,3,4,Does not change
2014,No,No,No strong feelings (neutral),3,1,4,1,2,5,3,5,3,3,4,3,1,3,5,4,3,4,3,4,1,Negative
1065,No,Yes,More confident in vaccines,4,2,2,2,1,1,4,1,4,1,4,2,1,2,4,2,2,3,4,3,4,Positive
644,Yes,No,NA,5,4,5,2,3,1,3,2,3,5,2,5,1,2,5,5,5,2,1,1,4,Does not change
709,Yes,Yes,More confident in vaccines,5,3,3,5,5,4,2,1,3,1,1,4,4,1,2,3,2,3,2,1,1,Does not change
1745,Yes,No,No strong feelings (neutral),5,2,1,2,3,1,3,4,2,1,1,3,3,2,5,3,3,3,2,5,2,Does not change
293,Yes,Yes,More confident in vaccines,1,3,4,5,2,1,4,3,3,3,5,2,3,3,5,3,5,1,2,5,4,Does not change
3710,No,Yes,No strong feelings (neutral),1,3,3,5,2,1,4,3,3,5,4,4,1,3,5,3,4,2,1,2,3,Negative
4153,No,No,No strong feelings (neutral),2,4,5,2,1,2,4,1,2,4,4,2,3,1,4,4,4,5,5,1,4,Does not change
2467,Yes,Yes,More confident in vaccines,4,2,2,4,1,2,4,3,1,1,1,3,1,1,3,2,3,3,1,2,5,Does not change
3037,Yes,No,No strong feelings (neutral),5,4,5,5,4,4,2,2,3,1,4,4,1,1,3,1,1,2,1,4,1,Much more positive
2805,No,Yes,NA,2,2,4,3,2,4,3,1,4,2,4,3,4,4,1,3,5,5,2,3,4,Does not change
4925,No,No,No strong feelings (neutral),3,4,3,4,5,2,3,3,2,2,1,4,2,4,1,1,2,4,3,3,3,Does not change
1456,No,Yes,More confident in vaccines,1,1,4,4,3,3,2,4,1,5,5,4,4,2,3,5,1,3,3,3,4,Positive
3075,No,No,Overwhelmed,5,5,3,3,2,2,5,5,2,1,1,4,2,2,5,4,1,1,4,1,3,Negative
1194,Yes,Yes,More confident in vaccines,5,1,3,5,5,5,3,3,4,2,5,1,3,1,2,2,2,1,3,1,1,Does not change
4621,Yes,Yes,More motivated to protect others,3,5,2,5,3,3,3,3,3,3,4,4,2,1,2,2,3,1,4,3,3,Positive
190,Yes,No,Overwhelmed,5,4,4,5,5,4,3,4,5,1,2,1,4,2,5,4,4,2,4,4,4,Does not change
3641,Yes,Yes,More motivated to protect others,5,3,5,5,3,3,4,1,3,2,3,5,2,1,1,5,3,1,2,3,1,Does not change
2629,No,No,No strong feelings (neutral),2,2,1,1,1,2,4,3,4,3,5,3,4,4,4,4,5,5,5,4,5,Does not change
3839,Yes,Yes,More confident in vaccines,5,5,3,4,4,3,4,3,3,4,2,3,2,2,1,1,1,1,2,2,1,Much more negative
529,No,Yes,More confident in vaccines,3,3,2,5,5,4,4,3,4,3,3,3,2,1,1,4,3,4,4,2,4,Positive
4469,Yes,No,NA,5,5,3,1,3,4,1,5,3,3,5,4,2,3,3,4,4,1,3,2,5,Does not change
3939,Yes,Yes,NA,5,4,5,5,4,5,3,3,4,2,4,3,3,1,5,3,2,2,3,4,3,Much more positive
149,Yes,No,No strong feelings (neutral),2,4,2,3,4,4,3,3,4,3,5,3,3,2,3,3,5,2,3,3,1,Much more negative
696,No,Yes,No strong feelings (neutral),5,5,4,4,5,3,3,1,3,2,2,3,2,1,1,4,1,2,2,4,1,Does not change
4257,Yes,No,More confident in vaccines,1,1,5,3,3,3,3,2,3,3,4,2,4,3,2,4,5,5,3,1,4,Does not change
1802,No,No,No strong feelings (neutral),5,3,4,4,3,4,2,4,3,2,2,2,3,2,2,3,1,4,3,4,3,Does not change
1108,No,Yes,No strong feelings (neutral),2,4,1,1,4,5,3,3,1,2,3,2,5,5,3,2,1,2,1,2,3,Does not change
3818,Yes,No,More confident in vaccines,1,2,2,3,2,5,2,2,3,2,4,5,4,3,4,4,4,1,3,5,3,Positive
4093,Yes,No,More anxious about side effects,3,5,5,4,4,3,4,5,3,3,2,3,2,2,3,2,2,3,3,3,3,Positive
2752,No,No,No strong feelings (neutral),3,2,1,3,4,5,4,3,5,3,4,5,5,4,2,4,2,4,3,2,4,Does not change
172,No,No,No strong feelings (neutral),3,3,4,5,3,5,3,3,1,2,3,5,3,4,2,2,3,3,5,2,3,Does not change
1900,Yes,Yes,More motivated to protect others,3,2,3,2,1,4,3,5,4,1,1,1,2,4,4,5,4,4,2,1,3,Does not change
4450,Yes,Yes,NA,4,4,3,2,5,1,3,2,2,4,4,2,3,3,2,2,1,4,3,2,5,Positive
4454,Yes,No,No strong feelings (neutral),4,4,5,5,5,5,3,3,2,4,1,1,3,2,4,4,4,5,2,3,3,Does not change
1270,Yes,Yes,More confident in vaccines,3,4,4,2,2,4,3,1,3,1,4,2,3,2,1,5,2,1,3,2,1,Much more negative
92,No,Yes,More confident in vaccines,5,5,5,3,5,5,3,5,1,1,4,2,1,3,1,3,3,3,3,2,1,Does not change
169,No,Yes,No strong feelings (neutral),2,3,5,2,3,1,3,3,4,4,5,3,3,4,4,5,5,5,1,5,2,Much more negative
2617,No,Yes,More motivated to protect others,3,5,4,5,4,4,4,2,1,5,3,3,1,1,1,2,2,1,2,2,1,Positive
560,No,Yes,More confident in vaccines,3,2,2,2,2,2,3,4,3,3,3,1,3,4,2,5,3,3,1,5,4,Does not change
299,Yes,No,More confident in vaccines,2,4,4,4,2,4,4,3,3,1,4,1,1,1,4,4,2,4,1,4,2,Does not change
3774,No,No,No strong feelings (neutral),1,3,1,3,3,2,3,4,2,5,2,5,4,5,4,2,4,4,1,3,4,Does not change
4192,No,Yes,"More confident in vaccines, Overwhelmed",2,2,2,1,1,4,3,2,4,5,4,2,5,2,5,4,3,4,5,1,4,Does not change
2829,Yes,Yes,More confident in vaccines,5,3,2,4,5,5,4,2,3,2,5,3,2,5,3,2,1,3,3,4,1,Does not change
4342,Yes,No,More confident in vaccines,3,2,4,4,3,3,3,1,2,5,3,2,4,1,3,4,1,3,3,4,1,Does not change
4954,Yes,No,No strong feelings (neutral),1,3,2,5,4,3,4,2,3,4,1,3,4,3,4,3,4,4,3,2,5,Positive
4459,Yes,Yes,"More confident in vaccines, Overwhelmed",4,4,5,3,1,5,4,2,1,2,1,2,3,4,5,4,2,2,3,1,4,Does not change
3231,Yes,No,More confident in vaccines,5,4,5,5,5,4,4,2,2,3,2,2,3,2,3,1,5,3,1,3,5,Much more negative
3803,Yes,Yes,No strong feelings (neutral),2,3,1,2,3,3,4,3,2,5,4,3,4,4,5,5,4,5,3,4,5,Does not change
675,No,No,No strong feelings (neutral),4,5,4,1,5,5,1,3,3,4,2,3,4,3,4,3,2,5,3,4,1,Does not change
2716,No,No,No strong feelings (neutral),4,5,3,2,4,3,4,1,1,2,3,1,1,5,5,3,1,2,4,2,4,Does not change
209,Yes,Yes,More confident in vaccines,4,2,5,1,3,4,3,3,2,1,2,4,4,3,4,2,4,5,4,1,2,Does not change
3640,No,Yes,No strong feelings (neutral),3,5,4,4,4,3,5,4,5,1,3,3,4,2,4,1,3,2,1,3,1,Negative
2541,Yes,Yes,No strong feelings (neutral),5,5,2,3,4,3,3,2,4,1,5,2,2,1,3,2,1,1,3,4,1,Does not change
112,No,No,No strong feelings (neutral),4,4,1,4,2,5,2,4,1,4,2,2,4,5,4,5,2,3,2,2,3,Does not change
1320,No,No,No strong feelings (neutral),4,5,1,5,3,4,1,2,2,5,3,4,5,3,3,2,1,4,2,3,5,Does not change
376,No,Yes,NA,4,4,2,5,4,4,5,5,3,3,4,3,4,2,5,3,4,1,4,1,2,Does not change
843,No,No,No strong feelings (neutral),1,2,2,1,2,3,4,3,3,5,1,4,3,4,1,1,2,4,4,5,3,Much more negative
196,Yes,No,"More motivated to protect others, More confident in vaccines",3,5,5,3,3,1,3,4,3,3,2,1,3,4,1,2,4,1,2,3,3,Positive
3744,Yes,No,More motivated to protect others,5,2,5,2,2,2,2,3,5,5,2,3,5,4,2,4,4,5,3,1,1,Positive
2435,Yes,Yes,More motivated to protect others,5,3,3,2,4,3,4,1,4,5,4,1,2,3,1,1,2,1,3,2,4,Much more positive
3361,Yes,Yes,More motivated to protect others,3,5,5,5,2,3,4,1,5,2,1,3,1,1,3,4,3,4,1,1,3,Does not change
1316,No,No,No strong feelings (neutral),2,5,4,2,3,3,4,1,2,1,2,3,2,4,4,3,5,1,3,2,4,Negative
2437,No,No,No strong feelings (neutral),5,4,5,4,3,4,1,3,3,1,2,3,3,1,2,1,1,3,2,2,3,Does not change
3224,Yes,No,No strong feelings (neutral),4,4,2,4,3,5,2,1,3,3,5,2,3,4,5,4,5,2,3,4,4,Does not change
1256,Yes,Yes,No strong feelings (neutral),5,5,5,3,5,5,4,2,3,2,1,3,1,2,5,2,3,1,3,2,2,Does not change
4,Yes,No,No strong feelings (neutral),5,5,4,3,5,5,3,3,5,3,2,1,4,2,4,1,2,3,2,1,3,Does not change
2283,Yes,Yes,More motivated to protect others,4,2,4,2,4,4,3,2,5,1,3,1,3,4,2,1,1,2,3,1,2,Positive
3981,No,Yes,More confident in vaccines,5,1,2,4,5,4,3,2,5,2,1,2,1,1,1,4,3,3,1,1,1,Does not change
3636,Yes,Yes,More confident in vaccines,1,4,2,3,3,3,5,4,3,4,4,5,4,1,2,3,3,4,3,5,3,Positive
1139,No,Yes,NA,3,1,3,5,1,2,2,1,2,4,5,5,4,4,5,4,4,5,4,5,4,Much more positive
1303,No,No,No strong feelings (neutral),2,3,1,4,2,5,1,5,4,3,1,3,4,5,5,3,2,1,4,1,2,Does not change
515,Yes,Yes,No strong feelings (neutral),3,2,2,1,5,4,3,4,2,3,1,2,3,5,1,3,4,2,5,5,1,Does not change
1824,No,Yes,No strong feelings (neutral),4,3,4,4,2,1,1,3,3,1,1,1,4,2,5,2,3,1,2,2,5,Positive
1304,Yes,No,No strong feelings (neutral),2,1,3,5,2,4,2,2,2,5,5,5,1,1,5,4,1,5,3,2,2,Negative
1463,Yes,Yes,More confident in vaccines,3,4,4,4,2,2,1,5,1,1,2,3,1,1,2,3,1,3,3,3,2,Negative
4762,No,Yes,More motivated to protect others,4,3,2,5,4,4,2,5,4,3,1,1,2,1,3,2,2,3,1,2,2,Does not change
2324,Yes,No,More motivated to protect others,3,4,4,4,3,5,2,5,4,1,4,1,3,2,3,2,1,2,3,1,1,Much more positive
20,Yes,Yes,More confident in vaccines,5,2,4,5,4,4,2,2,3,4,1,2,1,1,2,1,3,1,3,1,2,Negative
917,No,No,No strong feelings (neutral),5,1,3,3,5,2,5,2,3,3,1,2,4,4,2,1,4,3,3,4,1,Does not change
462,Yes,Yes,More anxious about side effects,4,4,2,4,5,3,3,2,4,3,1,3,4,3,2,1,2,1,3,3,2,Does not change
225,Yes,Yes,More confident in vaccines,2,4,3,2,5,3,2,3,3,3,4,5,4,3,4,2,3,3,4,2,5,Does not change
1601,Yes,Yes,Overwhelmed,5,2,5,3,4,3,1,5,4,1,3,2,1,4,4,1,2,1,3,2,2,Does not change
1384,No,Yes,More anxious about side effects,5,5,5,5,5,2,3,1,4,3,2,3,2,2,2,2,2,3,1,2,1,Does not change
2447,No,Yes,No strong feelings (neutral),5,4,3,2,3,2,3,3,3,1,5,4,5,1,4,2,1,2,2,2,2,Does not change
3065,No,Yes,Overwhelmed,3,1,4,4,4,5,2,3,4,2,3,1,2,1,5,2,2,2,2,3,3,Does not change
3203,No,Yes,More motivated to protect others,3,3,4,4,3,5,3,3,3,3,5,3,1,2,4,5,1,1,1,2,1,Does not change
1421,Yes,Yes,More confident in vaccines,5,3,5,3,5,4,2,5,3,5,2,3,4,1,3,1,2,4,4,2,3,Much more positive
1949,Yes,No,No strong feelings (neutral),3,2,3,4,4,4,4,2,3,3,4,2,3,2,5,3,2,4,2,1,5,Does not change
925,Yes,Yes,Overwhelmed,3,1,4,2,3,5,2,4,3,5,4,5,5,4,5,5,2,4,1,4,5,Does not change
2672,No,Yes,No strong feelings (neutral),3,4,2,5,2,1,2,1,2,1,3,3,4,1,2,2,5,3,5,2,3,Positive
2331,No,No,No strong feelings (neutral),4,5,3,4,3,4,3,5,3,3,3,4,2,5,4,3,2,4,1,4,1,Does not change
865,No,No,No strong feelings (neutral),5,4,4,3,5,4,4,4,5,2,3,4,1,2,3,5,1,1,2,2,2,Does not change
1283,Yes,Yes,No strong feelings (neutral),5,4,5,3,5,3,4,4,5,3,1,1,3,2,1,4,2,2,2,1,1,Does not change
1330,No,No,NA,1,3,3,3,3,4,3,4,4,3,5,5,5,5,5,5,4,1,5,2,4,Much more negative
3323,No,No,More confident in vaccines,5,5,4,4,5,4,2,4,2,4,1,2,3,1,4,2,3,2,1,1,4,Much more negative
2753,Yes,No,No strong feelings (neutral),4,5,2,3,1,4,2,2,3,2,3,3,2,2,3,3,4,4,4,1,4,Does not change
2250,Yes,No,No strong feelings (neutral),2,5,4,2,2,3,2,4,3,3,4,1,5,3,2,1,4,1,3,1,1,Does not change
3091,No,Yes,No strong feelings (neutral),3,4,3,5,4,1,2,5,3,4,4,4,3,2,4,2,4,3,3,4,4,Does not change
2886,Yes,Yes,Overwhelmed,5,5,2,5,3,3,5,3,2,3,3,3,4,4,5,3,1,5,2,2,5,Does not change
2278,No,No,NA,2,5,1,2,4,3,4,2,5,4,3,5,5,4,3,3,4,5,4,2,2,Does not change
2571,No,Yes,No strong feelings (neutral),3,4,1,4,5,4,3,2,4,1,2,1,3,2,3,4,1,3,4,2,4,Positive
236,Yes,Yes,More confident in vaccines,4,2,5,4,4,5,3,2,4,2,3,1,4,3,1,3,1,1,1,1,2,Much more positive
230,No,No,No strong feelings (neutral),2,1,3,2,1,3,4,4,3,3,4,4,5,5,4,4,4,2,2,3,5,Does not change
2756,No,No,More motivated to protect others,5,5,5,4,2,5,4,3,3,1,3,1,2,2,1,2,1,2,3,1,3,Positive
3909,Yes,No,No strong feelings (neutral),4,4,2,4,1,1,4,3,4,2,1,5,3,5,5,3,5,4,4,2,5,Does not change
773,No,No,More motivated to protect others,5,4,5,4,5,3,2,1,2,2,1,3,5,2,3,3,4,2,1,3,3,Positive
3711,No,No,More anxious about side effects,5,5,2,4,2,2,3,3,1,4,2,5,4,4,5,2,2,4,1,2,1,Negative
3644,Yes,Yes,No strong feelings (neutral),4,3,2,2,5,4,1,4,2,2,3,2,2,3,5,4,5,3,3,3,1,Negative
3795,No,Yes,More confident in vaccines,3,2,1,1,1,1,5,2,1,5,3,5,5,4,5,1,2,1,1,5,5,Does not change
1381,No,No,No strong feelings (neutral),3,5,4,3,1,4,5,3,1,3,2,2,2,3,5,5,5,1,4,5,4,Much more negative
3201,No,No,NA,1,1,2,3,1,4,2,3,4,3,5,3,5,5,5,5,3,4,4,3,3,Much more negative
4875,No,No,No strong feelings (neutral),5,3,4,5,5,2,5,4,2,3,1,1,2,2,4,3,3,2,4,5,3,Does not change
1920,Yes,Yes,More motivated to protect others,4,3,3,4,4,3,1,1,3,2,2,3,5,2,4,1,4,2,1,1,3,Positive
495,Yes,Yes,No strong feelings (neutral),5,5,4,4,5,5,2,4,3,3,3,3,4,3,1,5,3,1,5,4,2,Does not change
2415,Yes,No,Overwhelmed,2,1,5,4,5,2,4,3,3,4,2,4,4,2,5,5,2,5,5,1,4,Negative
4058,Yes,Yes,More confident in vaccines,5,3,5,3,1,3,2,2,4,1,1,2,3,5,3,2,2,2,1,4,4,Does not change
524,Yes,No,No strong feelings (neutral),2,1,2,1,1,2,3,1,1,3,4,5,4,3,5,5,3,5,5,3,5,Does not change
2247,No,Yes,No strong feelings (neutral),5,5,5,3,5,5,4,1,1,2,1,1,5,1,4,1,1,2,1,2,3,Much more negative
2091,Yes,Yes,No strong feelings (neutral),1,2,5,4,3,2,2,5,3,5,4,3,4,5,3,5,4,1,3,3,1,Negative
3149,Yes,Yes,"More confident in vaccines, Overwhelmed",4,2,1,1,1,5,3,3,2,2,3,1,5,3,5,5,5,1,4,4,1,Much more positive
465,Yes,No,"More confident in vaccines, More anxious about side effects",1,3,1,2,1,1,4,4,5,3,4,4,4,3,5,5,3,1,3,1,4,Positive
3564,No,Yes,More motivated to protect others,3,4,5,5,3,2,5,4,2,1,4,4,2,1,1,3,1,1,3,1,2,Positive
1799,Yes,No,No strong feelings (neutral),3,5,5,4,4,3,3,3,4,3,3,1,1,2,1,3,3,4,2,3,2,Negative
1181,Yes,Yes,No strong feelings (neutral),5,5,2,5,5,2,3,4,3,3,3,3,3,1,4,1,3,2,3,2,1,Does not change
1440,No,Yes,No strong feelings (neutral),4,5,4,4,5,5,3,3,3,1,3,1,1,1,2,1,1,1,1,2,1,Much more positive
1086,Yes,Yes,More confident in vaccines,5,3,3,4,1,4,3,3,3,3,5,1,4,4,3,4,5,1,3,4,5,Does not change
3802,No,Yes,No strong feelings (neutral),3,5,5,5,5,4,5,5,5,4,2,3,2,4,4,2,2,2,3,3,5,Positive
4826,No,Yes,More motivated to protect others,3,3,5,4,5,3,3,3,3,1,5,5,3,4,3,3,3,5,2,4,4,Negative
2813,Yes,Yes,Overwhelmed,2,5,5,5,3,4,5,5,5,4,1,3,2,3,5,3,1,1,1,1,4,Does not change
2270,No,No,More anxious about side effects,3,4,5,3,5,3,2,1,5,3,1,5,3,3,4,3,3,3,1,1,1,Positive
3409,No,Yes,No strong feelings (neutral),5,3,4,2,1,1,2,4,1,2,1,4,4,3,2,3,3,3,4,1,1,Does not change
122,No,No,More anxious about side effects,4,3,4,5,2,2,4,1,3,1,1,2,4,2,3,1,5,4,3,2,3,Does not change
3026,No,No,No strong feelings (neutral),2,4,2,4,1,1,4,1,1,3,5,4,5,4,3,3,4,5,4,3,3,Does not change
3450,No,Yes,More confident in vaccines,5,5,3,4,2,2,4,3,4,2,4,2,3,1,1,5,1,1,2,3,3,Does not change
3101,No,Yes,More motivated to protect others,4,5,3,2,5,5,1,2,2,4,1,1,1,3,3,3,1,1,1,1,3,Does not change
4059,No,Yes,More confident in vaccines,5,5,5,4,1,4,3,3,3,3,4,2,1,3,1,3,2,3,3,1,1,Much more positive
2383,No,No,"More confident in vaccines, Overwhelmed",3,5,2,1,2,3,2,2,1,3,3,4,5,5,5,5,2,5,4,5,3,Does not change
1812,Yes,Yes,More motivated to protect others,5,3,3,5,5,5,2,4,4,4,4,1,2,2,4,1,5,1,4,5,3,Negative
1550,Yes,No,More anxious about side effects,5,3,3,2,3,3,2,4,2,3,5,5,3,3,5,4,4,1,5,2,5,Negative
4083,No,Yes,More motivated to protect others,5,5,2,4,5,4,3,2,4,1,3,1,3,2,4,1,3,3,4,1,1,Does not change
18,No,No,No strong feelings (neutral),3,1,1,1,1,1,3,4,4,1,5,3,4,3,4,4,5,3,2,4,3,Does not change
366,No,Yes,No strong feelings (neutral),3,3,1,2,5,4,4,5,4,5,4,4,3,3,2,2,5,4,5,1,2,Does not change
1174,Yes,Yes,No strong feelings (neutral),4,3,4,4,5,5,3,1,3,4,2,3,2,1,2,2,3,2,2,4,3,Does not change
842,No,Yes,More motivated to protect others,2,2,4,4,3,2,3,4,3,5,1,3,1,2,1,2,1,1,3,5,3,Does not change
4551,No,Yes,More confident in vaccines,4,5,3,5,3,5,4,5,2,2,4,2,4,1,1,3,2,1,3,4,2,Much more positive
2547,No,Yes,No strong feelings (neutral),2,2,4,4,4,5,4,4,1,2,4,2,5,3,3,2,4,3,4,4,5,Does not change
2890,Yes,Yes,Overwhelmed,2,2,3,3,2,1,2,1,2,5,3,5,2,3,5,4,5,4,4,3,5,Positive
1342,Yes,No,NA,1,2,5,1,3,3,1,2,5,5,4,5,2,2,4,2,4,5,3,4,3,Does not change
4370,No,No,No strong feelings (neutral),3,2,2,3,4,4,4,4,3,3,2,4,5,2,5,4,4,3,1,4,3,Negative
1379,No,No,No strong feelings (neutral),5,3,4,3,4,3,3,2,2,3,3,4,2,3,4,2,4,4,4,4,2,Does not change
1594,No,Yes,More anxious about side effects,3,5,2,5,4,3,3,2,3,2,4,3,1,1,4,3,4,1,5,5,1,Does not change
3958,No,Yes,More confident in vaccines,5,4,5,5,4,1,2,1,2,1,1,3,4,4,3,1,2,3,2,1,1,Positive
4506,No,Yes,No strong feelings (neutral),5,3,3,4,3,5,4,3,3,1,3,2,1,3,3,5,3,4,2,2,3,Does not change
2914,Yes,Yes,More confident in vaccines,5,5,5,5,2,5,2,4,5,2,2,3,4,1,3,3,1,1,3,1,3,Positive
3247,Yes,No,NA,1,5,5,5,5,2,2,5,2,4,3,5,3,4,3,3,3,2,4,2,3,Much more positive
731,Yes,No,No strong feelings (neutral),5,4,5,2,3,3,4,2,4,3,1,2,3,3,5,1,1,1,2,1,4,Positive
2096,No,No,NA,4,5,1,5,1,3,3,1,3,5,5,4,2,1,2,2,4,3,2,2,2,Negative
4656,Yes,Yes,More confident in vaccines,3,5,2,5,3,2,5,2,2,3,2,2,1,3,3,1,1,4,4,3,3,Does not change
1267,No,Yes,Overwhelmed,3,5,2,5,4,1,5,3,5,2,2,3,2,3,5,3,5,1,3,1,5,Does not change
25,No,Yes,Overwhelmed,4,5,3,2,2,3,1,3,4,2,1,5,5,4,5,5,5,4,1,2,5,Does not change
3918,Yes,Yes,No strong feelings (neutral),2,4,5,4,5,5,5,4,4,4,4,3,3,3,2,1,2,1,2,3,3,Negative
4682,No,Yes,No strong feelings (neutral),2,3,5,1,4,5,1,5,5,4,2,2,1,2,1,5,4,3,3,1,2,Does not change
4816,Yes,Yes,More confident in vaccines,4,3,5,4,5,4,3,4,1,2,3,5,3,2,4,1,1,4,4,3,1,Does not change
3901,Yes,Yes,"Overwhelmed, More anxious about side effects",5,1,1,2,5,2,4,5,2,4,1,4,3,3,5,3,5,4,4,2,3,Does not change
2802,Yes,Yes,More confident in vaccines,5,5,2,4,5,4,3,3,2,3,2,3,2,1,1,5,1,3,1,2,1,Positive
4629,No,No,No strong feelings (neutral),1,4,1,4,5,5,4,3,3,4,4,3,2,2,1,4,3,4,2,4,1,Does not change
423,Yes,Yes,More confident in vaccines,5,4,3,3,5,4,3,4,3,2,1,2,3,1,1,1,2,2,1,2,2,Positive
665,Yes,Yes,No strong feelings (neutral),1,2,2,5,4,4,4,5,2,2,2,3,3,2,3,1,4,3,1,3,4,Positive
3378,Yes,No,Overwhelmed,3,2,1,3,4,2,2,4,4,3,2,3,4,4,5,1,5,2,4,4,4,Does not change
3845,No,No,"More motivated to protect others, More anxious about side effects",5,2,2,2,5,1,4,2,5,3,3,1,3,3,1,2,4,4,3,5,2,Positive
28,Yes,No,NA,4,5,3,2,2,3,2,2,1,3,1,3,2,1,4,3,3,3,2,3,3,Does not change
4817,Yes,Yes,NA,5,1,4,5,5,4,3,4,3,2,4,5,3,4,3,4,3,2,2,2,5,Does not change
2713,No,No,No strong feelings (neutral),4,2,4,5,1,2,5,4,5,4,2,1,5,4,5,2,2,4,1,1,3,Negative
3963,No,Yes,Overwhelmed,4,1,4,2,5,2,1,5,2,2,5,3,1,4,4,5,1,1,2,3,3,Positive
1808,No,Yes,No strong feelings (neutral),4,5,3,3,4,5,2,2,5,1,2,2,4,3,4,2,3,2,1,1,1,Does not change
4237,No,No,No strong feelings (neutral),3,3,2,4,2,5,4,5,4,3,4,4,4,4,4,5,4,3,2,2,2,Does not change
3817,No,No,More confident in vaccines,3,5,3,5,5,5,3,2,4,3,2,3,2,2,5,1,1,4,1,1,3,Much more positive
4614,No,Yes,More confident in vaccines,1,3,2,2,3,3,4,2,4,4,3,2,1,5,2,3,1,3,4,1,4,Does not change
3602,Yes,Yes,More confident in vaccines,3,4,5,3,3,2,2,3,1,1,1,3,1,2,4,4,4,5,2,3,3,Positive
1375,Yes,Yes,More confident in vaccines,5,5,3,3,5,1,3,5,4,1,2,5,1,2,1,3,3,1,3,2,2,Does not change
1865,Yes,No,No strong feelings (neutral),1,2,4,4,5,3,4,4,2,3,1,4,3,5,4,1,5,4,3,3,3,Does not change
2712,Yes,Yes,More confident in vaccines,3,1,3,5,3,5,5,3,4,1,4,1,2,3,2,3,3,3,1,2,2,Positive
2835,Yes,Yes,More motivated to protect others,4,3,2,5,1,5,2,2,5,2,2,5,1,1,1,4,4,5,1,2,2,Positive
3413,No,No,NA,4,1,1,2,1,3,3,1,5,4,3,2,2,4,3,2,4,5,5,5,4,Does not change
1502,No,Yes,More confident in vaccines,4,4,5,4,3,1,2,2,3,3,4,3,3,1,1,3,4,3,4,1,1,Does not change
995,Yes,No,No strong feelings (neutral),5,4,1,3,1,1,1,1,1,5,5,3,4,4,5,2,3,4,3,5,5,Does not change
1237,Yes,No,More confident in vaccines,5,4,4,4,2,5,5,4,5,2,1,2,3,2,3,2,2,2,1,4,1,Does not change
245,No,No,No strong feelings (neutral),1,1,2,1,4,4,4,4,2,3,4,2,2,2,2,2,2,4,1,1,3,Negative
3030,Yes,Yes,No strong feelings (neutral),5,5,5,5,5,5,3,2,1,1,5,1,5,2,2,1,1,3,1,2,1,Much more positive
1151,Yes,Yes,More motivated to protect others,4,1,1,2,5,5,5,1,2,3,4,2,2,1,2,2,2,5,3,1,1,Much more positive
923,Yes,No,No strong feelings (neutral),5,5,1,3,4,5,4,5,3,3,3,1,3,1,1,3,1,3,1,5,5,Does not change
800,Yes,No,More confident in vaccines,2,5,2,4,1,3,2,1,3,4,4,4,3,1,5,3,3,1,2,1,3,Positive
686,No,No,No strong feelings (neutral),3,3,3,3,4,2,3,3,3,3,4,5,3,3,3,4,3,4,5,4,1,Negative
1890,No,No,No strong feelings (neutral),2,3,5,3,1,3,4,4,5,2,3,3,3,2,5,3,5,3,3,5,5,Much more negative
4586,Yes,Yes,More motivated to protect others,5,5,2,5,5,3,3,4,5,5,3,1,2,1,3,3,3,2,2,2,2,Negative
7,No,Yes,No strong feelings (neutral),2,1,3,1,1,1,5,1,5,5,4,3,1,5,4,5,5,3,4,1,2,Does not change
375,No,No,No strong feelings (neutral),5,5,4,5,5,2,5,4,4,1,3,2,3,4,3,4,2,2,1,2,3,Positive
546,Yes,Yes,More confident in vaccines,3,2,3,5,5,5,5,3,5,1,3,1,1,3,5,3,3,3,1,3,1,Does not change
447,Yes,Yes,More confident in vaccines,4,3,2,4,2,1,3,3,4,3,2,3,4,1,2,4,5,4,1,5,2,Positive
2948,No,No,More motivated to protect others,5,5,5,4,5,5,2,2,4,2,3,3,2,3,2,1,3,1,1,4,2,Does not change
1450,No,No,More confident in vaccines,4,5,4,4,1,1,2,3,1,2,4,3,2,4,2,4,1,4,5,4,1,Does not change
2604,No,No,More motivated to protect others,2,2,1,3,2,4,3,1,3,2,2,2,5,1,2,5,3,3,3,3,1,Much more negative
127,No,No,No strong feelings (neutral),2,5,2,5,5,3,3,5,2,2,4,5,3,4,5,4,4,5,4,1,1,Negative
2778,No,No,No strong feelings (neutral),3,3,4,1,5,3,3,2,2,5,2,3,5,5,4,3,1,4,1,2,4,Does not change
2700,Yes,No,No strong feelings (neutral),3,5,1,2,1,2,3,5,2,3,4,5,5,4,2,5,4,3,5,4,2,Does not change
4182,No,No,NA,1,1,2,5,5,5,3,1,4,3,3,5,2,4,5,4,2,4,5,4,3,Does not change
1857,No,No,More confident in vaccines,4,5,3,1,3,5,4,2,4,1,2,2,1,1,1,4,2,2,1,1,2,Does not change
4631,Yes,Yes,No strong feelings (neutral),5,3,5,1,2,3,3,3,4,4,5,3,1,2,1,2,3,3,1,3,4,Positive
4804,Yes,Yes,More confident in vaccines,4,5,5,1,5,5,4,4,2,1,2,4,1,1,3,1,2,4,1,1,1,Does not change
215,Yes,Yes,No strong feelings (neutral),3,4,2,2,5,5,2,4,5,4,3,2,5,2,1,3,2,2,3,1,2,Does not change
3022,No,No,No strong feelings (neutral),2,4,4,4,3,5,2,3,4,1,5,2,4,1,5,4,1,5,4,1,1,Does not change
180,No,Yes,More motivated to protect others,5,4,5,4,2,4,4,5,3,3,2,2,1,1,5,5,1,3,1,1,2,Does not change
2601,Yes,Yes,More confident in vaccines,5,3,5,2,3,5,3,5,2,2,2,2,2,3,2,2,1,2,1,5,1,Does not change
4462,No,Yes,More confident in vaccines,1,4,1,5,2,3,4,4,4,3,3,4,2,2,4,1,1,4,2,2,3,Does not change
3156,No,Yes,No strong feelings (neutral),4,2,4,5,3,4,3,1,5,2,5,4,2,1,3,2,2,5,3,2,2,Does not change
2730,No,Yes,No strong feelings (neutral),1,1,1,2,4,4,4,2,1,1,2,4,5,4,4,3,5,4,3,2,3,Does not change
4001,Yes,No,"More confident in vaccines, More anxious about side effects",2,4,2,5,1,3,4,3,5,3,4,4,4,2,5,5,4,2,4,2,3,Does not change
3722,No,No,No strong feelings (neutral),5,3,2,5,5,2,5,3,4,5,5,4,4,5,4,3,2,2,4,5,2,Does not change
1553,Yes,Yes,More confident in vaccines,5,4,4,4,4,4,2,2,5,3,1,1,1,2,1,1,1,1,2,5,1,Does not change
3627,Yes,Yes,More confident in vaccines,4,3,4,2,2,4,4,2,4,1,2,4,4,1,4,2,1,2,4,2,1,Does not change
143,No,No,No strong feelings (neutral),5,4,5,4,2,5,3,1,3,1,2,1,4,1,2,3,1,2,4,3,1,Does not change
4777,No,Yes,No strong feelings (neutral),2,2,5,4,3,3,2,3,3,2,2,2,3,5,3,1,4,5,5,2,3,Does not change
1008,No,No,Overwhelmed,5,4,1,4,5,5,2,4,4,5,5,2,3,3,5,5,2,5,2,5,4,Positive
198,Yes,Yes,More confident in vaccines,5,5,1,3,3,3,5,5,1,1,4,2,1,1,3,1,3,3,1,1,3,Does not change
214,Yes,Yes,No strong feelings (neutral),2,4,5,4,5,3,2,2,5,1,5,4,2,4,2,1,4,2,5,4,3,Does not change
1928,Yes,Yes,Overwhelmed,5,4,1,4,4,5,3,4,4,3,3,2,1,2,4,5,3,1,2,3,5,Does not change
2275,No,Yes,No strong feelings (neutral),3,4,4,1,1,5,3,5,3,2,5,4,2,3,2,4,5,5,4,4,5,Much more negative
1667,No,No,No strong feelings (neutral),4,4,4,5,4,1,5,4,1,3,3,3,1,3,1,3,4,1,5,3,3,Much more negative
3682,Yes,Yes,More confident in vaccines,4,3,3,4,4,4,1,2,3,3,5,1,4,3,3,4,2,4,3,4,5,Does not change
2543,No,No,No strong feelings (neutral),3,5,2,3,5,2,3,2,4,5,3,5,1,1,4,3,1,1,2,3,3,Does not change
3661,No,No,More confident in vaccines,4,1,2,1,2,3,2,1,3,2,3,4,4,4,4,5,4,3,1,3,1,Does not change
2631,No,No,No strong feelings (neutral),4,2,3,5,5,5,3,5,5,2,5,5,3,1,5,1,2,1,2,2,1,Does not change
2197,No,No,No strong feelings (neutral),1,5,3,4,1,3,5,5,2,5,4,3,2,4,4,4,2,2,1,2,3,Does not change
863,No,No,No strong feelings (neutral),4,3,3,3,3,4,5,1,1,1,3,2,2,2,2,5,2,5,2,3,4,Does not change
3856,No,Yes,Overwhelmed,1,4,1,2,4,3,4,2,4,5,4,5,5,1,5,1,5,4,5,5,4,Does not change
1611,No,No,More confident in vaccines,5,4,3,5,4,5,3,5,2,2,3,3,1,1,4,1,2,2,3,3,2,Does not change
4057,Yes,Yes,More motivated to protect others,5,4,4,3,5,3,2,3,5,3,3,4,1,2,1,4,1,1,2,2,2,Does not change
4248,No,No,NA,2,2,3,2,2,2,3,5,3,3,2,3,3,5,1,5,3,4,3,3,1,Does not change
1416,No,No,No strong feelings (neutral),5,4,5,2,1,3,3,1,2,1,1,3,1,3,3,2,2,3,1,3,3,Does not change
4724,No,Yes,No strong feelings (neutral),5,3,4,2,4,5,3,2,1,3,4,1,4,2,3,1,2,4,2,5,1,Does not change
4612,Yes,Yes,Overwhelmed,3,2,3,2,3,4,1,2,5,5,3,3,5,2,2,2,2,2,1,2,4,Much more positive
4029,Yes,No,No strong feelings (neutral),3,5,5,3,3,5,4,3,3,1,1,2,1,2,3,2,2,2,1,2,1,Much more positive
1987,No,No,More anxious about side effects,5,4,5,2,4,4,4,4,4,4,4,2,1,3,2,1,4,5,3,2,1,Positive
689,Yes,Yes,More anxious about side effects,4,2,1,2,1,5,1,2,4,1,3,4,4,5,4,4,2,3,4,3,4,Does not change
1235,Yes,Yes,Overwhelmed,3,4,1,1,5,3,5,2,3,3,1,2,1,2,3,2,3,5,1,2,4,Positive
129,Yes,Yes,No strong feelings (neutral),5,5,3,2,5,4,4,3,5,2,4,1,1,1,4,3,1,1,2,1,4,Much more positive
762,No,No,No strong feelings (neutral),2,3,4,1,3,1,3,3,4,3,4,5,5,4,3,5,3,2,3,4,2,Does not change
944,Yes,Yes,More motivated to protect others,4,5,3,5,3,5,1,3,5,3,1,1,1,2,1,3,3,1,3,3,3,Does not change
4002,Yes,Yes,More confident in vaccines,3,3,4,4,4,4,3,1,3,1,3,4,4,3,1,3,1,1,3,3,4,Much more positive
2770,Yes,No,Overwhelmed,5,4,5,2,5,4,2,1,2,3,4,4,1,1,5,2,2,3,3,4,5,Positive
1306,No,No,No strong feelings (neutral),1,4,3,5,2,3,2,3,4,3,5,5,3,5,2,4,5,5,3,1,2,Does not change
1087,Yes,Yes,No strong feelings (neutral),5,3,3,3,3,3,2,3,4,2,1,2,5,1,4,2,3,2,4,3,3,Does not change
2457,Yes,Yes,More confident in vaccines,5,3,4,5,5,5,1,2,3,2,3,1,1,2,2,2,1,4,3,3,4,Does not change
1459,No,Yes,More confident in vaccines,2,5,3,1,1,5,3,3,1,2,2,1,5,3,2,1,4,3,1,1,4,Positive
2875,Yes,No,More confident in vaccines,5,5,5,4,2,4,4,2,3,5,3,3,1,3,3,2,1,1,4,2,3,Does not change
672,Yes,No,No strong feelings (neutral),4,5,3,4,5,1,2,3,1,3,3,1,1,2,4,3,2,3,2,3,3,Much more positive
3215,Yes,No,No strong feelings (neutral),3,2,2,2,3,1,2,3,3,4,2,3,5,4,4,5,3,2,5,3,4,Does not change
4043,Yes,Yes,More confident in vaccines,3,5,3,5,2,4,4,2,1,3,4,1,1,4,1,3,2,3,3,2,1,Does not change
2863,Yes,Yes,More confident in vaccines,4,3,4,4,5,4,2,4,1,3,3,2,1,1,5,1,2,2,1,1,2,Does not change
2357,No,Yes,More motivated to protect others,5,5,1,3,5,4,4,3,4,3,2,1,4,2,2,3,1,5,2,1,1,Positive
1070,No,No,No strong feelings (neutral),5,3,3,1,5,2,2,1,4,4,1,3,2,3,1,3,1,2,2,3,5,Does not change
4378,Yes,Yes,No strong feelings (neutral),3,5,2,2,4,4,5,2,2,3,1,1,3,4,2,1,1,2,3,1,2,Positive
2454,No,Yes,More anxious about side effects,4,5,2,5,2,3,2,2,5,3,3,1,2,3,3,3,3,2,3,2,1,Much more positive
1088,No,Yes,More confident in vaccines,5,5,5,4,1,5,4,5,2,2,4,1,2,1,1,1,2,2,2,1,3,Does not change
3770,Yes,Yes,Overwhelmed,4,3,2,2,3,2,3,5,4,2,1,1,3,3,5,2,5,2,2,3,3,Does not change
1797,No,No,No strong feelings (neutral),1,2,4,4,3,1,1,1,3,1,3,4,3,5,3,4,2,2,2,4,3,Does not change
4299,No,Yes,More confident in vaccines,5,4,1,1,2,2,3,4,3,3,2,1,4,3,2,3,5,1,5,4,2,Does not change
4996,No,No,No strong feelings (neutral),3,1,5,2,3,4,3,2,2,5,2,3,3,4,4,3,3,5,5,4,4,Much more negative
4674,Yes,No,More confident in vaccines,5,4,5,5,5,5,2,5,3,5,2,4,1,2,5,3,4,2,3,1,2,Much more positive
1146,Yes,No,No strong feelings (neutral),2,1,1,3,1,3,4,4,1,3,5,4,1,3,3,5,2,5,4,2,3,Negative
4274,No,No,NA,4,2,5,5,4,1,5,1,5,4,2,3,2,3,3,1,3,3,3,1,4,Positive
2428,No,No,More motivated to protect others,5,5,3,2,5,5,5,2,2,3,5,3,1,1,5,3,1,1,3,3,2,Much more positive
549,No,Yes,Overwhelmed,2,5,5,5,5,5,2,3,1,3,3,4,2,2,5,2,2,1,5,4,4,Does not change
2130,No,Yes,Overwhelmed,4,5,1,3,1,5,2,2,4,1,3,3,4,4,5,4,4,3,1,5,2,Positive
2017,Yes,No,More confident in vaccines,5,4,5,5,4,4,1,1,3,3,1,2,4,3,5,5,1,3,3,2,2,Does not change
2341,Yes,No,"More confident in vaccines, Overwhelmed",4,1,4,2,2,3,3,4,4,4,4,4,3,1,5,3,3,5,2,5,4,Does not change
1670,Yes,Yes,Overwhelmed,4,4,4,4,5,3,2,3,3,2,3,3,1,2,5,2,4,1,1,5,3,Positive
963,No,Yes,"More confident in vaccines, More anxious about side effects",2,3,5,2,3,2,3,2,4,1,4,5,2,3,5,4,1,3,5,4,3,Does not change
1473,No,No,No strong feelings (neutral),4,5,5,4,3,3,2,3,4,2,4,2,2,4,2,3,3,3,3,2,2,Negative
1400,No,No,NA,5,3,2,2,1,4,3,2,2,5,5,5,5,4,1,4,2,5,4,2,2,Does not change
3460,Yes,Yes,No strong feelings (neutral),3,2,5,4,4,5,3,2,2,2,4,1,5,1,2,1,2,3,1,3,3,Does not change
673,No,Yes,No strong feelings (neutral),3,4,4,5,5,5,2,2,4,3,3,3,3,2,4,2,1,2,5,4,3,Does not change
2605,No,Yes,"More confident in vaccines, Overwhelmed",1,4,2,3,3,1,1,2,3,2,5,3,4,4,4,5,1,5,4,5,1,Does not change
2575,Yes,Yes,No strong feelings (neutral),2,5,2,1,2,4,4,3,4,3,1,4,4,4,1,5,5,2,5,3,5,Much more negative
1493,Yes,No,More motivated to protect others,5,5,3,4,5,4,2,4,5,2,1,2,2,2,2,4,1,2,5,3,3,Does not change
1655,Yes,Yes,More confident in vaccines,5,3,5,3,2,4,4,3,4,1,4,2,2,1,3,1,1,3,1,1,4,Does not change
1171,No,Yes,No strong feelings (neutral),2,3,4,1,1,4,2,4,4,2,4,2,4,3,2,5,1,3,3,2,2,Does not change
1219,No,Yes,More motivated to protect others,2,3,3,5,2,5,5,5,1,5,3,1,2,2,4,1,5,1,3,1,2,Negative
1486,No,Yes,No strong feelings (neutral),4,3,5,5,4,1,3,4,1,3,2,4,4,3,4,3,1,5,2,2,4,Positive
792,Yes,No,More motivated to protect others,2,3,5,3,3,3,4,3,5,1,3,2,3,2,1,4,4,3,3,2,1,Does not change
1531,No,No,NA,4,1,3,5,5,5,4,2,2,3,4,2,1,4,2,3,2,4,2,1,5,Does not change
2107,No,Yes,No strong feelings (neutral),3,1,4,4,4,4,5,2,3,2,5,4,1,3,4,1,4,3,3,4,2,Does not change
1654,Yes,Yes,Overwhelmed,4,5,4,4,4,4,3,5,5,3,2,2,2,1,4,3,5,2,2,2,2,Positive
3011,No,Yes,No strong feelings (neutral),3,4,4,2,3,1,4,1,2,4,4,3,1,4,3,2,4,5,5,1,3,Does not change
1540,Yes,Yes,More confident in vaccines,2,4,2,2,4,3,2,5,5,5,4,1,3,3,3,2,3,3,4,1,2,Much more positive
1259,Yes,Yes,More motivated to protect others,5,4,4,4,4,2,4,1,2,3,3,5,1,1,1,3,1,1,2,5,3,Does not change
3964,No,Yes,More confident in vaccines,4,4,1,5,4,5,3,3,3,2,1,3,2,1,3,3,1,3,2,1,1,Positive
4975,No,No,No strong feelings (neutral),3,2,3,3,3,3,5,4,5,5,3,5,3,2,5,3,4,3,3,3,4,Does not change
4815,No,Yes,No strong feelings (neutral),3,5,4,2,5,4,2,1,5,4,4,3,5,1,5,4,2,3,5,4,3,Does not change
3848,Yes,Yes,No strong feelings (neutral),4,4,4,1,3,3,1,2,1,3,1,4,4,3,4,4,2,4,3,4,4,Does not change
4318,Yes,Yes,More confident in vaccines,2,3,5,5,2,2,4,4,2,3,2,3,5,1,1,3,3,3,4,4,4,Does not change
3677,No,Yes,More confident in vaccines,3,5,4,5,4,5,4,1,4,1,2,3,1,3,1,3,2,1,5,3,2,Much more positive
1967,No,No,No strong feelings (neutral),3,2,2,3,3,3,5,2,1,5,5,3,5,3,4,5,5,5,3,4,2,Much more negative
4451,Yes,No,No strong feelings (neutral),4,1,1,2,4,3,2,3,4,5,4,5,3,1,4,4,5,4,4,5,3,Much more negative
2939,Yes,Yes,"More confident in vaccines, Overwhelmed",3,5,5,3,3,3,4,4,3,5,2,4,5,3,5,4,2,5,3,2,3,Does not change
1702,No,No,Overwhelmed,2,4,4,3,2,5,4,4,3,5,3,3,2,3,5,5,4,3,4,3,5,Does not change
829,No,No,No strong feelings (neutral),3,2,4,4,2,3,1,4,3,2,5,1,3,3,5,1,5,4,4,1,3,Does not change
1067,No,No,No strong feelings (neutral),4,4,4,2,5,4,5,2,1,4,2,3,3,3,4,3,3,4,2,2,4,Does not change
3492,Yes,Yes,More confident in vaccines,5,2,2,5,1,4,2,2,5,2,1,3,2,3,1,2,1,3,4,4,1,Does not change
430,No,Yes,No strong feelings (neutral),4,4,4,1,3,4,2,4,2,1,1,4,1,2,2,1,1,4,1,3,2,Does not change
1216,No,No,No strong feelings (neutral),3,1,2,2,3,5,3,3,3,3,5,1,2,1,3,5,4,3,4,3,3,Does not change
167,Yes,Yes,More confident in vaccines,5,4,3,4,5,5,2,2,4,1,1,2,1,3,3,3,2,3,3,1,3,Does not change
360,Yes,Yes,Overwhelmed,2,5,2,5,2,3,3,3,4,5,5,2,1,2,4,3,3,3,1,3,3,Much more negative
712,Yes,No,More anxious about side effects,1,5,3,1,3,3,3,2,3,2,3,2,4,2,4,4,4,1,4,3,2,Does not change
1722,No,No,No strong feelings (neutral),1,5,1,1,2,4,3,3,4,3,2,4,5,4,2,2,3,4,3,3,4,Much more positive
1607,Yes,No,No strong feelings (neutral),1,4,4,1,3,1,2,3,2,3,5,5,3,4,5,1,3,5,1,4,1,Positive
3004,No,Yes,No strong feelings (neutral),2,2,1,1,5,2,2,4,4,5,3,3,5,1,4,5,2,4,5,1,4,Much more negative
3481,No,No,No strong feelings (neutral),2,5,4,3,5,5,2,2,4,2,3,4,4,3,4,1,4,2,2,1,5,Does not change
3304,Yes,No,More anxious about side effects,3,4,1,2,3,2,5,1,2,1,3,4,1,2,2,5,1,4,4,2,3,Much more negative
4123,Yes,Yes,More confident in vaccines,5,4,5,5,3,4,2,2,4,1,1,1,2,3,2,1,1,2,3,2,1,Much more negative
1708,No,Yes,Overwhelmed,3,3,2,5,3,2,1,3,2,2,5,3,2,3,5,3,1,4,2,1,1,Positive
1338,Yes,No,No strong feelings (neutral),3,2,4,2,1,2,5,2,5,4,5,4,4,5,5,3,3,5,4,2,1,Does not change
3508,Yes,No,No strong feelings (neutral),4,1,4,1,3,3,3,4,3,3,1,5,4,4,1,5,4,5,3,3,4,Positive
2468,Yes,Yes,More motivated to protect others,2,3,4,4,5,3,4,1,3,3,1,5,1,2,2,1,3,4,1,1,2,Positive
2488,No,Yes,More confident in vaccines,5,5,5,1,1,5,3,4,2,4,1,5,5,3,2,2,4,1,2,1,1,Does not change
999,Yes,Yes,More motivated to protect others,5,5,5,4,5,4,3,2,5,1,1,2,2,3,2,1,2,2,3,4,2,Positive
1888,Yes,No,No strong feelings (neutral),5,1,3,5,4,1,3,3,5,2,3,2,4,3,4,3,4,2,2,3,1,Does not change
26,No,Yes,No strong feelings (neutral),3,4,4,3,5,4,4,5,2,3,2,1,1,2,4,4,4,2,2,2,3,Does not change
4262,Yes,No,No strong feelings (neutral),1,3,3,2,4,2,3,3,4,4,5,2,4,2,3,4,3,4,5,2,3,Does not change
4978,No,No,No strong feelings (neutral),4,3,4,4,2,2,4,3,5,1,1,3,3,2,3,2,2,2,1,2,3,Does not change
3821,No,Yes,Overwhelmed,4,2,3,5,4,4,4,4,3,2,1,1,2,2,5,1,2,4,3,1,1,Does not change
3129,Yes,No,More confident in vaccines,5,4,5,5,2,1,5,5,2,1,3,3,1,1,1,1,1,2,1,4,1,Does not change
3475,No,Yes,"More confident in vaccines, Overwhelmed",3,1,4,4,2,4,4,3,3,4,4,3,2,5,5,5,4,4,3,2,4,Does not change
3484,No,No,NA,1,2,2,4,2,3,2,2,4,4,2,5,2,5,4,5,4,4,4,4,4,Much more negative
3874,No,No,More motivated to protect others,5,5,5,5,5,2,5,2,3,5,1,2,2,2,5,3,1,3,1,1,1,Negative
1826,No,Yes,No strong feelings (neutral),5,5,4,5,4,2,5,5,2,2,2,1,2,3,4,3,2,3,1,4,3,Positive
3032,No,No,No strong feelings (neutral),5,1,2,5,2,4,1,2,5,2,3,3,4,3,5,4,2,4,5,4,5,Does not change
1001,No,No,NA,1,1,2,3,3,4,2,5,2,1,1,4,1,3,2,2,4,4,5,3,1,Does not change
4356,No,Yes,No strong feelings (neutral),5,1,4,3,1,2,3,4,4,5,5,2,4,5,5,1,5,4,3,5,2,Does not change
905,Yes,Yes,"More motivated to protect others, More confident in vaccines",5,5,3,2,5,5,2,1,2,2,1,2,3,3,1,3,2,2,1,1,1,Much more positive
2070,No,Yes,More confident in vaccines,4,2,5,2,4,4,2,1,4,2,3,4,1,3,3,3,4,1,4,1,4,Does not change
4932,No,Yes,More confident in vaccines,5,3,5,1,5,4,3,4,2,1,1,3,1,1,4,1,4,5,2,2,5,Does not change
3706,Yes,No,More motivated to protect others,3,3,2,5,1,5,3,5,2,3,2,2,2,1,4,2,2,4,4,5,3,Does not change
134,No,No,Overwhelmed,3,1,1,1,2,1,3,2,3,4,3,4,1,1,4,5,3,2,2,4,4,Does not change
4265,Yes,Yes,More confident in vaccines,4,2,2,5,5,5,5,3,4,1,3,1,1,3,2,3,2,3,3,1,1,Does not change
2410,No,No,No strong feelings (neutral),5,3,5,5,3,4,4,2,2,4,3,4,2,4,4,4,2,3,4,2,4,Negative
848,Yes,Yes,More motivated to protect others,5,3,2,4,5,5,4,1,3,3,1,4,3,1,3,2,2,1,1,1,3,Does not change
657,No,Yes,No strong feelings (neutral),4,4,4,2,2,1,1,1,5,1,1,1,5,3,4,1,1,4,1,4,1,Negative
2937,Yes,No,Overwhelmed,4,1,2,1,5,2,3,2,4,3,4,3,4,5,2,2,1,2,2,5,1,Does not change
4271,No,No,No strong feelings (neutral),4,5,2,3,2,2,1,4,3,4,5,2,3,4,5,5,5,4,3,1,5,Does not change
163,No,No,No strong feelings (neutral),2,2,1,5,2,3,3,5,4,5,5,4,2,3,4,2,3,5,5,3,5,Does not change
3412,Yes,Yes,More confident in vaccines,5,1,3,1,5,5,3,5,4,1,3,2,3,1,1,2,3,4,4,2,3,Much more negative
4229,No,No,More confident in vaccines,5,4,4,3,3,4,2,1,1,1,3,2,1,1,3,2,1,1,3,4,3,Does not change
4630,Yes,No,NA,5,4,2,5,5,3,4,3,3,2,4,2,3,1,3,5,2,1,5,3,1,Positive
243,Yes,No,NA,2,4,4,3,2,5,4,5,5,2,5,2,3,3,2,2,4,1,2,2,4,Negative
2984,Yes,No,NA,1,4,3,1,5,4,3,5,3,4,5,2,4,1,3,1,2,3,1,4,3,Much more negative
3391,No,Yes,NA,2,4,2,2,5,4,4,5,3,4,3,5,5,1,3,3,2,4,3,3,4,Does not change
4270,No,Yes,No strong feelings (neutral),3,4,5,2,5,4,4,1,3,5,2,3,2,1,3,3,3,2,3,3,3,Does not change
3913,No,No,No strong feelings (neutral),3,1,3,2,1,2,4,1,2,5,5,2,5,3,3,1,4,3,2,5,5,Does not change
1741,Yes,No,More confident in vaccines,2,1,2,5,5,5,3,4,5,4,1,5,2,2,5,2,4,3,3,4,1,Does not change
277,Yes,No,More confident in vaccines,4,5,2,1,2,2,3,2,3,3,3,4,3,2,3,4,3,4,3,1,2,Positive
2848,Yes,No,No strong feelings (neutral),5,5,5,2,5,4,2,3,3,3,4,2,2,1,2,2,1,2,1,3,3,Does not change
3347,Yes,Yes,No strong feelings (neutral),2,3,3,5,2,3,3,2,1,4,5,5,1,4,2,3,4,3,3,3,4,Does not change
3392,Yes,Yes,No strong feelings (neutral),5,2,3,5,5,5,2,3,3,4,2,1,4,5,3,2,3,3,2,1,1,Does not change
3477,No,Yes,No strong feelings (neutral),4,1,5,4,5,1,3,5,3,3,2,3,4,1,5,5,5,3,3,5,5,Does not change
427,Yes,No,More motivated to protect others,5,2,5,4,5,4,3,3,3,4,1,1,4,2,3,1,2,3,3,2,2,Positive
671,No,Yes,Overwhelmed,2,2,3,5,3,4,2,2,1,3,2,1,3,3,4,4,1,4,4,2,2,Positive
1212,No,No,No strong feelings (neutral),3,1,2,1,2,3,2,5,3,4,4,2,2,2,2,3,3,5,5,5,3,Does not change
276,Yes,Yes,More anxious about side effects,3,5,3,2,2,5,3,3,3,2,1,1,1,1,4,1,5,2,3,5,1,Does not change
4235,No,Yes,Overwhelmed,1,1,4,1,3,1,3,3,3,4,3,2,2,4,4,4,3,1,5,4,4,Does not change
3461,No,Yes,No strong feelings (neutral),3,2,5,4,2,3,5,1,5,2,2,1,4,3,2,1,5,2,2,1,2,Negative
2370,Yes,Yes,More confident in vaccines,5,3,1,3,5,2,4,3,1,2,1,2,5,4,2,1,5,2,2,4,2,Negative
771,No,No,No strong feelings (neutral),5,3,2,5,3,3,3,4,3,5,4,1,2,2,2,3,5,4,3,3,2,Negative
2136,Yes,Yes,More confident in vaccines,4,5,5,5,4,4,4,3,4,2,2,3,1,1,3,4,3,1,1,2,1,Does not change
4885,Yes,Yes,More confident in vaccines,2,5,4,2,5,2,3,5,3,2,1,4,1,4,1,2,3,3,2,2,2,Does not change
91,No,No,No strong feelings (neutral),3,1,4,5,2,2,5,2,4,2,1,3,4,2,5,1,4,4,1,5,3,Does not change
3573,Yes,Yes,More confident in vaccines,4,5,4,5,3,2,3,3,3,2,3,1,3,3,3,1,2,3,2,4,1,Positive
4707,Yes,Yes,No strong feelings (neutral),5,4,4,3,4,5,2,4,4,3,5,3,1,5,3,1,2,1,3,3,4,Negative
4712,No,Yes,No strong feelings (neutral),3,5,5,5,5,4,4,1,1,1,2,3,3,2,3,3,2,4,1,3,2,Does not change
4008,Yes,No,No strong feelings (neutral),5,5,4,3,5,4,1,4,3,3,1,5,1,1,1,2,1,1,4,3,1,Much more negative
1149,No,No,NA,3,4,3,1,4,1,4,3,5,3,4,1,2,2,2,5,3,3,3,1,2,Negative
3336,No,Yes,No strong feelings (neutral),3,3,3,5,4,5,2,5,3,4,3,2,3,1,5,1,4,4,1,2,4,Does not change
4577,No,No,No strong feelings (neutral),1,2,4,2,2,1,4,5,5,3,3,5,4,5,4,4,5,5,1,4,5,Does not change
3820,Yes,Yes,More confident in vaccines,5,3,5,5,1,5,2,3,4,1,1,3,2,1,4,1,2,4,3,2,2,Negative
3393,No,No,More confident in vaccines,5,3,3,1,2,4,3,3,3,1,3,4,5,1,2,5,5,3,1,1,3,Does not change
1585,No,No,Overwhelmed,2,5,2,4,2,3,3,1,4,1,3,4,2,3,1,4,2,2,3,2,3,Positive
3045,Yes,No,More confident in vaccines,5,5,5,1,4,4,4,5,4,2,3,2,2,1,3,2,3,2,4,1,2,Positive
4735,No,Yes,No strong feelings (neutral),5,4,5,2,5,3,1,3,5,3,3,2,3,3,2,1,3,4,4,1,4,Negative
2949,No,Yes,More confident in vaccines,5,2,3,4,5,3,3,3,3,4,4,2,1,1,4,1,1,3,1,2,4,Positive
1672,Yes,Yes,More anxious about side effects,3,3,4,3,3,1,4,3,4,4,2,5,3,2,3,1,2,3,4,3,2,Does not change
32,No,Yes,More confident in vaccines,2,1,5,2,2,5,3,2,3,1,3,2,5,2,3,5,3,3,1,5,2,Positive
3836,No,Yes,Overwhelmed,5,4,4,5,5,3,2,5,3,3,2,4,4,1,4,1,4,3,1,2,5,Does not change
4611,Yes,No,More confident in vaccines,5,5,3,1,5,5,4,2,1,2,3,1,1,4,3,2,2,2,3,2,4,Does not change
858,No,Yes,No strong feelings (neutral),4,3,2,2,5,4,2,3,4,5,3,4,4,5,3,3,4,4,5,3,2,Does not change
3383,Yes,No,No strong feelings (neutral),3,5,4,4,4,4,4,3,3,1,5,4,2,2,2,1,3,3,4,4,5,Does not change
1783,No,No,No strong feelings (neutral),5,4,1,2,5,3,5,1,1,4,4,1,4,5,3,5,2,1,2,5,3,Does not change
3130,Yes,No,No strong feelings (neutral),5,3,3,1,2,5,2,3,3,4,4,4,3,4,3,5,1,4,3,1,4,Does not change
1577,No,No,No strong feelings (neutral),4,4,2,1,4,1,2,3,4,4,4,2,5,2,3,3,3,4,3,3,1,Does not change
726,Yes,Yes,Overwhelmed,5,2,5,3,2,2,2,3,1,5,4,5,5,4,5,4,5,5,4,4,3,Much more positive
4780,Yes,Yes,"More motivated to protect others, More anxious about side effects",4,1,5,1,4,2,1,2,3,4,1,3,3,4,2,3,3,1,4,4,1,Much more positive
3441,No,No,More anxious about side effects,5,3,4,3,3,4,5,2,5,2,2,1,1,2,5,4,3,1,1,1,3,Much more positive
2797,No,No,More anxious about side effects,4,2,5,1,4,2,2,4,2,2,3,5,4,2,4,3,5,1,3,2,1,Does not change
568,Yes,No,No strong feelings (neutral),5,5,4,4,5,5,2,3,2,1,1,1,3,1,4,1,3,3,1,2,2,Does not change
3295,No,Yes,No strong feelings (neutral),5,2,3,4,4,1,2,3,3,4,4,3,1,4,2,3,2,3,4,2,1,Does not change
6,No,No,No strong feelings (neutral),4,3,2,2,2,3,3,4,2,2,3,5,4,1,2,1,4,5,5,3,4,Does not change
1527,Yes,Yes,More motivated to protect others,2,2,3,1,4,5,3,3,5,1,1,4,1,5,3,3,4,3,3,1,3,Much more negative
555,No,No,No strong feelings (neutral),2,4,2,2,3,4,5,4,4,3,4,5,1,5,5,4,4,4,3,3,3,Does not change
356,Yes,No,NA,5,4,3,3,5,4,2,3,2,3,3,1,4,3,2,1,5,3,1,3,5,Does not change
2253,No,No,Overwhelmed,5,1,5,2,1,5,3,3,3,3,5,3,3,4,4,5,5,3,5,4,4,Does not change
2333,No,No,No strong feelings (neutral),4,1,2,2,3,5,4,5,3,3,3,1,5,1,3,2,3,4,5,1,4,Does not change
60,Yes,Yes,More confident in vaccines,5,5,3,3,3,5,3,4,2,1,1,2,4,1,2,1,1,1,4,2,1,Does not change
1269,Yes,No,"More motivated to protect others, More anxious about side effects",2,4,5,5,2,3,1,2,3,4,2,3,3,2,2,3,3,4,3,1,2,Does not change
1994,No,Yes,NA,4,3,4,2,1,4,2,4,3,4,5,4,2,1,4,1,5,5,2,5,3,Does not change
828,No,Yes,No strong feelings (neutral),3,3,4,2,3,3,3,3,4,3,1,4,4,1,3,1,2,2,2,1,3,Does not change
1811,No,Yes,No strong feelings (neutral),1,2,1,2,1,1,2,4,2,4,3,5,2,5,5,1,5,3,4,5,5,Does not change
2159,Yes,No,No strong feelings (neutral),5,2,3,5,5,2,2,4,4,3,1,2,2,4,2,3,1,3,1,3,2,Does not change
3632,No,Yes,More confident in vaccines,5,2,3,5,5,2,1,4,1,3,3,2,3,2,5,4,3,4,4,2,1,Does not change
4416,Yes,Yes,More confident in vaccines,4,5,5,2,5,5,5,2,4,1,1,1,2,1,1,2,5,2,1,1,2,Much more negative
21,Yes,Yes,No strong feelings (neutral),3,4,5,2,3,5,2,4,3,3,4,2,3,2,3,5,3,1,1,1,3,Positive
1066,No,No,No strong feelings (neutral),1,5,1,2,1,3,3,4,3,2,5,2,4,4,2,4,2,3,3,4,4,Does not change
2627,Yes,Yes,Overwhelmed,3,1,1,5,2,2,5,4,2,2,3,4,2,4,1,3,4,5,3,4,1,Positive
2598,Yes,Yes,More motivated to protect others,2,5,5,3,5,3,1,2,2,1,3,1,2,1,4,2,3,1,2,2,1,Positive
3137,No,No,No strong feelings (neutral),1,2,3,2,1,3,4,4,1,5,5,3,4,3,5,3,5,5,5,4,5,Does not change
3674,Yes,Yes,No strong feelings (neutral),5,2,2,4,4,4,3,3,5,4,1,2,1,4,2,4,1,1,1,3,1,Does not change
3781,No,Yes,No strong feelings (neutral),5,3,4,4,5,3,1,2,4,5,2,1,4,3,4,2,2,3,3,3,1,Does not change
333,Yes,Yes,Overwhelmed,4,4,4,5,1,4,2,3,1,3,3,4,1,1,4,1,2,4,4,3,3,Positive
4371,No,Yes,Overwhelmed,3,4,3,5,5,5,4,1,5,2,3,4,4,2,5,5,1,3,3,2,4,Does not change
2824,Yes,Yes,More motivated to protect others,2,5,2,4,3,2,5,3,5,4,1,2,2,1,1,5,4,2,2,5,2,Negative
4433,No,No,No strong feelings (neutral),1,5,2,2,1,4,2,3,5,5,3,4,4,4,4,3,2,5,3,2,5,Does not change
2946,No,Yes,Overwhelmed,2,3,4,4,4,2,5,4,4,2,4,2,2,1,5,2,2,2,4,3,4,Positive
4189,Yes,Yes,"More motivated to protect others, Overwhelmed",4,2,5,4,1,3,4,3,4,4,1,3,1,2,2,4,2,3,2,4,3,Much more positive
1409,No,No,No strong feelings (neutral),5,3,3,1,1,2,2,1,4,2,2,5,2,1,3,3,5,3,4,1,3,Does not change
1874,Yes,Yes,"Overwhelmed, More anxious about side effects",3,3,4,5,2,2,3,5,2,1,5,2,2,1,5,3,5,2,5,3,3,Does not change
3552,No,No,Overwhelmed,1,4,2,1,1,3,3,2,2,4,4,3,3,1,4,1,1,4,3,3,1,Negative
4794,Yes,No,More confident in vaccines,2,5,2,5,3,2,3,5,2,3,3,1,2,1,3,1,4,3,5,2,3,Negative
2790,No,Yes,No strong feelings (neutral),2,3,2,2,2,1,4,4,1,1,2,5,3,2,2,4,1,3,3,3,2,Does not change
1503,No,No,No strong feelings (neutral),2,2,3,1,2,1,1,3,2,3,2,4,3,1,3,5,3,5,4,5,4,Does not change
1460,No,Yes,No strong feelings (neutral),5,5,5,4,3,3,4,3,2,4,5,2,2,1,4,3,5,3,1,4,3,Does not change
3928,No,Yes,No strong feelings (neutral),4,5,5,5,4,4,3,3,4,4,1,2,5,3,3,5,4,1,1,2,4,Does not change
579,Yes,No,More confident in vaccines,5,3,1,1,3,5,2,1,4,1,5,3,5,5,3,5,4,4,4,4,2,Does not change
4565,Yes,Yes,No strong feelings (neutral),4,2,5,4,3,3,4,2,3,2,2,4,1,4,1,1,5,1,2,2,3,Does not change
2744,Yes,No,NA,5,3,2,1,5,4,3,4,2,1,5,4,5,2,4,4,3,5,4,2,5,Does not change
1286,Yes,Yes,More anxious about side effects,5,5,2,5,4,4,1,3,1,4,1,2,3,5,3,5,1,1,5,2,2,Negative
3866,Yes,Yes,No strong feelings (neutral),2,1,1,1,5,2,5,3,3,3,3,5,3,1,4,1,5,3,3,5,1,Much more positive
491,Yes,Yes,More motivated to protect others,5,3,1,4,3,4,4,5,3,4,3,1,1,4,1,1,1,2,2,4,3,Positive
784,No,No,No strong feelings (neutral),2,5,5,2,5,4,4,5,2,1,5,3,5,4,5,4,2,2,3,2,4,Does not change
714,No,Yes,More confident in vaccines,5,5,2,5,5,4,1,1,4,1,2,1,1,3,2,1,4,1,1,2,2,Positive
282,No,No,No strong feelings (neutral),4,3,3,1,4,3,4,1,3,3,2,5,3,4,1,3,4,1,4,2,2,Much more negative
3638,No,No,No strong feelings (neutral),1,2,5,2,2,4,4,3,4,3,5,5,3,5,3,4,2,2,2,5,3,Does not change
3076,No,No,No strong feelings (neutral),5,1,3,4,1,3,1,3,4,1,2,3,3,4,4,3,1,2,3,2,4,Does not change
4641,No,Yes,More motivated to protect others,5,1,5,5,4,3,4,1,3,4,1,3,1,2,2,2,4,2,3,1,4,Much more positive
3570,Yes,No,NA,5,3,2,1,4,2,2,3,4,1,3,4,5,1,1,1,4,1,3,5,2,Positive
4576,Yes,Yes,NA,1,4,1,1,4,3,3,3,3,4,4,5,5,5,4,2,4,3,4,3,4,Does not change
608,No,Yes,No strong feelings (neutral),5,5,4,2,5,4,3,4,3,3,2,2,3,1,3,3,2,4,2,3,4,Positive
2998,Yes,Yes,More motivated to protect others,5,5,4,4,5,3,5,4,3,1,4,3,1,2,3,2,1,4,1,1,2,Much more positive
1709,Yes,Yes,No strong feelings (neutral),3,4,4,5,5,5,5,4,3,2,3,4,3,4,4,1,1,1,1,2,1,Positive
2211,No,Yes,More motivated to protect others,4,4,5,4,4,5,4,5,5,1,4,2,1,1,3,3,1,1,2,1,1,Does not change
3767,No,No,No strong feelings (neutral),3,3,1,2,3,3,2,4,2,4,2,4,4,5,3,3,5,5,5,4,4,Negative
977,No,Yes,No strong feelings (neutral),4,2,5,2,4,4,3,5,2,2,4,5,5,1,3,1,1,4,2,2,2,Does not change
919,No,No,"More confident in vaccines, Overwhelmed",4,1,4,3,1,2,4,4,1,3,2,5,3,2,4,4,4,3,2,5,1,Negative
3935,No,Yes,NA,3,2,4,5,3,2,4,1,4,5,1,4,5,5,4,1,2,2,3,5,1,Does not change
688,Yes,Yes,More motivated to protect others,5,3,3,4,5,4,2,1,3,2,2,1,2,1,1,3,1,2,3,2,1,Does not change
2073,Yes,Yes,"More confident in vaccines, Overwhelmed",5,3,2,2,3,5,3,3,4,3,5,4,5,2,5,1,3,5,4,1,5,Does not change
3115,Yes,No,More confident in vaccines,5,4,5,5,4,5,4,4,3,2,3,1,2,3,3,4,2,1,3,3,1,Much more positive
2593,Yes,No,No strong feelings (neutral),5,4,5,3,5,2,4,4,3,4,2,5,4,1,2,4,1,4,5,3,4,Much more negative
4679,Yes,No,More motivated to protect others,3,2,5,3,2,5,3,4,1,2,4,4,1,1,2,5,3,3,3,4,3,Positive
1285,Yes,No,No strong feelings (neutral),2,2,5,2,1,5,5,1,1,5,3,5,2,3,5,4,4,4,4,3,4,Does not change
3999,Yes,No,More confident in vaccines,5,3,3,4,5,1,3,5,3,1,3,1,3,2,1,2,3,1,2,2,2,Does not change
4108,No,Yes,No strong feelings (neutral),4,3,4,5,5,3,4,2,1,2,2,2,4,2,2,3,2,1,3,3,3,Does not change
4769,Yes,Yes,No strong feelings (neutral),5,1,5,5,2,4,3,4,4,4,3,3,5,1,4,5,4,4,4,3,3,Does not change
2785,No,No,"More confident in vaccines, More anxious about side effects",2,5,3,3,2,3,5,3,2,1,2,3,2,1,4,2,4,2,2,2,4,Negative
4007,Yes,Yes,More confident in vaccines,1,2,2,2,3,5,2,2,5,3,2,5,1,3,4,1,4,3,2,3,2,Does not change
2689,Yes,Yes,More confident in vaccines,5,5,5,5,5,5,5,4,3,2,3,4,2,3,3,2,1,3,1,2,1,Much more positive
2445,Yes,No,No strong feelings (neutral),4,5,2,4,2,3,1,3,3,3,3,5,4,4,3,2,3,4,3,5,3,Does not change
3313,Yes,Yes,More confident in vaccines,4,5,1,2,2,2,4,2,2,1,3,3,2,1,1,2,2,4,4,5,4,Positive
3279,Yes,No,More confident in vaccines,5,2,5,3,3,4,2,4,2,1,1,2,4,2,2,3,1,1,5,1,1,Positive
3476,No,No,Overwhelmed,5,4,3,1,5,5,2,1,4,1,5,1,1,2,5,2,2,3,2,4,2,Does not change
4351,Yes,Yes,More motivated to protect others,1,1,5,2,5,1,3,2,2,4,2,3,2,2,1,1,1,4,4,3,4,Does not change
3807,Yes,No,No strong feelings (neutral),3,5,5,4,1,5,3,4,3,1,5,5,4,1,5,4,4,2,2,4,3,Does not change
464,No,Yes,No strong feelings (neutral),4,5,3,4,3,2,2,4,3,3,3,1,2,1,2,3,3,3,5,2,3,Does not change
1191,Yes,No,NA,5,4,4,2,1,1,3,3,3,3,4,4,1,2,2,2,2,4,5,3,4,Does not change
1621,No,No,More confident in vaccines,2,5,4,4,3,3,3,3,1,3,4,5,1,1,1,2,1,1,2,2,2,Much more negative
2269,No,No,NA,4,4,2,3,5,1,1,3,2,4,2,4,5,3,5,3,5,2,5,5,5,Does not change
3320,Yes,Yes,More anxious about side effects,5,1,5,1,3,3,3,5,2,1,1,5,1,5,3,2,1,5,1,5,4,Does not change
2724,No,Yes,No strong feelings (neutral),3,1,3,2,5,5,3,2,3,3,3,3,5,5,4,2,5,3,1,3,1,Negative
2826,No,No,NA,1,2,2,4,1,5,3,4,5,5,5,5,5,4,4,2,2,2,5,4,5,Does not change
4408,Yes,No,NA,5,4,4,5,3,4,3,2,1,1,4,3,3,4,3,5,2,4,2,2,2,Does not change
3850,Yes,Yes,More confident in vaccines,5,4,2,5,5,4,3,2,1,1,1,5,2,3,1,2,4,2,2,1,3,Does not change
2050,No,No,More confident in vaccines,5,5,2,5,4,5,2,4,1,1,1,3,2,3,2,2,1,3,4,3,4,Does not change
1736,No,No,No strong feelings (neutral),5,3,4,5,4,5,2,3,3,5,3,3,5,1,1,3,2,2,3,1,3,Negative
4963,Yes,Yes,No strong feelings (neutral),5,3,5,4,4,5,5,5,2,1,1,1,3,5,4,4,3,1,2,2,3,Negative
4598,No,Yes,No strong feelings (neutral),5,2,3,4,3,3,3,4,1,2,1,1,3,2,3,1,1,5,4,1,1,Much more positive
3872,No,Yes,No strong feelings (neutral),1,4,4,5,4,4,4,2,4,1,3,1,2,1,3,2,5,3,1,3,4,Negative
3811,Yes,Yes,No strong feelings (neutral),3,3,5,4,3,1,1,5,3,4,2,3,5,4,3,3,2,3,5,2,1,Does not change
2639,No,No,No strong feelings (neutral),3,4,5,4,3,1,3,1,4,2,5,1,2,3,3,3,5,1,5,2,3,Does not change
4118,Yes,Yes,NA,2,1,2,2,5,1,3,4,3,4,3,2,5,4,5,3,2,2,5,3,5,Does not change
511,Yes,Yes,More anxious about side effects,5,5,3,3,5,1,3,1,1,4,4,3,1,4,5,4,3,3,3,2,4,Positive
4355,Yes,Yes,More confident in vaccines,5,3,4,2,2,2,5,2,3,1,2,1,1,2,2,2,2,1,1,1,2,Does not change
4915,No,No,NA,2,4,4,5,3,5,3,4,2,2,3,1,4,2,2,2,3,4,2,3,2,Positive
3642,No,Yes,More motivated to protect others,4,3,1,3,5,4,4,4,4,4,3,2,3,1,1,3,3,1,1,1,2,Negative
2550,Yes,No,No strong feelings (neutral),3,5,5,2,5,3,3,1,4,5,3,1,3,5,1,4,2,4,2,4,3,Negative
2530,Yes,No,No strong feelings (neutral),4,4,3,1,5,1,1,4,3,1,1,1,1,1,1,4,4,1,2,4,2,Positive
3533,Yes,Yes,More confident in vaccines,5,4,1,4,2,3,3,4,4,3,1,1,1,1,3,1,2,2,1,1,2,Negative
556,Yes,Yes,More anxious about side effects,5,5,5,2,3,3,2,4,3,4,4,4,3,3,2,1,4,4,3,1,4,Does not change
3873,No,Yes,No strong feelings (neutral),1,3,4,5,4,3,5,2,2,5,5,2,3,4,3,2,2,3,5,1,5,Does not change
261,No,Yes,More confident in vaccines,4,5,1,3,1,2,4,1,5,3,3,3,4,4,5,3,3,5,2,3,2,Does not change
1622,Yes,Yes,More motivated to protect others,5,4,5,2,2,1,3,3,3,4,5,4,3,3,3,2,2,2,3,5,3,Does not change
4986,No,Yes,More confident in vaccines,4,3,4,5,5,4,5,3,2,4,1,1,1,3,2,1,1,2,1,3,3,Much more positive
4467,Yes,No,No strong feelings (neutral),3,5,5,1,4,3,5,3,1,3,3,3,1,2,3,3,2,2,1,5,5,Does not change
441,Yes,No,No strong feelings (neutral),1,5,2,1,1,3,4,3,2,2,3,5,3,5,2,3,5,5,4,3,3,Negative
4320,Yes,No,More anxious about side effects,4,3,3,4,5,1,4,4,2,4,1,1,1,2,4,3,1,1,3,2,2,Positive
4165,Yes,No,No strong feelings (neutral),4,2,5,4,3,5,2,5,3,3,1,3,3,4,5,4,1,4,2,3,3,Does not change
3039,No,No,No strong feelings (neutral),4,2,2,4,4,1,4,3,3,3,1,2,3,2,1,3,5,1,3,4,5,Does not change
3099,No,Yes,No strong feelings (neutral),5,4,3,2,3,3,3,3,3,3,4,5,1,5,4,2,3,2,4,3,4,Does not change
4533,Yes,Yes,More motivated to protect others,5,4,5,1,3,5,2,2,5,3,3,4,1,1,4,1,1,5,2,2,3,Does not change
3408,No,Yes,"More confident in vaccines, More anxious about side effects",4,4,1,1,1,1,5,2,2,5,4,4,4,2,3,3,4,2,5,3,4,Does not change
1777,No,Yes,NA,2,5,5,2,4,5,2,5,4,3,2,2,3,2,3,1,1,4,3,3,1,Positive
4948,Yes,Yes,No strong feelings (neutral),4,4,5,1,5,3,2,3,5,4,3,4,1,2,3,4,1,1,1,3,3,Negative
3490,Yes,Yes,More motivated to protect others,5,1,5,4,2,5,1,1,3,1,3,3,2,3,1,1,4,5,1,4,1,Does not change
2007,No,Yes,More confident in vaccines,5,2,5,3,4,5,5,3,3,3,4,4,1,5,3,2,2,1,1,4,5,Much more positive
1162,Yes,Yes,No strong feelings (neutral),3,3,4,5,4,4,2,4,4,2,1,2,5,2,1,2,3,2,1,1,4,Does not change
1983,No,Yes,More confident in vaccines,3,3,4,3,1,4,2,1,2,1,4,1,2,2,3,2,4,3,1,4,2,Does not change
278,No,Yes,No strong feelings (neutral),2,2,3,3,5,4,3,2,4,5,2,4,4,2,3,2,1,2,3,2,5,Does not change
4977,No,Yes,No strong feelings (neutral),5,5,1,3,4,4,4,5,2,3,2,1,3,2,5,1,3,1,3,3,2,Does not change
97,Yes,No,No strong feelings (neutral),5,4,3,3,3,3,3,2,3,1,4,3,3,2,4,3,1,3,3,2,3,Does not change
3404,Yes,No,More confident in vaccines,5,5,4,5,1,2,5,3,1,3,3,1,2,2,2,3,2,3,1,3,4,Does not change
4648,No,No,Overwhelmed,3,3,5,4,5,3,2,4,5,3,1,3,5,5,4,2,4,3,4,2,4,Does not change
501,No,No,More confident in vaccines,3,5,1,4,1,1,2,2,2,4,4,3,4,2,5,4,3,5,4,4,5,Does not change
1468,No,No,More confident in vaccines,2,3,4,4,1,3,1,2,2,3,2,3,4,1,4,3,1,1,3,1,1,Does not change
1302,No,Yes,More confident in vaccines,1,5,5,3,3,2,1,3,1,4,2,5,4,2,3,5,4,4,5,2,1,Positive
936,Yes,Yes,No strong feelings (neutral),4,5,5,2,4,5,5,4,3,5,4,1,2,5,1,3,3,4,1,2,3,Positive
4561,Yes,No,"Overwhelmed, More anxious about side effects",3,5,5,5,1,5,1,3,3,2,3,2,2,3,4,5,3,3,3,2,2,Does not change
3776,Yes,Yes,No strong feelings (neutral),2,5,5,4,2,5,2,1,2,5,2,2,3,4,2,4,4,5,4,1,1,Positive
2676,No,Yes,"More confident in vaccines, Overwhelmed",3,3,1,2,4,4,2,5,4,3,4,5,3,3,5,5,3,1,2,4,5,Negative
1390,Yes,Yes,No strong feelings (neutral),4,3,4,2,5,4,4,1,2,3,3,4,1,3,4,3,2,1,3,4,1,Does not change
2624,Yes,Yes,Overwhelmed,3,3,5,1,5,3,1,4,4,3,3,2,1,1,5,1,2,4,3,2,4,Does not change
3233,No,No,NA,4,4,4,3,4,4,1,3,1,4,4,4,3,2,2,5,3,4,3,3,2,Does not change
1991,Yes,Yes,More motivated to protect others,4,1,3,3,3,2,2,4,5,2,4,1,2,3,2,2,3,2,3,2,4,Much more positive
3237,No,Yes,NA,5,5,2,4,3,1,3,2,3,3,3,4,4,3,4,2,2,2,5,2,2,Positive
1292,Yes,Yes,No strong feelings (neutral),5,4,5,4,3,4,2,1,3,4,3,1,3,1,2,4,3,3,2,1,2,Does not change
4754,No,No,No strong feelings (neutral),3,5,4,5,3,3,1,2,3,2,1,1,2,3,3,4,4,4,2,1,2,Does not change
1613,Yes,Yes,No strong feelings (neutral),5,5,5,3,4,5,2,3,4,3,3,2,1,1,5,1,3,2,2,4,2,Does not change
3916,No,Yes,More motivated to protect others,5,5,3,5,5,2,2,3,5,1,2,1,2,1,3,3,2,2,1,1,4,Positive
2647,Yes,No,NA,2,1,4,5,1,5,1,2,2,2,2,5,3,2,1,3,5,5,2,4,4,Negative
2865,Yes,Yes,More motivated to protect others,3,3,5,1,2,3,1,4,1,4,4,4,4,1,1,1,2,4,3,3,3,Does not change
1748,Yes,Yes,"Overwhelmed, More anxious about side effects",4,3,2,3,5,3,3,5,5,4,3,5,5,4,5,4,4,4,3,2,1,Positive
1368,Yes,No,More confident in vaccines,4,1,4,5,3,4,3,4,3,4,2,5,5,4,5,2,5,3,4,2,2,Positive
2515,No,Yes,More confident in vaccines,5,4,5,5,3,5,2,4,2,2,3,1,1,1,1,4,2,1,2,1,1,Much more negative
1022,Yes,Yes,No strong feelings (neutral),5,4,1,3,3,5,4,4,4,1,1,2,1,4,3,3,3,5,3,1,4,Does not change
3775,Yes,Yes,More confident in vaccines,3,2,5,4,4,5,3,1,3,4,3,4,1,1,3,1,2,2,1,1,1,Does not change
3637,Yes,No,No strong feelings (neutral),2,3,2,4,4,2,3,1,3,4,2,1,1,4,2,2,3,4,3,3,5,Does not change
678,Yes,Yes,More motivated to protect others,5,2,4,5,4,3,3,3,3,2,1,5,4,3,3,1,3,1,4,1,3,Positive
1472,Yes,Yes,More confident in vaccines,3,4,2,5,3,3,4,3,3,1,3,3,2,3,2,2,1,3,1,1,2,Positive
2842,Yes,No,No strong feelings (neutral),3,3,5,4,5,5,2,2,5,3,3,5,1,1,2,3,3,1,2,3,4,Does not change
1718,Yes,No,No strong feelings (neutral),5,5,5,1,2,5,4,2,1,2,1,1,2,1,2,4,4,5,4,3,3,Does not change
592,Yes,Yes,More anxious about side effects,4,4,1,5,5,5,3,3,3,3,5,4,4,5,4,2,3,2,5,4,2,Much more negative
289,No,No,No strong feelings (neutral),3,4,4,2,2,3,4,3,4,5,3,5,1,5,4,5,4,5,4,1,5,Does not change
2385,Yes,Yes,More confident in vaccines,5,5,5,5,5,3,4,4,4,3,1,2,2,2,3,2,1,4,1,1,2,Does not change
3056,No,Yes,No strong feelings (neutral),3,3,5,5,5,3,2,3,1,2,1,3,2,1,3,1,2,2,2,4,2,Positive
2477,No,No,No strong feelings (neutral),4,1,5,4,3,5,2,3,4,4,4,4,5,1,2,3,3,4,3,1,2,Does not change
642,No,No,No strong feelings (neutral),2,5,4,5,3,4,3,5,4,4,2,3,3,2,4,3,1,3,2,4,4,Does not change
1505,No,Yes,No strong feelings (neutral),4,4,2,3,2,4,5,3,5,3,5,3,2,2,2,1,3,2,5,2,5,Negative
4791,No,Yes,NA,3,4,5,3,5,5,2,5,5,3,3,1,1,2,3,2,1,3,2,2,1,Does not change
2210,Yes,Yes,More anxious about side effects,3,5,4,5,4,5,4,5,3,1,3,3,1,3,5,3,3,1,1,5,1,Positive
943,No,No,No strong feelings (neutral),4,4,2,3,2,3,3,3,3,2,3,3,4,2,2,4,5,5,4,3,5,Negative
588,Yes,Yes,No strong feelings (neutral),2,4,4,3,2,5,5,2,3,1,2,3,2,1,2,3,1,4,5,3,2,Does not change
4020,Yes,No,No strong feelings (neutral),1,5,2,4,2,4,5,3,5,2,5,5,4,5,2,4,4,5,4,1,4,Much more negative
3945,No,Yes,More motivated to protect others,1,3,5,4,5,1,3,4,3,4,2,4,2,3,4,3,4,2,1,2,3,Positive
4969,No,Yes,No strong feelings (neutral),3,2,5,4,2,4,2,2,3,2,3,5,4,3,4,5,4,3,1,2,3,Does not change
3107,No,Yes,No strong feelings (neutral),3,5,5,3,4,4,4,3,4,5,3,4,4,2,3,2,5,4,3,3,2,Much more positive
703,Yes,Yes,More confident in vaccines,3,1,2,3,4,5,2,1,4,2,4,1,1,2,1,1,1,2,1,3,1,Does not change
4979,No,No,No strong feelings (neutral),5,5,2,1,5,3,2,4,2,5,2,2,3,4,1,5,2,2,4,3,5,Much more negative
1852,Yes,Yes,"More motivated to protect others, More anxious about side effects",5,5,1,4,2,4,2,4,2,4,3,3,4,1,2,4,2,2,1,2,2,Does not change
3469,Yes,Yes,Overwhelmed,3,3,2,3,3,5,1,3,4,3,3,5,3,3,5,1,5,3,2,4,3,Does not change
2302,No,Yes,More motivated to protect others,5,4,1,1,3,2,3,2,5,4,1,3,1,2,1,1,3,2,2,2,2,Does not change
4792,Yes,No,No strong feelings (neutral),5,1,5,3,4,1,5,5,5,3,3,4,2,2,4,1,4,4,2,2,2,Does not change
1915,Yes,Yes,"More confident in vaccines, Overwhelmed, More anxious about side effects",3,4,4,5,1,3,3,5,2,2,5,4,1,4,4,2,3,2,5,3,1,Does not change
3400,No,No,No strong feelings (neutral),3,4,5,3,2,3,2,5,3,1,2,2,4,2,2,2,3,2,5,2,3,Does not change
221,Yes,Yes,No strong feelings (neutral),3,2,4,2,5,4,4,4,2,3,5,3,2,4,4,3,4,3,3,3,3,Negative
3038,No,Yes,No strong feelings (neutral),5,1,1,1,2,3,1,3,1,3,3,4,3,2,3,3,3,5,2,4,5,Does not change
4480,Yes,No,No strong feelings (neutral),5,5,2,4,5,4,4,3,3,3,4,2,4,4,1,4,3,5,4,3,5,Does not change
4391,Yes,No,More confident in vaccines,2,5,4,5,3,4,3,4,3,5,1,5,2,2,3,1,3,3,2,1,4,Does not change
3658,Yes,No,No strong feelings (neutral),2,2,4,1,2,2,2,3,3,2,3,2,4,4,2,4,2,2,1,4,3,Does not change
3985,Yes,Yes,No strong feelings (neutral),3,5,2,5,2,5,1,2,3,1,1,4,4,3,1,2,1,3,1,2,5,Positive
2656,No,Yes,More confident in vaccines,3,5,3,5,2,5,2,5,4,1,4,2,5,1,1,3,3,1,1,3,3,Does not change
3851,Yes,No,NA,2,1,4,4,5,5,2,5,5,2,2,1,2,4,4,2,2,3,2,3,4,Does not change
2884,No,No,No strong feelings (neutral),4,2,2,4,4,4,2,5,4,1,1,5,5,3,2,4,5,3,4,1,1,Does not change
2671,Yes,Yes,More confident in vaccines,4,5,5,2,4,4,5,3,1,1,1,4,3,2,2,2,4,1,1,4,2,Does not change
2240,No,Yes,No strong feelings (neutral),4,5,3,4,3,2,3,4,4,4,3,2,2,1,4,2,2,2,1,1,4,Much more negative
875,No,No,No strong feelings (neutral),3,1,1,1,3,4,2,4,2,5,1,2,4,4,1,3,4,5,5,3,4,Does not change
204,Yes,Yes,More confident in vaccines,5,5,4,5,5,5,4,2,2,3,1,1,5,2,1,1,4,1,2,1,3,Much more positive
273,No,No,More confident in vaccines,4,5,5,5,4,3,2,4,2,1,5,3,3,1,4,1,2,2,1,3,5,Does not change
1439,No,No,No strong feelings (neutral),5,2,5,3,4,4,3,5,5,4,5,4,2,1,5,1,3,1,1,1,4,Does not change
570,Yes,Yes,More confident in vaccines,5,5,1,5,4,2,4,3,3,2,2,1,4,1,2,2,4,3,1,1,5,Does not change
3273,No,No,Overwhelmed,5,5,2,5,3,5,2,4,2,2,4,5,1,2,4,1,2,3,4,3,3,Does not change
1159,Yes,Yes,NA,2,1,2,3,1,4,1,1,3,1,3,3,4,4,3,5,1,4,4,5,4,Much more negative
4152,Yes,Yes,More motivated to protect others,4,2,2,3,2,2,1,1,1,4,3,5,2,2,3,1,4,1,1,5,2,Much more negative
3754,No,No,No strong feelings (neutral),3,1,4,2,3,3,2,4,2,2,3,4,3,5,4,5,5,5,5,4,5,Does not change
3310,Yes,No,More confident in vaccines,5,2,5,4,5,2,1,5,3,1,3,3,4,2,2,1,4,1,1,1,4,Much more positive
4409,No,No,NA,1,5,2,3,4,5,1,2,2,5,4,4,5,5,5,4,1,1,5,4,5,Negative
3384,No,Yes,No strong feelings (neutral),4,2,2,5,1,3,3,2,4,2,3,5,3,4,3,3,3,3,3,2,5,Negative
4267,Yes,Yes,"More confident in vaccines, More anxious about side effects",2,5,5,3,1,2,4,1,2,1,3,3,2,1,2,1,3,1,2,2,3,Negative
822,Yes,No,No strong feelings (neutral),4,5,1,5,5,2,2,2,2,4,1,3,3,3,2,5,2,3,3,3,3,Negative
297,Yes,Yes,NA,2,4,3,1,4,3,5,1,2,3,4,3,1,4,2,2,1,1,3,1,4,Much more positive
317,Yes,Yes,More confident in vaccines,3,2,2,3,5,2,4,3,4,4,4,1,1,4,5,1,5,4,3,2,1,Positive
2114,No,No,No strong feelings (neutral),5,4,5,4,5,3,2,3,1,4,3,2,1,2,2,3,2,2,2,1,2,Does not change
3498,No,No,No strong feelings (neutral),4,2,3,2,5,4,2,4,1,2,4,3,4,2,3,4,3,3,1,5,3,Much more negative
3159,No,Yes,More confident in vaccines,5,5,5,5,5,2,5,2,2,1,1,1,4,2,1,2,4,5,1,3,2,Does not change
668,Yes,No,No strong feelings (neutral),2,1,4,4,3,1,5,4,4,2,5,3,4,4,4,5,2,5,2,3,2,Much more negative
1386,Yes,No,No strong feelings (neutral),3,5,5,4,3,1,5,5,2,1,3,2,5,4,2,2,2,5,3,3,3,Does not change
4626,Yes,No,More confident in vaccines,2,2,2,3,2,3,4,3,2,5,2,3,4,2,5,1,2,4,3,5,5,Positive
715,No,Yes,"More motivated to protect others, More confident in vaccines",2,5,5,5,4,3,5,1,3,4,3,1,1,2,1,1,4,4,1,1,2,Positive
4797,No,Yes,No strong feelings (neutral),3,3,1,1,2,4,4,3,4,5,3,4,3,4,5,3,1,3,4,4,2,Does not change
3660,No,Yes,No strong feelings (neutral),5,2,2,2,3,3,2,3,3,3,4,5,5,4,4,5,3,4,5,3,5,Does not change
3796,No,Yes,More confident in vaccines,3,5,3,3,3,5,4,4,3,4,1,3,3,4,3,1,2,1,1,3,3,Much more negative
4706,No,Yes,No strong feelings (neutral),4,2,4,4,4,5,5,5,3,2,1,4,4,1,3,3,2,4,4,2,2,Much more positive
2469,Yes,No,More confident in vaccines,4,5,4,5,4,4,4,5,2,3,1,1,1,5,4,1,4,1,4,3,3,Much more negative
1176,No,No,No strong feelings (neutral),5,4,1,4,1,4,5,4,2,4,4,2,2,5,1,1,1,3,3,2,3,Positive
4154,Yes,Yes,NA,5,4,5,2,5,1,2,2,4,1,4,2,3,2,2,1,5,4,3,3,1,Does not change
558,Yes,Yes,More anxious about side effects,4,1,5,3,3,3,1,3,3,2,2,4,3,4,4,3,4,4,3,4,4,Negative
445,Yes,Yes,No strong feelings (neutral),1,1,2,4,2,5,3,2,3,4,4,3,4,5,5,2,2,2,3,1,3,Negative
2500,Yes,Yes,Overwhelmed,4,5,3,5,3,3,3,4,4,3,5,3,5,5,1,2,4,5,4,1,3,Negative
4912,No,Yes,NA,3,4,4,5,4,1,4,5,2,5,1,4,2,1,5,3,4,1,3,3,3,Does not change
3626,No,No,Overwhelmed,2,5,2,4,4,4,4,4,1,3,3,3,4,3,5,4,4,4,3,5,4,Positive
2989,Yes,No,No strong feelings (neutral),5,2,3,4,2,3,3,3,1,3,3,4,2,4,5,4,5,5,5,2,2,Positive
2423,Yes,Yes,More confident in vaccines,3,2,4,3,3,3,4,5,1,2,3,1,3,1,3,3,4,2,1,3,1,Does not change
2637,No,No,No strong feelings (neutral),4,3,5,2,5,4,2,5,4,1,3,5,3,1,2,4,2,1,2,1,1,Does not change
2287,No,Yes,More confident in vaccines,3,5,4,3,3,1,5,4,3,1,2,3,3,1,4,1,2,3,3,3,3,Does not change
14,No,Yes,More anxious about side effects,2,4,3,3,3,4,1,3,3,3,2,2,4,1,4,3,5,3,4,3,3,Does not change
1560,Yes,No,More confident in vaccines,3,2,4,4,2,5,4,5,4,5,1,2,5,3,2,2,2,5,4,3,3,Positive
2859,No,Yes,No strong feelings (neutral),5,5,5,5,4,5,2,3,3,4,3,3,2,5,4,2,1,2,2,2,3,Much more negative
3537,No,No,No strong feelings (neutral),4,5,4,2,1,3,1,1,5,3,5,4,3,2,2,1,2,3,5,4,2,Does not change
2560,No,Yes,No strong feelings (neutral),5,5,4,5,2,5,5,2,3,2,2,4,4,3,5,3,2,3,3,4,2,Does not change
4918,Yes,Yes,More confident in vaccines,5,4,5,5,3,4,2,2,4,3,2,1,1,1,2,1,1,2,1,1,2,Positive
429,Yes,No,No strong feelings (neutral),2,4,2,4,3,3,2,1,3,4,5,5,2,5,5,5,5,4,4,2,5,Does not change
93,No,No,NA,2,5,5,2,4,3,1,4,2,3,2,5,1,5,5,2,4,4,2,4,4,Does not change
824,No,No,No strong feelings (neutral),2,2,5,5,5,3,3,5,4,2,5,1,5,1,3,5,2,4,4,5,1,Does not change
2962,Yes,No,"More confident in vaccines, More anxious about side effects",2,5,4,5,2,5,2,1,4,5,1,1,2,2,5,2,3,1,1,3,5,Does not change
3705,No,Yes,NA,4,5,5,3,4,4,5,3,4,5,5,5,4,5,4,3,3,1,3,5,3,Does not change
2134,Yes,Yes,No strong feelings (neutral),4,1,4,3,5,3,2,3,4,4,1,3,1,3,4,2,1,3,2,5,4,Does not change
1701,No,No,No strong feelings (neutral),5,4,1,5,4,4,1,1,4,1,1,3,5,1,1,3,3,5,3,1,2,Does not change
2524,No,No,NA,1,4,4,2,5,4,2,5,3,2,3,4,4,5,5,2,5,4,4,3,3,Does not change
4943,Yes,No,No strong feelings (neutral),2,4,3,2,1,5,2,5,4,2,5,3,4,1,3,2,1,2,1,2,3,Negative
785,Yes,Yes,"More confident in vaccines, More anxious about side effects",3,1,2,3,1,4,5,4,1,3,1,4,3,4,1,3,4,2,2,1,3,Positive
3199,Yes,Yes,More confident in vaccines,5,3,5,3,4,5,3,5,1,1,3,3,5,1,1,1,2,2,2,4,2,Much more positive
2828,No,No,No strong feelings (neutral),5,4,3,3,3,1,3,4,2,1,3,3,2,4,2,5,2,2,5,3,1,Negative
4871,Yes,Yes,More confident in vaccines,5,3,5,4,4,5,4,3,5,1,3,2,5,1,3,2,1,5,2,3,1,Does not change
4114,Yes,No,More confident in vaccines,2,3,4,5,5,5,4,2,3,3,2,1,3,2,2,2,3,2,5,1,2,Positive
861,No,No,No strong feelings (neutral),3,5,4,4,5,1,2,2,2,4,1,4,1,3,3,4,5,4,5,4,3,Does not change
2881,No,No,No strong feelings (neutral),2,2,3,2,5,5,3,1,2,4,5,3,3,5,5,3,3,3,5,5,3,Does not change
2614,Yes,Yes,"More confident in vaccines, Overwhelmed, More anxious about side effects",1,5,5,4,2,5,4,2,1,4,1,2,1,3,5,2,2,3,2,4,1,Positive
4144,Yes,Yes,More anxious about side effects,2,5,4,2,2,1,4,4,2,3,3,4,4,4,5,4,1,3,3,1,3,Does not change
2184,No,No,No strong feelings (neutral),2,1,2,4,5,1,5,4,2,4,4,4,3,2,5,4,5,3,2,1,5,Does not change
1933,Yes,Yes,No strong feelings (neutral),3,5,4,2,5,2,2,1,2,2,3,3,1,3,1,1,3,2,5,4,1,Positive
3278,Yes,Yes,No strong feelings (neutral),5,5,2,3,4,4,2,2,2,5,3,4,2,1,3,1,3,3,3,4,4,Does not change
816,Yes,Yes,No strong feelings (neutral),3,1,1,4,2,4,4,3,4,4,4,3,5,4,5,5,4,5,5,4,4,Does not change
2444,Yes,Yes,More confident in vaccines,3,3,1,5,5,5,5,3,5,1,2,2,2,3,3,1,1,1,2,1,2,Does not change
1829,No,No,No strong feelings (neutral),5,5,4,5,2,4,4,4,5,3,5,3,5,5,5,5,5,3,4,1,5,Negative
4276,Yes,Yes,"More motivated to protect others, More confident in vaccines",5,5,5,4,5,4,4,4,3,3,3,2,2,1,3,2,1,5,1,2,4,Much more negative
1572,No,No,More motivated to protect others,5,5,5,5,2,5,4,2,3,1,4,3,1,2,1,2,1,1,3,5,1,Positive
1649,No,No,No strong feelings (neutral),5,1,3,4,3,2,2,5,1,2,1,3,1,1,2,3,4,3,2,4,4,Does not change
1591,Yes,Yes,More confident in vaccines,4,5,4,5,2,1,3,4,2,3,4,1,4,2,4,3,4,1,3,1,4,Much more positive
4489,Yes,Yes,No strong feelings (neutral),5,4,4,5,3,5,4,3,5,1,1,2,1,1,1,3,2,1,3,1,4,Much more positive
1721,Yes,No,More motivated to protect others,4,2,3,3,2,5,1,4,4,2,4,4,4,2,5,3,3,4,1,1,3,Much more positive
4521,No,No,No strong feelings (neutral),5,2,4,4,2,5,1,3,4,1,3,3,2,3,4,5,2,5,3,4,3,Much more positive
1578,No,Yes,"More confident in vaccines, Overwhelmed",4,4,3,3,2,5,2,1,1,4,2,2,1,1,4,3,5,2,2,4,2,Does not change
2062,No,No,NA,2,1,2,1,2,4,1,2,4,5,1,4,5,2,4,3,4,4,2,2,4,Does not change
490,No,No,No strong feelings (neutral),2,4,5,4,3,1,4,2,2,4,5,3,3,2,5,2,1,5,4,1,3,Does not change
1916,No,Yes,No strong feelings (neutral),4,1,1,4,5,4,1,3,4,3,3,1,2,3,3,5,3,3,4,3,3,Does not change
3662,No,Yes,Overwhelmed,4,4,1,2,3,3,5,2,5,2,3,1,5,1,5,4,2,4,2,3,3,Does not change
4528,No,Yes,More confident in vaccines,2,4,1,5,2,4,4,4,5,1,4,4,4,3,2,2,5,5,1,2,4,Negative
4485,Yes,Yes,More confident in vaccines,4,5,4,1,5,5,5,4,2,2,1,4,1,1,1,3,1,1,2,2,3,Does not change
789,No,No,No strong feelings (neutral),3,3,2,5,1,2,2,2,3,1,3,1,3,1,2,2,2,3,3,3,1,Does not change
1081,Yes,Yes,"More motivated to protect others, More confident in vaccines",5,4,4,3,2,5,1,1,5,4,2,1,1,3,2,4,3,2,1,3,2,Much more positive
1126,Yes,Yes,No strong feelings (neutral),5,5,5,5,5,5,5,4,2,1,1,4,1,1,2,1,1,2,3,4,1,Positive
1262,Yes,Yes,More confident in vaccines,5,4,3,4,4,2,3,5,5,2,4,2,2,1,4,2,4,2,5,2,3,Much more negative
3691,Yes,No,No strong feelings (neutral),5,3,3,1,4,3,5,3,1,2,3,2,3,5,3,2,1,2,2,1,3,Does not change
2175,Yes,Yes,No strong feelings (neutral),5,4,1,3,3,5,4,3,3,3,4,1,4,1,4,4,2,1,1,3,4,Does not change
3394,No,No,No strong feelings (neutral),3,3,3,2,3,3,5,5,4,4,3,3,3,3,2,2,4,5,3,2,3,Does not change
2251,Yes,Yes,"More motivated to protect others, More anxious about side effects",4,3,5,3,2,5,4,3,3,3,4,5,3,1,4,3,5,2,3,1,2,Much more negative
1236,No,No,No strong feelings (neutral),3,3,3,1,5,2,1,3,2,2,5,3,5,2,2,5,4,2,3,1,4,Does not change
3951,Yes,Yes,More confident in vaccines,4,4,5,5,3,5,4,5,4,2,1,1,1,2,4,1,4,4,1,2,1,Negative
2688,No,No,No strong feelings (neutral),5,1,5,5,5,5,3,2,5,1,1,3,4,4,4,5,4,2,2,3,2,Positive
1275,Yes,Yes,NA,1,5,5,5,2,3,3,4,2,1,4,1,1,4,2,3,4,3,2,5,3,Does not change
4322,Yes,Yes,No strong feelings (neutral),5,5,5,4,3,2,2,3,3,2,3,1,1,2,2,2,1,1,3,5,2,Positive
3780,No,Yes,More confident in vaccines,5,5,2,5,5,4,3,4,4,1,2,2,1,1,2,1,1,1,2,4,2,Does not change
2006,Yes,No,More confident in vaccines,2,4,1,5,2,5,3,4,1,4,5,2,3,2,3,4,4,3,2,4,1,Does not change
768,Yes,No,More confident in vaccines,1,5,5,3,3,5,1,4,4,4,5,1,5,4,5,2,4,3,3,2,3,Positive
404,No,No,No strong feelings (neutral),4,4,4,3,3,4,2,4,2,2,2,1,1,4,2,1,4,5,4,4,4,Does not change
266,Yes,Yes,More confident in vaccines,1,3,4,4,4,4,3,2,5,1,2,2,3,3,2,5,1,2,3,4,3,Does not change
4531,No,Yes,More confident in vaccines,3,1,3,5,5,4,4,5,1,3,1,1,2,4,5,2,2,2,3,2,1,Positive
3893,Yes,No,"More confident in vaccines, Overwhelmed, More anxious about side effects",2,2,4,5,2,3,4,4,4,3,4,1,2,2,4,5,5,4,5,1,3,Does not change
845,No,Yes,Overwhelmed,3,3,3,5,5,3,3,4,4,4,2,2,2,3,3,2,1,4,1,4,3,Positive
3207,No,No,"More confident in vaccines, Overwhelmed",1,3,3,2,2,5,3,5,4,2,1,2,3,2,5,3,1,1,3,4,2,Does not change
3622,No,Yes,No strong feelings (neutral),5,4,5,5,5,4,3,1,5,1,1,1,2,1,3,3,4,1,2,2,3,Does not change
1678,Yes,Yes,No strong feelings (neutral),4,3,1,1,3,3,5,1,3,3,5,3,3,2,2,3,5,5,4,4,4,Does not change
468,Yes,No,NA,5,5,4,2,5,3,5,2,2,5,2,3,5,4,2,2,3,3,3,4,5,Negative
1418,Yes,No,No strong feelings (neutral),5,1,3,5,5,4,3,1,2,3,3,3,2,1,1,2,3,3,4,4,3,Negative
3716,Yes,Yes,More confident in vaccines,3,3,3,1,5,1,1,1,5,1,3,4,1,3,3,3,5,3,5,3,1,Does not change
2726,No,No,No strong feelings (neutral),5,5,2,4,4,1,4,1,5,3,4,4,3,3,2,4,4,2,4,5,4,Does not change
1806,Yes,Yes,More motivated to protect others,4,4,4,5,3,5,5,4,3,5,3,1,1,2,1,3,4,1,2,2,1,Does not change
2818,Yes,No,More confident in vaccines,5,2,5,5,4,5,2,3,5,1,2,3,2,1,1,3,2,1,4,3,1,Does not change
173,No,No,No strong feelings (neutral),4,2,4,4,5,4,5,5,3,3,4,1,2,3,1,3,4,2,2,4,1,Does not change
2262,Yes,No,NA,4,5,5,2,4,2,4,3,2,3,3,4,1,2,5,3,4,4,2,3,3,Does not change
216,No,No,NA,4,4,3,1,3,2,4,2,1,5,4,1,5,5,3,2,4,3,3,2,1,Negative
2927,No,No,No strong feelings (neutral),4,1,2,4,2,3,3,2,3,4,2,5,3,5,4,1,4,5,1,4,4,Does not change
4133,Yes,No,No strong feelings (neutral),4,4,5,5,4,5,5,4,2,4,2,4,1,4,2,3,1,1,2,2,5,Negative
1451,Yes,Yes,NA,2,2,5,4,5,5,1,4,3,3,4,3,4,3,4,1,2,4,2,2,1,Does not change
3527,No,Yes,Overwhelmed,5,4,3,4,4,3,4,5,4,2,4,2,1,2,3,1,3,1,4,2,5,Does not change
1433,No,No,No strong feelings (neutral),5,3,3,3,5,4,3,3,1,1,3,2,3,1,3,1,4,1,2,1,5,Does not change
4756,No,Yes,More confident in vaccines,2,3,3,2,3,3,4,3,4,5,4,2,1,4,4,4,2,1,1,2,4,Does not change
2265,No,Yes,NA,2,1,2,4,5,3,2,4,5,2,1,5,3,2,3,2,3,1,3,2,3,Negative
3745,Yes,Yes,Overwhelmed,4,5,2,2,3,5,3,5,2,3,4,3,1,2,5,5,3,3,2,1,1,Does not change
2588,Yes,No,No strong feelings (neutral),5,5,5,4,5,3,2,1,2,2,2,5,5,4,3,4,2,2,3,5,3,Does not change
2502,Yes,Yes,More confident in vaccines,4,3,2,2,4,1,2,3,4,2,4,3,2,3,2,1,1,3,4,1,4,Much more positive
432,Yes,Yes,No strong feelings (neutral),3,5,2,5,2,4,2,3,4,3,4,1,3,3,2,3,3,1,2,1,1,Negative
3348,Yes,Yes,Overwhelmed,5,5,5,1,4,5,4,3,1,2,3,4,4,5,3,4,2,2,4,3,4,Positive
3974,No,No,No strong feelings (neutral),2,3,2,4,2,3,2,1,1,5,1,3,3,4,4,4,5,4,3,2,3,Does not change
1543,Yes,Yes,More motivated to protect others,4,3,4,4,2,2,1,3,3,5,2,2,2,5,4,5,3,1,3,4,3,Does not change
2279,Yes,No,NA,4,4,3,4,2,3,5,5,2,5,3,1,4,3,2,1,5,2,1,2,4,Does not change
1902,No,No,No strong feelings (neutral),4,1,4,3,1,4,3,3,1,2,3,1,4,2,2,1,4,2,5,3,3,Negative
942,No,No,No strong feelings (neutral),5,5,5,4,5,4,2,3,3,3,1,3,3,1,1,2,5,2,2,3,1,Does not change
4926,No,No,No strong feelings (neutral),4,2,2,5,5,4,2,5,3,3,1,3,2,2,1,1,2,2,1,2,1,Much more positive
1535,No,Yes,No strong feelings (neutral),4,5,4,4,5,5,3,1,2,3,2,4,2,3,4,1,4,4,3,1,1,Positive
1620,Yes,Yes,More anxious about side effects,3,2,4,1,5,5,2,4,5,3,1,3,1,3,3,3,2,2,4,3,3,Does not change
1441,Yes,Yes,No strong feelings (neutral),5,5,4,5,5,5,3,5,1,4,3,1,2,5,4,3,2,4,3,2,2,Positive
532,Yes,Yes,More confident in vaccines,5,1,5,4,4,4,1,4,5,1,4,1,3,3,4,1,1,4,1,1,1,Positive
1746,Yes,Yes,More confident in vaccines,5,5,4,5,5,2,3,4,4,2,2,3,1,1,1,2,2,2,3,3,1,Does not change
1533,Yes,Yes,Overwhelmed,4,2,5,5,5,4,5,3,3,2,2,4,4,2,4,3,3,2,3,3,2,Does not change
2565,Yes,No,No strong feelings (neutral),2,5,3,4,5,5,1,3,1,4,1,2,3,1,3,5,2,1,1,4,3,Does not change
157,Yes,No,No strong feelings (neutral),5,4,3,1,5,4,1,1,3,2,5,1,2,4,5,5,5,5,2,5,4,Does not change
1049,No,Yes,Overwhelmed,4,3,3,5,5,4,1,4,5,5,5,3,3,1,5,2,2,2,2,4,2,Does not change
418,No,No,More motivated to protect others,4,4,5,4,4,5,4,1,4,1,1,2,2,1,1,1,3,3,4,3,2,Much more positive
1335,No,No,No strong feelings (neutral),4,3,5,5,3,1,3,4,3,4,1,2,4,1,3,3,3,4,4,3,3,Does not change
410,No,No,NA,2,3,5,3,3,3,2,3,3,4,1,4,3,1,1,2,3,5,2,2,3,Does not change
3362,Yes,No,No strong feelings (neutral),4,5,4,2,1,2,4,2,3,1,2,4,5,4,1,5,1,2,3,1,5,Negative
4854,Yes,No,Overwhelmed,2,4,4,3,2,2,2,3,2,5,5,3,5,4,4,2,1,1,3,3,3,Does not change
2390,No,Yes,More confident in vaccines,5,4,5,5,1,2,4,4,1,4,3,5,1,4,2,1,4,3,2,1,1,Does not change
1790,No,Yes,No strong feelings (neutral),5,4,3,5,4,5,3,2,3,2,3,5,2,2,2,4,4,3,3,4,4,Does not change
1150,No,Yes,NA,4,3,4,5,1,2,1,3,5,4,4,3,1,2,2,3,1,3,1,2,3,Does not change
2166,Yes,Yes,More confident in vaccines,5,5,3,4,3,2,5,1,3,3,1,4,3,1,2,5,5,3,4,1,1,Does not change
193,Yes,No,Overwhelmed,3,4,5,5,4,1,2,3,3,4,5,3,3,3,4,3,5,4,3,3,5,Positive
1803,No,Yes,NA,3,3,2,3,3,2,3,3,1,5,3,1,3,2,4,5,2,4,3,2,1,Much more negative
485,No,Yes,More confident in vaccines,5,5,3,5,5,5,4,3,3,2,2,4,1,2,1,2,4,1,1,1,1,Does not change
4549,Yes,Yes,More anxious about side effects,2,2,3,2,2,4,2,2,4,1,3,3,4,1,3,2,1,5,2,4,3,Much more negative
2953,Yes,No,More confident in vaccines,2,4,3,1,5,5,5,2,1,4,4,3,2,3,3,1,1,1,3,2,3,Does not change
4256,Yes,Yes,No strong feelings (neutral),5,4,5,5,3,4,5,2,3,2,1,1,3,3,1,1,3,1,1,2,1,Does not change
2714,Yes,No,More motivated to protect others,4,2,2,4,3,2,5,5,3,1,4,3,4,1,4,1,1,2,2,1,3,Negative
4275,Yes,No,No strong feelings (neutral),2,5,2,5,2,4,3,2,3,2,4,4,4,4,3,1,3,3,1,2,2,Positive
929,No,No,No strong feelings (neutral),4,2,3,2,3,3,2,5,3,5,2,2,4,3,3,4,5,2,4,3,4,Does not change
1792,Yes,Yes,Overwhelmed,2,3,3,1,5,1,4,2,4,3,2,4,5,4,5,3,5,2,3,2,4,Does not change
4836,Yes,Yes,No strong feelings (neutral),5,3,1,3,4,4,2,3,3,3,3,2,3,1,4,5,3,4,2,3,1,Positive
4828,Yes,Yes,More confident in vaccines,3,4,4,5,1,2,4,5,4,3,5,4,1,1,4,2,4,5,1,2,1,Positive
3810,No,No,No strong feelings (neutral),2,1,4,2,1,1,5,1,3,5,3,3,5,4,5,4,4,5,2,5,4,Does not change
4191,Yes,No,No strong feelings (neutral),2,4,2,3,5,2,4,4,1,1,4,3,5,2,5,3,4,2,4,2,3,Does not change
3698,Yes,Yes,No strong feelings (neutral),5,5,5,5,3,5,2,3,2,2,1,5,4,3,2,4,3,3,3,2,1,Does not change
4005,Yes,Yes,No strong feelings (neutral),5,2,3,1,5,5,5,2,2,3,4,4,3,2,2,1,2,4,2,2,2,Does not change
392,No,No,No strong feelings (neutral),3,5,3,2,3,4,5,4,5,3,4,5,5,2,4,1,5,4,1,4,1,Does not change
4179,No,Yes,No strong feelings (neutral),5,5,2,1,2,1,1,4,3,2,3,4,2,3,4,4,2,5,2,3,4,Negative
3903,No,Yes,More confident in vaccines,4,2,4,4,4,4,1,1,4,4,1,4,1,1,3,1,3,2,5,1,2,Does not change
961,No,No,NA,4,5,4,4,3,5,2,4,1,3,1,1,2,1,3,1,5,3,4,3,2,Positive
649,Yes,Yes,More anxious about side effects,5,4,2,2,5,4,2,2,4,1,2,3,1,4,4,1,1,4,4,1,3,Positive
4149,Yes,Yes,NA,4,4,3,2,5,5,3,2,4,2,3,3,3,3,3,5,3,2,2,3,2,Positive
4440,No,Yes,NA,2,2,2,3,1,3,4,2,4,4,5,3,5,3,5,1,3,4,5,2,5,Does not change
1521,No,Yes,No strong feelings (neutral),5,4,5,3,4,5,4,2,2,4,1,3,4,1,3,1,2,4,3,3,4,Negative
4463,No,Yes,No strong feelings (neutral),1,4,4,4,2,4,4,4,3,3,1,1,3,1,3,3,2,2,3,3,3,Does not change
2820,No,Yes,No strong feelings (neutral),4,2,5,2,2,3,3,4,2,4,1,2,3,2,2,3,2,2,1,4,2,Does not change
2031,Yes,Yes,More confident in vaccines,5,3,2,5,5,3,4,4,2,1,5,3,3,4,3,5,5,1,1,3,3,Does not change
1293,No,Yes,No strong feelings (neutral),3,4,3,4,5,5,2,4,5,3,4,4,3,2,4,2,4,3,4,4,2,Does not change
3319,Yes,Yes,More motivated to protect others,2,4,4,3,5,5,1,3,3,2,3,4,3,2,3,3,3,2,4,1,2,Positive
4699,No,No,NA,1,2,4,1,3,4,3,4,2,1,2,5,3,4,3,5,5,5,4,2,4,Positive
3451,Yes,No,More confident in vaccines,3,5,3,5,5,1,3,3,4,4,4,1,1,4,2,3,2,1,2,2,4,Much more positive
2449,No,No,No strong feelings (neutral),3,4,1,5,5,5,4,1,2,3,1,1,4,2,4,3,4,3,2,4,4,Does not change
3220,Yes,Yes,NA,2,2,3,2,5,4,2,4,4,1,1,1,5,3,1,3,3,2,3,4,5,Does not change
3312,No,Yes,Overwhelmed,5,3,3,3,4,1,3,3,2,2,2,2,3,3,5,1,3,1,4,1,1,Does not change
3865,No,No,More confident in vaccines,4,5,5,5,5,5,1,2,4,3,4,2,2,2,1,3,1,3,2,1,3,Positive
4400,Yes,Yes,"More motivated to protect others, More anxious about side effects",4,3,4,3,2,3,4,3,2,2,5,4,3,1,2,1,5,4,3,3,4,Positive
3414,No,No,NA,3,4,4,3,1,2,2,1,5,1,2,4,4,4,2,2,1,4,1,3,3,Does not change
3486,No,No,"More confident in vaccines, More anxious about side effects",1,2,4,5,1,4,3,2,3,1,3,3,5,3,3,4,3,3,1,1,1,Positive
98,No,No,No strong feelings (neutral),4,5,2,4,4,2,5,1,4,4,5,2,4,3,3,3,2,2,3,4,3,Much more positive
4929,Yes,Yes,Overwhelmed,5,4,3,2,5,5,4,3,4,2,2,5,2,1,5,3,4,4,4,3,2,Does not change
4635,No,Yes,More confident in vaccines,5,5,2,1,5,5,3,2,3,1,1,1,2,4,4,2,2,2,3,4,3,Positive
2735,No,Yes,More confident in vaccines,5,4,3,1,5,5,2,2,1,3,1,1,3,1,3,2,1,1,1,3,2,Positive
3921,No,Yes,No strong feelings (neutral),5,4,5,3,4,2,3,4,3,3,2,1,1,1,2,3,5,4,4,2,4,Negative
4884,Yes,Yes,More confident in vaccines,5,5,5,4,2,5,3,2,2,2,1,3,4,1,4,2,4,4,4,1,2,Does not change
2540,Yes,Yes,More motivated to protect others,3,5,3,4,2,3,1,3,2,1,2,2,4,5,3,1,1,2,1,2,4,Much more positive
3213,Yes,Yes,More confident in vaccines,4,5,4,1,4,2,2,2,5,5,5,1,1,2,3,5,4,1,5,1,1,Does not change
4895,No,No,More confident in vaccines,4,5,5,3,4,2,3,2,2,3,4,1,3,4,1,2,2,1,1,1,1,Does not change
1,Yes,Yes,More confident in vaccines,2,4,1,3,5,4,3,3,3,3,3,1,1,1,4,4,2,4,4,2,3,Does not change
3364,No,No,No strong feelings (neutral),4,5,4,5,3,4,2,1,5,4,1,3,2,1,3,2,1,3,3,2,1,Negative
3410,No,No,No strong feelings (neutral),1,3,2,3,4,5,2,2,3,3,3,4,3,5,1,2,1,4,5,3,5,Does not change
3646,No,Yes,More confident in vaccines,4,5,5,2,3,2,3,4,4,1,1,1,2,1,5,3,2,1,3,3,4,Does not change
101,Yes,Yes,No strong feelings (neutral),2,1,1,2,3,2,2,1,1,4,5,2,3,4,5,5,4,4,5,5,1,Does not change
1006,Yes,No,No strong feelings (neutral),3,1,4,2,2,4,3,3,1,5,4,4,3,4,4,2,5,4,5,5,3,Does not change
4414,No,Yes,"More motivated to protect others, More confident in vaccines",3,5,5,5,3,5,2,2,4,4,2,2,3,2,3,1,2,1,1,1,3,Positive
2823,No,No,No strong feelings (neutral),4,3,5,3,4,2,4,3,4,3,4,4,1,3,3,3,3,2,2,4,1,Much more positive
729,Yes,Yes,NA,5,2,4,5,4,2,2,4,4,5,1,2,4,1,4,4,3,1,3,1,3,Does not change
1973,No,No,"More confident in vaccines, Overwhelmed",2,1,3,1,2,1,1,4,1,3,4,5,3,3,5,5,5,1,4,4,5,Does not change
4776,No,No,No strong feelings (neutral),1,2,1,3,1,1,3,3,3,5,4,5,2,4,2,4,1,5,4,5,3,Does not change
4497,No,No,No strong feelings (neutral),3,2,1,3,4,5,2,3,4,1,5,3,5,5,5,5,4,5,4,3,5,Does not change
2337,Yes,Yes,"More motivated to protect others, More anxious about side effects",3,2,2,3,4,2,3,2,5,4,3,1,1,2,3,4,3,5,3,4,4,Does not change
1693,Yes,No,More anxious about side effects,5,4,2,3,5,2,3,1,5,1,5,2,5,2,2,3,4,4,2,1,2,Much more positive
2323,No,No,No strong feelings (neutral),1,5,1,1,5,5,3,3,2,2,2,5,1,3,2,2,2,4,2,5,3,Does not change
1632,No,No,More confident in vaccines,3,2,5,3,3,3,2,2,2,2,3,4,3,1,2,2,1,2,1,4,4,Much more positive
2630,No,Yes,Overwhelmed,3,3,4,3,5,5,3,4,2,1,4,4,3,2,5,3,2,3,4,3,4,Positive
314,Yes,Yes,More confident in vaccines,5,5,4,4,5,3,1,3,5,1,1,2,1,2,2,3,3,2,2,1,1,Does not change
3112,No,Yes,NA,1,1,4,3,3,1,2,4,5,4,4,2,3,4,2,5,5,3,5,1,5,Does not change
599,Yes,Yes,No strong feelings (neutral),1,1,3,3,2,4,2,3,4,2,5,4,1,4,2,2,5,5,4,5,1,Does not change
27,No,Yes,No strong feelings (neutral),2,5,3,5,2,4,4,4,4,4,5,3,1,3,3,2,3,3,2,5,3,Negative
1111,Yes,Yes,More motivated to protect others,4,5,3,4,5,3,4,2,2,3,1,2,4,1,1,3,2,1,1,3,2,Positive
1976,No,Yes,"More confident in vaccines, Overwhelmed, More anxious about side effects",5,4,4,5,2,4,3,4,3,5,4,3,5,1,5,2,1,3,2,3,1,Does not change
4446,Yes,Yes,More confident in vaccines,3,5,1,2,4,2,1,5,2,1,4,4,3,5,2,3,2,2,2,2,1,Negative
3606,No,No,"Overwhelmed, More anxious about side effects",5,4,3,3,5,2,4,1,5,2,3,4,1,2,5,2,1,1,5,3,4,Does not change
349,Yes,No,No strong feelings (neutral),3,5,3,1,5,4,4,3,3,1,3,5,3,4,3,4,2,5,5,1,4,Does not change
685,Yes,Yes,More confident in vaccines,4,3,3,4,3,4,4,3,4,3,1,5,4,2,2,1,3,1,1,1,1,Positive
1284,Yes,Yes,Overwhelmed,5,3,1,3,1,2,2,3,4,4,1,4,2,1,5,5,2,3,2,4,3,Does not change
3090,Yes,Yes,"More motivated to protect others, More confident in vaccines",5,2,3,2,1,3,2,5,1,3,3,3,2,3,4,5,2,2,5,1,2,Negative
3212,No,Yes,No strong feelings (neutral),5,3,5,5,3,5,3,4,5,2,1,2,2,3,1,4,3,3,1,3,1,Does not change
4076,No,No,No strong feelings (neutral),4,3,2,5,4,1,1,2,2,4,4,3,3,4,3,2,3,1,4,2,4,Does not change
3545,No,Yes,Overwhelmed,5,1,3,5,4,4,2,3,2,3,4,3,1,2,5,3,3,5,4,2,5,Does not change
1668,No,Yes,More confident in vaccines,3,2,3,1,5,5,1,3,3,4,4,3,1,1,2,4,4,1,3,4,3,Does not change
3463,Yes,Yes,No strong feelings (neutral),5,2,5,3,4,2,4,4,2,4,5,1,4,3,2,5,4,3,1,1,5,Positive
4901,No,Yes,No strong feelings (neutral),2,5,4,5,3,3,3,1,5,4,4,3,2,3,4,5,2,3,5,3,2,Does not change
981,Yes,Yes,No strong feelings (neutral),3,3,5,4,5,2,2,2,3,2,4,2,2,1,2,5,2,5,1,4,3,Does not change
980,Yes,Yes,More confident in vaccines,2,2,5,5,4,2,2,1,4,1,5,3,4,1,1,5,1,1,4,1,4,Much more positive
2721,No,Yes,"More confident in vaccines, Overwhelmed",3,4,3,5,3,2,3,4,2,2,1,3,5,4,4,4,5,1,4,2,3,Positive
2032,No,Yes,NA,3,5,3,5,4,4,5,3,5,1,3,2,4,4,2,2,2,2,4,4,4,Does not change
4520,Yes,No,No strong feelings (neutral),4,3,1,2,2,3,2,3,3,4,2,1,1,3,3,5,4,1,2,4,2,Does not change
382,No,Yes,More anxious about side effects,5,3,1,5,1,4,5,4,4,2,1,2,2,1,4,1,5,4,1,3,3,Does not change
1250,No,Yes,No strong feelings (neutral),3,4,2,5,1,2,4,5,3,2,2,3,3,1,1,1,1,3,3,4,4,Much more positive
83,No,Yes,No strong feelings (neutral),2,4,1,1,5,5,3,5,4,5,3,5,3,1,5,3,5,4,2,3,4,Does not change
3815,No,No,More confident in vaccines,5,1,3,3,5,3,1,2,3,1,4,2,3,1,4,3,1,3,5,2,2,Does not change
4122,Yes,Yes,More confident in vaccines,3,5,5,2,3,1,3,1,3,4,3,4,4,3,4,2,3,4,2,3,3,Does not change
1448,Yes,Yes,More motivated to protect others,4,3,1,2,1,4,2,2,2,4,1,2,4,2,2,3,1,2,4,4,1,Does not change
2796,Yes,No,More motivated to protect others,5,5,2,1,5,4,3,3,4,4,2,3,3,1,1,4,1,2,1,3,1,Does not change
2049,No,Yes,More motivated to protect others,5,2,1,5,4,5,2,3,1,3,1,4,4,3,3,1,1,4,1,2,5,Positive
2143,No,Yes,More anxious about side effects,4,2,4,4,5,1,2,3,2,3,3,4,3,1,3,4,4,5,5,3,1,Positive
2843,Yes,No,No strong feelings (neutral),1,5,5,3,2,4,2,4,4,5,4,1,4,5,5,2,3,3,1,4,3,Does not change
1329,Yes,Yes,"More confident in vaccines, Overwhelmed, More anxious about side effects",2,5,2,2,2,3,1,3,4,2,1,4,2,3,5,2,3,3,1,4,2,Does not change
3566,No,No,NA,5,3,4,3,4,1,4,1,3,3,4,4,4,4,4,5,4,4,4,4,4,Does not change
2015,Yes,Yes,More motivated to protect others,5,4,4,5,5,5,3,4,2,2,1,1,4,3,1,1,3,1,2,3,1,Negative
3902,Yes,Yes,Overwhelmed,4,5,4,5,5,5,2,4,3,4,1,1,3,1,4,5,5,2,5,3,3,Positive
4417,Yes,Yes,No strong feelings (neutral),5,4,3,4,3,1,4,2,3,1,5,2,2,3,3,1,5,2,4,3,2,Does not change
3121,No,Yes,More motivated to protect others,5,4,2,4,5,5,3,4,5,3,3,1,4,1,2,1,1,5,2,4,3,Does not change
2851,Yes,No,NA,4,3,5,5,4,3,2,2,4,1,4,1,1,2,2,2,5,3,3,3,1,Positive
3443,Yes,No,Overwhelmed,4,2,1,1,5,3,3,1,4,4,2,2,3,4,1,2,3,2,3,3,1,Much more positive
3179,Yes,Yes,No strong feelings (neutral),2,2,5,5,4,3,1,3,1,3,3,3,1,4,3,2,5,3,4,4,2,Positive
4658,No,Yes,More anxious about side effects,3,1,4,3,3,5,4,3,3,2,3,3,1,3,1,1,3,1,1,3,1,Does not change
298,No,No,Overwhelmed,5,3,2,2,1,1,3,3,1,3,5,1,2,3,4,3,5,4,3,3,4,Positive
543,No,No,No strong feelings (neutral),1,3,3,1,4,3,3,4,4,2,3,5,3,5,4,1,1,4,5,5,1,Much more negative
3569,No,Yes,Overwhelmed,4,1,2,5,5,2,4,4,1,3,4,1,5,3,5,3,5,1,2,3,1,Does not change
2148,Yes,Yes,More motivated to protect others,5,5,5,3,5,4,4,2,3,3,1,5,4,4,1,1,3,3,1,3,1,Positive
3016,No,No,NA,5,4,2,2,4,3,3,3,3,1,2,5,2,4,2,2,2,2,4,4,2,Negative
4545,Yes,No,No strong feelings (neutral),5,5,5,4,2,5,2,1,3,1,4,2,2,3,2,5,2,4,4,2,2,Does not change
3783,No,Yes,No strong feelings (neutral),3,4,2,1,3,1,5,5,2,3,3,5,5,5,4,4,4,4,5,1,4,Positive
1979,Yes,No,More anxious about side effects,4,5,3,4,3,1,2,1,2,5,3,3,2,2,3,1,2,2,2,3,2,Much more positive
1646,No,Yes,No strong feelings (neutral),3,2,1,4,1,4,3,3,2,4,2,5,4,3,2,2,4,5,3,5,4,Negative
1842,Yes,No,NA,4,2,1,3,4,2,1,3,3,3,3,1,3,4,2,5,4,2,4,5,5,Does not change
3547,No,Yes,No strong feelings (neutral),1,2,2,4,2,3,5,4,4,4,5,4,5,1,4,1,5,5,1,3,3,Negative
2748,No,Yes,More motivated to protect others,5,3,5,1,3,5,3,1,5,4,1,1,1,4,3,1,3,1,3,2,1,Positive
2562,Yes,Yes,More anxious about side effects,2,4,2,3,4,2,5,3,2,1,4,1,3,2,1,4,2,3,4,4,2,Does not change
3284,No,No,No strong feelings (neutral),1,5,2,5,4,5,5,1,3,5,2,2,3,1,4,3,2,3,5,5,2,Does not change
814,No,No,No strong feelings (neutral),4,5,4,3,4,4,4,4,1,2,3,3,4,4,4,5,2,3,2,2,5,Positive
578,Yes,Yes,No strong feelings (neutral),5,4,5,4,2,4,1,2,1,1,2,3,3,3,1,4,1,4,4,1,4,Much more positive
343,No,No,NA,3,4,3,1,3,4,3,2,3,2,2,5,1,4,4,1,4,3,1,2,3,Positive
1876,No,Yes,NA,3,4,2,4,1,5,2,4,4,4,4,2,3,5,4,5,2,1,3,2,2,Does not change
841,No,Yes,No strong feelings (neutral),1,5,4,4,4,2,1,2,2,4,4,5,4,4,5,4,3,4,3,1,2,Does not change
1861,Yes,Yes,More confident in vaccines,2,1,2,2,2,1,3,1,3,2,3,5,3,1,5,2,1,4,4,1,3,Does not change
3823,Yes,No,No strong feelings (neutral),1,2,3,4,4,4,5,3,3,4,4,4,5,4,4,3,1,3,3,3,1,Negative
4891,No,No,No strong feelings (neutral),4,4,5,3,4,5,4,4,4,1,5,2,4,4,3,5,3,5,2,3,2,Does not change
2581,Yes,No,More anxious about side effects,4,4,5,5,5,2,3,3,1,3,3,4,2,4,4,5,5,2,2,3,3,Does not change
763,Yes,No,No strong feelings (neutral),4,5,5,3,3,4,5,4,5,4,4,2,3,5,4,4,4,2,1,1,1,Does not change
4366,No,Yes,No strong feelings (neutral),1,1,3,4,2,3,2,1,5,5,1,3,5,4,3,3,4,2,5,3,5,Negative
3467,Yes,Yes,More anxious about side effects,5,2,3,5,4,4,2,2,2,2,3,3,2,4,4,1,1,3,4,2,1,Much more positive
3294,No,No,No strong feelings (neutral),4,1,1,3,3,4,4,3,2,1,2,3,4,4,3,5,4,4,4,2,2,Does not change
1663,Yes,Yes,More motivated to protect others,5,5,3,3,3,3,4,4,5,1,1,1,2,3,1,1,2,2,1,2,4,Negative
575,No,No,No strong feelings (neutral),3,1,2,1,2,3,3,4,1,4,5,5,2,1,5,2,4,5,3,4,5,Does not change
1866,Yes,Yes,More confident in vaccines,5,5,2,2,3,3,4,4,5,4,4,2,3,1,3,3,1,3,3,5,2,Positive
1423,Yes,Yes,More confident in vaccines,5,3,5,4,3,4,3,3,3,4,3,3,1,2,1,2,3,4,2,3,2,Negative
1115,No,Yes,More confident in vaccines,3,3,5,5,1,5,4,2,4,2,2,1,2,1,3,3,3,2,1,3,1,Does not change
2493,Yes,Yes,More motivated to protect others,5,5,5,5,5,5,1,1,2,3,1,2,1,3,4,2,1,4,1,3,1,Positive
2792,No,Yes,No strong feelings (neutral),4,5,2,3,5,1,4,1,3,2,3,1,1,3,3,1,4,1,1,4,1,Much more positive
1564,No,No,NA,2,2,3,4,1,5,4,5,4,4,2,3,1,5,2,3,4,2,3,2,2,Does not change
4700,Yes,Yes,No strong feelings (neutral),4,4,4,4,5,2,2,1,1,4,3,3,2,4,4,2,3,1,2,2,3,Does not change
4300,Yes,Yes,No strong feelings (neutral),3,3,3,4,4,5,4,4,2,4,3,2,1,1,4,1,3,4,2,4,5,Does not change
530,Yes,No,NA,1,1,2,1,4,5,3,2,4,4,4,3,3,3,3,1,5,3,2,3,5,Does not change
4329,Yes,No,More anxious about side effects,1,2,4,5,5,2,2,2,1,3,3,3,3,2,4,3,2,1,1,5,3,Does not change
254,No,No,No strong feelings (neutral),3,4,2,1,2,5,4,3,4,5,5,4,3,5,3,4,5,4,2,3,2,Negative
1779,Yes,Yes,More confident in vaccines,3,5,3,3,3,2,4,2,3,1,1,4,3,3,3,5,4,1,3,3,1,Does not change
4147,No,No,No strong feelings (neutral),3,2,3,5,2,3,4,3,3,4,3,1,4,1,1,4,5,2,5,3,3,Does not change
2871,No,Yes,More confident in vaccines,3,4,5,4,2,4,2,3,4,4,2,2,1,1,1,1,4,3,1,2,3,Does not change
1898,Yes,Yes,More confident in vaccines,3,4,2,3,4,2,2,4,2,5,2,5,3,3,1,2,3,3,4,3,3,Does not change
1831,Yes,Yes,No strong feelings (neutral),4,3,2,5,4,4,2,3,3,3,1,1,2,2,2,2,1,1,1,4,2,Does not change
3629,Yes,Yes,More confident in vaccines,5,1,5,1,5,3,4,1,3,3,4,1,1,3,3,2,4,3,1,3,3,Negative
2355,No,No,NA,2,3,1,2,4,2,3,4,1,5,2,5,3,4,4,3,5,3,4,5,4,Does not change
4696,No,Yes,More confident in vaccines,4,4,1,5,2,3,2,3,3,1,1,1,3,4,1,2,1,3,1,3,1,Does not change
4077,No,No,More confident in vaccines,5,2,2,1,2,1,4,3,3,5,5,1,3,3,2,5,2,1,1,2,2,Does not change
2827,Yes,Yes,No strong feelings (neutral),4,5,5,4,3,5,3,1,5,5,5,2,2,5,2,3,1,3,3,2,1,Does not change
3751,No,Yes,More confident in vaccines,5,4,4,3,2,5,2,2,3,1,3,3,2,1,3,2,3,4,3,3,1,Much more positive
859,Yes,Yes,More confident in vaccines,4,3,3,4,3,4,4,5,2,1,1,2,1,3,2,2,2,2,1,1,1,Positive
3482,Yes,Yes,More confident in vaccines,3,2,5,5,3,4,5,4,2,2,1,1,4,3,3,1,2,1,3,2,1,Does not change
1492,No,No,More confident in vaccines,5,3,4,3,3,3,3,4,5,1,3,2,1,2,3,2,5,3,3,3,2,Positive
3406,Yes,Yes,More confident in vaccines,2,5,4,2,3,4,1,5,2,2,4,1,4,1,1,1,2,5,4,3,2,Does not change
3345,No,No,No strong feelings (neutral),4,5,4,2,2,4,1,2,4,2,1,3,5,1,1,3,3,3,3,5,5,Does not change
3046,Yes,Yes,No strong feelings (neutral),3,2,2,2,1,4,1,3,2,2,4,2,3,1,2,5,2,1,3,4,3,Does not change
2058,No,Yes,No strong feelings (neutral),3,5,3,5,2,2,4,4,3,1,5,3,1,3,2,4,2,2,5,3,2,Negative
2526,No,Yes,More confident in vaccines,2,1,2,4,2,4,4,3,3,2,3,2,1,3,2,3,2,3,4,4,3,Does not change
142,Yes,Yes,More confident in vaccines,5,3,5,2,5,4,1,4,2,3,1,3,5,1,2,3,1,3,1,2,5,Positive
4194,No,No,NA,1,4,2,3,4,2,5,2,2,4,2,5,5,5,5,5,5,2,5,4,5,Does not change
4195,Yes,No,More confident in vaccines,4,4,5,4,4,1,4,2,4,3,2,4,2,1,1,4,3,3,5,4,5,Does not change
4327,Yes,No,Overwhelmed,3,1,4,1,4,5,3,4,4,3,3,2,4,3,4,2,5,1,3,2,1,Does not change
988,Yes,No,No strong feelings (neutral),5,5,5,5,5,3,5,2,5,4,1,1,1,2,1,3,3,2,2,1,2,Does not change
4491,No,No,No strong feelings (neutral),3,5,5,2,5,1,3,1,4,2,4,3,2,3,1,3,2,2,2,5,4,Negative
2831,No,No,No strong feelings (neutral),5,1,2,3,2,3,3,2,1,5,4,1,3,2,5,4,5,4,4,3,5,Does not change
1692,Yes,No,No strong feelings (neutral),5,2,3,5,5,4,2,2,2,3,1,2,3,5,5,3,4,1,4,4,1,Positive
4972,Yes,No,No strong feelings (neutral),4,2,3,4,4,4,5,5,2,5,2,3,2,4,3,1,3,2,3,4,1,Does not change
4037,No,No,No strong feelings (neutral),3,3,2,5,1,1,1,2,3,5,5,4,5,5,3,3,5,5,4,5,3,Does not change
2925,Yes,No,No strong feelings (neutral),2,1,3,2,5,2,1,4,4,2,5,3,4,1,1,4,3,2,2,4,3,Does not change
246,Yes,Yes,No strong feelings (neutral),2,3,4,4,3,2,3,3,5,3,1,3,1,2,5,2,5,3,2,1,2,Does not change
470,Yes,Yes,More confident in vaccines,2,3,3,5,2,5,3,3,3,1,2,2,3,1,4,3,3,4,1,3,5,Positive
325,Yes,Yes,No strong feelings (neutral),5,4,3,1,4,3,1,5,2,5,4,3,3,2,4,2,4,4,4,4,3,Much more negative
2587,No,Yes,More confident in vaccines,5,5,4,5,3,3,4,2,3,2,2,2,1,1,2,3,3,4,3,3,3,Does not change
76,No,No,More confident in vaccines,5,4,4,1,3,4,1,3,3,1,3,4,1,1,3,3,1,3,3,2,2,Does not change
3399,Yes,No,No strong feelings (neutral),3,1,2,3,3,1,4,2,2,4,3,2,4,1,2,1,3,2,3,5,3,Negative
2570,No,Yes,No strong feelings (neutral),3,5,5,2,4,1,3,4,4,4,3,1,4,5,5,1,4,3,1,1,4,Does not change
3995,No,No,NA,3,2,4,1,1,3,4,1,2,3,2,5,5,2,5,5,4,1,5,3,5,Negative
281,No,Yes,No strong feelings (neutral),5,3,5,4,5,5,2,3,4,2,3,3,2,1,3,2,2,2,1,1,4,Much more positive
4783,Yes,Yes,No strong feelings (neutral),5,5,1,3,4,2,4,2,3,1,2,1,2,3,2,1,4,2,1,4,4,Much more positive
3329,Yes,Yes,More confident in vaccines,4,3,3,4,5,4,3,2,4,2,5,3,3,3,2,4,4,2,1,1,3,Much more positive
2277,Yes,Yes,No strong feelings (neutral),5,3,3,2,5,2,3,3,5,3,1,1,1,1,3,1,1,5,2,2,2,Positive
147,Yes,No,More confident in vaccines,4,3,3,2,5,5,5,2,4,2,1,4,1,1,1,1,2,3,1,1,3,Much more positive
1438,Yes,No,No strong feelings (neutral),2,3,1,5,3,2,2,4,4,5,5,4,1,4,3,4,3,2,5,4,3,Positive
4585,No,No,No strong feelings (neutral),3,5,4,5,5,3,4,2,3,4,2,1,4,1,3,4,5,1,2,2,3,Does not change
2329,Yes,Yes,More motivated to protect others,5,5,3,4,4,5,2,3,3,2,2,1,1,4,4,3,1,1,3,5,1,Does not change
1100,No,No,More confident in vaccines,3,2,3,3,3,5,2,3,1,4,5,3,2,1,3,4,1,1,2,3,1,Positive
2602,Yes,Yes,More motivated to protect others,5,2,2,2,2,2,2,4,1,4,1,2,5,2,5,2,4,4,2,4,1,Does not change
739,Yes,Yes,"More motivated to protect others, More anxious about side effects",5,2,3,5,3,4,1,2,4,4,4,3,4,1,2,5,4,4,5,3,3,Positive
3172,No,Yes,More motivated to protect others,3,3,1,3,2,3,3,2,1,2,5,5,3,4,5,1,3,1,4,4,1,Does not change
1923,Yes,Yes,More motivated to protect others,5,3,5,3,2,3,4,1,2,1,1,3,1,1,2,3,4,1,1,2,1,Does not change
2462,No,Yes,No strong feelings (neutral),1,3,1,1,2,1,4,2,1,5,1,3,4,5,5,4,4,5,4,2,5,Does not change
170,No,No,NA,5,5,5,5,4,5,4,4,3,3,4,3,4,2,4,5,2,4,3,3,2,Does not change
2267,No,No,No strong feelings (neutral),3,4,4,2,2,2,4,5,2,4,4,2,3,5,2,3,2,3,2,2,2,Does not change
1341,No,Yes,No strong feelings (neutral),5,4,4,2,5,3,1,3,4,1,4,3,1,2,3,4,4,4,4,4,1,Does not change
2529,No,No,NA,4,5,4,4,5,2,1,2,1,4,3,1,3,1,4,3,4,2,2,5,1,Much more negative
88,No,Yes,No strong feelings (neutral),3,2,2,1,4,1,4,2,3,5,1,3,5,4,5,5,4,4,4,4,4,Does not change
3365,Yes,Yes,No strong feelings (neutral),2,4,4,2,4,3,2,3,1,3,4,2,4,3,2,4,2,3,3,1,5,Much more negative
1615,No,No,No strong feelings (neutral),1,1,1,4,3,1,1,4,2,5,5,4,5,4,5,5,4,3,4,4,5,Does not change
2767,No,No,More anxious about side effects,3,2,5,5,5,5,2,5,3,1,2,4,4,2,3,3,5,4,3,5,4,Does not change
2699,Yes,Yes,No strong feelings (neutral),5,2,2,3,5,5,1,3,3,4,4,2,4,3,3,3,1,4,1,1,5,Does not change
2389,No,Yes,More confident in vaccines,5,4,5,3,5,3,3,3,2,3,2,1,2,1,2,2,3,1,3,3,1,Much more positive
4362,No,No,No strong feelings (neutral),4,5,3,2,5,3,2,2,5,4,4,4,4,1,3,2,2,4,2,2,2,Does not change
1589,Yes,Yes,More motivated to protect others,5,2,4,4,1,3,4,1,4,1,1,2,2,3,1,1,3,4,1,3,1,Much more negative
2417,No,No,NA,4,1,4,1,2,5,3,2,4,5,4,4,5,4,4,1,1,4,5,5,3,Negative
1143,No,Yes,More confident in vaccines,4,3,5,3,5,4,1,4,2,1,1,1,2,1,2,4,1,1,2,1,2,Does not change
4602,Yes,No,"Overwhelmed, More anxious about side effects",5,3,4,2,5,2,2,4,2,4,1,4,2,2,5,3,2,3,3,3,1,Does not change
1319,Yes,Yes,NA,5,3,4,4,5,4,4,2,3,2,3,4,2,2,3,2,5,2,3,2,4,Negative
521,Yes,No,No strong feelings (neutral),5,1,4,5,1,4,1,3,1,3,4,2,2,3,4,4,3,3,2,4,1,Negative
2964,No,Yes,No strong feelings (neutral),5,2,5,3,3,1,4,3,3,2,2,3,2,1,5,2,2,2,3,2,3,Does not change
2038,Yes,Yes,No strong feelings (neutral),2,3,3,4,5,4,3,3,3,1,3,1,3,3,2,1,3,1,2,1,1,Does not change
1809,No,No,No strong feelings (neutral),4,4,4,2,3,4,4,2,5,4,5,3,3,1,1,3,2,3,3,1,5,Does not change
975,No,No,NA,1,1,3,2,1,1,3,4,2,3,5,5,3,2,3,3,2,4,4,1,4,Does not change
67,No,No,No strong feelings (neutral),5,3,5,5,3,5,4,1,1,3,1,3,2,3,4,2,4,3,5,2,2,Does not change
1482,No,No,NA,2,4,3,2,2,2,5,2,5,4,2,1,2,4,1,3,4,5,4,3,3,Much more negative
602,Yes,No,No strong feelings (neutral),2,2,2,5,3,5,2,1,2,3,2,3,1,5,2,2,4,5,1,2,2,Does not change
1258,No,Yes,More confident in vaccines,5,3,5,4,5,5,4,5,1,1,2,2,3,1,1,4,1,1,1,1,5,Much more negative
4538,Yes,No,No strong feelings (neutral),2,5,5,3,3,2,2,3,4,5,3,2,5,1,5,4,3,3,5,2,4,Much more positive
1260,No,No,No strong feelings (neutral),3,1,2,5,4,4,3,1,4,3,1,2,3,4,3,5,4,4,4,2,3,Does not change
4213,Yes,Yes,More confident in vaccines,3,3,1,5,2,4,5,1,4,3,3,2,4,1,3,1,3,5,4,4,1,Positive
3221,No,Yes,More anxious about side effects,4,4,1,2,2,3,4,1,3,2,4,3,2,2,1,3,2,2,1,1,2,Negative
4911,Yes,Yes,No strong feelings (neutral),5,1,3,5,5,5,3,4,4,1,1,1,1,1,1,2,5,3,1,2,2,Does not change
1495,No,No,More confident in vaccines,5,2,4,4,3,5,2,2,1,3,3,3,4,2,4,1,4,1,4,1,4,Does not change
1911,Yes,Yes,No strong feelings (neutral),5,4,3,3,4,4,1,2,1,2,3,5,2,2,4,5,2,2,2,2,2,Negative
4458,No,Yes,More confident in vaccines,2,4,4,5,3,3,2,3,1,2,1,3,1,3,4,2,5,2,2,1,1,Does not change
1961,Yes,Yes,More motivated to protect others,5,3,5,3,5,4,2,4,1,3,3,4,5,2,3,3,4,3,2,3,2,Does not change
1910,No,No,NA,3,2,4,5,1,5,2,1,3,1,4,3,2,4,2,3,2,2,2,5,2,Does not change
3236,No,No,No strong feelings (neutral),2,4,1,2,3,4,1,4,3,4,5,4,4,5,2,2,3,1,5,5,5,Negative
4846,No,No,More confident in vaccines,3,4,3,3,1,1,5,3,3,1,2,5,5,3,2,4,3,5,1,5,4,Negative
80,Yes,Yes,Overwhelmed,2,3,3,1,2,1,3,5,2,2,1,1,3,4,4,1,1,1,4,1,4,Does not change
4750,No,Yes,No strong feelings (neutral),5,5,2,4,1,4,3,3,4,1,2,2,2,2,2,4,3,2,4,5,5,Does not change
2763,Yes,Yes,More confident in vaccines,5,3,4,2,5,3,2,2,3,3,1,3,3,1,1,3,4,1,2,2,2,Does not change
2633,Yes,No,No strong feelings (neutral),1,1,1,1,5,3,3,3,5,1,4,2,5,3,4,5,5,5,4,5,3,Much more negative
2929,Yes,Yes,More motivated to protect others,4,3,1,3,2,3,3,3,4,4,4,4,4,3,2,4,4,3,4,2,5,Does not change
4709,No,No,NA,5,4,3,1,1,4,3,2,4,5,4,3,4,3,3,1,3,5,5,3,5,Does not change
2549,No,No,NA,5,3,2,5,4,2,5,4,3,4,1,1,3,4,2,2,4,5,4,4,2,Does not change
4068,No,No,No strong feelings (neutral),4,3,4,1,3,4,4,3,4,2,2,2,3,3,3,1,2,2,4,1,3,Does not change
4243,No,Yes,More motivated to protect others,4,3,4,4,3,3,3,1,3,1,2,3,2,3,5,1,4,3,4,1,3,Positive
2972,No,No,No strong feelings (neutral),3,2,3,5,3,5,2,4,2,1,5,3,4,5,3,2,4,3,4,5,5,Does not change
1913,Yes,No,More motivated to protect others,4,5,3,5,4,5,2,2,2,1,3,3,4,3,1,4,3,1,1,1,1,Positive
900,No,Yes,NA,2,5,5,3,5,3,3,4,2,3,3,2,4,2,3,2,5,3,1,1,3,Does not change
4806,No,Yes,More motivated to protect others,3,4,2,4,1,5,4,1,2,4,1,3,4,2,3,3,2,1,5,4,2,Does not change
3240,No,Yes,Overwhelmed,3,3,3,3,3,4,2,4,3,1,2,2,3,1,5,2,4,1,2,2,4,Positive
3828,No,No,No strong feelings (neutral),2,4,2,1,1,5,2,4,4,4,3,4,3,4,3,3,5,4,1,5,3,Does not change
3969,Yes,No,No strong feelings (neutral),1,1,5,5,1,1,3,2,2,3,1,3,5,1,3,5,2,3,5,5,5,Does not change
4830,Yes,Yes,No strong feelings (neutral),5,5,5,4,5,5,4,3,3,3,2,4,1,1,4,2,1,3,2,4,1,Positive
653,No,No,NA,1,4,4,4,4,2,4,1,3,5,5,2,3,5,5,5,4,5,3,5,5,Does not change
2041,Yes,Yes,No strong feelings (neutral),2,4,1,2,5,2,3,5,3,5,4,2,4,3,5,5,3,5,4,1,5,Does not change
1491,Yes,No,No strong feelings (neutral),4,2,2,4,1,3,2,2,2,5,3,5,2,1,1,2,5,3,1,3,3,Much more positive
2501,No,No,More anxious about side effects,5,2,3,4,3,5,2,4,4,2,3,4,1,3,2,3,5,4,3,1,1,Negative
736,No,Yes,More motivated to protect others,5,3,4,3,5,4,5,2,3,5,1,2,3,3,4,3,1,2,2,1,1,Positive
4444,Yes,No,NA,2,5,2,4,4,4,3,5,5,5,4,1,3,1,3,1,2,4,3,5,5,Does not change
2956,No,Yes,No strong feelings (neutral),3,1,1,1,2,4,2,2,4,5,5,5,5,4,5,3,4,2,1,5,4,Does not change
3685,Yes,Yes,More motivated to protect others,4,5,4,5,5,2,3,3,5,3,2,1,1,3,3,2,4,1,1,5,1,Much more positive
3805,Yes,Yes,No strong feelings (neutral),5,4,2,5,4,5,1,2,3,1,4,1,1,1,1,1,2,3,4,3,2,Does not change
577,No,Yes,More confident in vaccines,1,4,3,4,1,2,3,4,1,1,4,3,5,3,4,2,1,3,4,4,5,Does not change
361,No,No,No strong feelings (neutral),5,2,4,5,2,5,4,4,2,1,5,2,4,4,5,1,3,2,3,4,4,Does not change
655,Yes,Yes,No strong feelings (neutral),4,1,3,1,5,2,3,4,5,3,3,2,4,5,4,2,3,5,2,5,3,Does not change
764,No,No,"More motivated to protect others, More anxious about side effects",3,1,1,2,2,1,3,1,4,5,3,3,2,2,1,1,3,2,1,1,2,Much more positive
3548,No,No,More confident in vaccines,3,2,3,1,2,1,2,3,4,4,3,4,3,1,3,5,4,3,2,3,2,Does not change
2877,Yes,No,No strong feelings (neutral),2,1,3,5,5,4,4,3,4,4,3,5,2,4,4,3,4,4,5,3,2,Does not change
1681,Yes,No,No strong feelings (neutral),2,1,3,3,4,5,4,4,4,2,4,5,4,5,2,3,5,4,4,1,2,Does not change
3002,No,No,No strong feelings (neutral),1,2,1,5,2,2,5,3,4,5,3,5,3,3,2,5,2,1,5,4,5,Does not change
4907,Yes,No,No strong feelings (neutral),4,3,2,1,3,4,2,4,5,5,3,3,5,4,4,3,3,1,4,4,4,Does not change
4504,No,Yes,"More confident in vaccines, Overwhelmed, More anxious about side effects",3,5,3,5,2,5,3,2,1,2,4,2,3,4,4,3,3,3,5,3,2,Positive
811,Yes,Yes,No strong feelings (neutral),2,3,3,5,5,4,2,3,3,1,1,1,4,1,1,3,1,2,3,2,1,Does not change
3117,Yes,No,No strong feelings (neutral),1,4,1,1,2,1,4,4,3,4,3,5,3,3,4,4,4,4,5,4,2,Much more negative
3773,Yes,Yes,No strong feelings (neutral),5,4,5,5,1,4,3,3,5,4,1,3,5,1,3,3,5,5,4,3,4,Does not change
1367,No,Yes,More confident in vaccines,1,5,4,4,3,5,3,2,5,4,1,2,1,3,3,2,1,1,3,2,3,Positive
1229,No,Yes,No strong feelings (neutral),4,5,2,3,4,5,4,4,3,3,2,2,3,2,2,3,3,1,2,5,5,Much more negative
732,Yes,No,More motivated to protect others,4,5,2,5,3,5,4,5,4,3,4,4,3,5,2,1,1,1,4,5,5,Does not change
4940,Yes,Yes,More motivated to protect others,3,4,5,5,1,5,3,4,2,1,1,1,1,1,1,1,1,1,3,3,3,Negative
2663,Yes,Yes,More motivated to protect others,5,3,1,5,1,3,2,3,3,4,1,1,3,5,1,3,1,3,3,3,3,Positive
3018,No,Yes,No strong feelings (neutral),4,4,2,2,3,4,2,3,3,3,4,2,3,4,3,4,4,5,2,5,3,Does not change
1313,Yes,Yes,More anxious about side effects,3,3,3,1,4,2,1,2,3,2,3,2,4,5,4,2,2,3,4,1,4,Does not change
4088,No,Yes,More confident in vaccines,3,3,2,2,4,4,5,5,4,2,1,5,4,3,3,1,2,3,2,2,2,Positive
1148,Yes,No,No strong feelings (neutral),4,3,3,3,3,3,2,2,4,4,5,2,2,2,3,3,2,1,3,1,1,Positive
4200,Yes,Yes,No strong feelings (neutral),4,5,2,5,4,1,5,3,2,1,3,3,1,4,1,1,2,2,3,1,4,Does not change
4650,Yes,Yes,No strong feelings (neutral),1,3,2,5,5,5,3,4,2,1,4,4,4,5,2,1,2,1,2,3,2,Positive
2183,No,No,No strong feelings (neutral),2,2,4,3,5,2,3,4,2,4,2,3,3,4,3,3,2,2,3,2,2,Does not change
3599,Yes,No,Overwhelmed,5,4,4,2,5,1,5,1,3,1,3,4,4,4,5,2,1,3,3,2,2,Does not change
3618,Yes,Yes,No strong feelings (neutral),2,3,1,3,5,4,3,3,3,1,2,2,2,3,2,2,1,1,1,2,2,Negative
1975,Yes,No,No strong feelings (neutral),5,5,3,2,1,3,2,2,1,3,3,5,3,5,2,1,5,2,1,4,5,Does not change
591,No,No,NA,1,5,2,4,5,2,3,4,1,4,2,2,2,4,1,4,5,3,4,1,5,Does not change
396,No,Yes,NA,2,3,5,1,2,3,2,1,4,1,4,2,4,2,4,1,5,3,1,3,4,Positive
2649,No,No,No strong feelings (neutral),3,2,3,5,4,5,2,3,5,1,4,1,1,5,2,1,3,2,2,2,4,Negative
1305,No,No,No strong feelings (neutral),4,5,3,4,2,1,3,3,4,4,1,1,2,3,4,3,3,5,1,5,4,Does not change
1239,Yes,Yes,More confident in vaccines,5,1,3,4,2,3,5,1,4,3,2,5,1,3,3,1,2,3,1,5,1,Much more positive
2119,No,Yes,More confident in vaccines,5,3,3,4,5,4,1,3,1,4,1,1,4,1,2,3,1,3,1,2,2,Negative
4803,Yes,Yes,No strong feelings (neutral),2,3,5,3,5,3,4,2,4,4,3,2,4,2,4,2,1,2,2,1,3,Does not change
933,No,Yes,Overwhelmed,5,4,5,5,5,5,3,1,2,5,1,1,3,3,4,4,5,1,1,4,4,Does not change
1795,No,No,No strong feelings (neutral),5,5,1,5,5,5,3,1,5,4,4,5,4,4,4,3,2,5,3,2,1,Does not change
3485,No,No,No strong feelings (neutral),1,2,4,3,4,3,4,1,4,2,3,2,4,4,4,3,1,4,4,1,1,Does not change
431,Yes,Yes,NA,3,4,3,4,5,1,1,3,5,2,3,2,1,1,2,2,1,2,4,3,5,Does not change
1880,Yes,No,No strong feelings (neutral),2,4,2,1,3,1,2,2,4,2,2,3,3,5,5,4,5,3,4,2,4,Does not change
3597,No,No,NA,5,4,2,4,4,4,4,1,3,4,1,4,1,1,3,2,5,4,2,1,4,Does not change
4482,Yes,Yes,More confident in vaccines,5,2,4,3,5,4,2,3,3,2,4,1,4,4,4,1,1,3,4,1,3,Does not change
3252,No,Yes,"More confident in vaccines, Overwhelmed",5,5,5,5,1,3,5,4,3,2,3,3,2,3,4,2,1,3,4,3,1,Positive
1984,Yes,Yes,No strong feelings (neutral),4,4,3,2,5,4,3,4,1,1,2,2,3,2,2,2,1,2,1,2,1,Does not change
4212,No,Yes,No strong feelings (neutral),1,1,4,4,3,4,3,1,1,4,3,3,5,4,4,4,5,5,2,4,5,Does not change
425,No,Yes,No strong feelings (neutral),3,5,3,2,2,4,4,3,3,2,4,1,1,2,1,5,4,2,2,3,2,Positive
2862,Yes,Yes,More confident in vaccines,3,1,5,1,1,4,5,1,3,3,1,3,4,1,3,4,3,3,5,5,3,Does not change
728,Yes,Yes,More anxious about side effects,5,5,2,3,4,4,2,1,1,1,3,2,2,2,3,3,5,5,2,3,3,Does not change
2819,Yes,No,NA,1,4,3,3,2,5,2,4,1,2,3,4,3,5,5,4,4,2,3,4,3,Much more negative
3455,No,Yes,More confident in vaccines,4,1,2,5,2,1,3,4,4,2,1,4,3,1,5,1,2,3,1,1,3,Negative
363,Yes,No,No strong feelings (neutral),3,5,5,3,5,2,2,3,5,3,2,1,4,2,2,4,3,1,2,2,2,Does not change
3837,No,Yes,No strong feelings (neutral),4,2,5,5,5,5,1,5,3,1,3,2,3,4,3,2,1,2,3,5,2,Does not change
2779,No,Yes,Overwhelmed,1,1,3,1,3,3,2,3,3,3,3,5,4,3,5,4,4,3,3,4,4,Positive
1862,Yes,Yes,No strong feelings (neutral),2,3,1,1,5,3,2,5,4,1,3,5,5,3,4,5,4,4,3,3,4,Positive
2812,No,No,More anxious about side effects,4,5,2,5,5,4,1,2,1,4,4,1,3,3,3,2,3,1,4,2,3,Does not change
4849,No,No,"More motivated to protect others, More confident in vaccines",3,2,1,5,4,2,4,4,4,2,1,3,1,1,3,3,3,3,1,2,2,Does not change
1122,Yes,Yes,More confident in vaccines,5,3,4,4,4,5,4,3,5,3,1,3,2,1,2,4,5,2,1,1,2,Negative
3155,No,Yes,More motivated to protect others,5,3,4,2,2,4,2,4,1,3,1,1,1,2,3,1,1,3,2,3,2,Does not change
918,Yes,Yes,No strong feelings (neutral),2,3,3,1,5,3,4,3,5,2,4,3,3,3,4,2,1,3,3,3,4,Negative
4052,No,Yes,More motivated to protect others,3,2,2,4,3,2,4,1,4,3,2,4,2,4,4,5,3,2,3,3,4,Positive
4190,Yes,No,"More confident in vaccines, Overwhelmed",1,3,5,1,2,5,3,3,4,2,5,2,3,1,5,4,3,1,1,1,1,Does not change
3009,Yes,Yes,No strong feelings (neutral),4,4,1,5,5,2,2,4,4,2,5,3,3,1,3,2,3,4,1,3,2,Does not change
3585,No,No,No strong feelings (neutral),2,3,2,2,2,3,3,1,3,3,3,3,3,4,4,4,3,4,2,2,4,Negative
4722,Yes,No,No strong feelings (neutral),2,1,4,2,2,3,3,1,4,2,1,2,4,3,3,2,2,3,2,1,1,Does not change
1442,Yes,Yes,No strong feelings (neutral),2,1,5,2,5,4,2,3,1,3,1,3,2,2,3,3,2,1,3,4,2,Positive
2519,No,No,NA,4,1,2,1,3,3,2,3,4,3,2,2,2,3,2,3,3,5,5,4,2,Much more negative
3442,No,No,No strong feelings (neutral),4,2,2,3,4,4,3,4,4,3,3,1,3,3,4,3,3,4,2,3,5,Does not change
1950,No,No,No strong feelings (neutral),2,5,2,4,4,1,5,4,4,2,1,5,1,3,3,3,4,2,4,5,5,Does not change
295,No,Yes,"More confident in vaccines, Overwhelmed",5,5,3,4,2,1,3,3,3,4,5,2,2,4,5,3,4,3,4,4,2,Does not change
723,No,No,No strong feelings (neutral),1,2,1,2,2,2,1,4,2,4,4,5,4,2,2,3,4,3,5,5,5,Much more negative
3430,No,No,More confident in vaccines,5,4,4,4,5,4,4,5,3,2,2,1,2,2,1,2,1,1,2,1,1,Positive
2480,Yes,Yes,NA,2,5,5,5,5,3,5,5,5,3,5,2,5,1,3,3,3,4,4,4,4,Does not change
241,Yes,No,No strong feelings (neutral),4,4,2,5,1,2,1,2,1,5,4,5,4,1,4,5,5,4,4,3,5,Does not change
1166,Yes,Yes,Overwhelmed,2,3,3,5,3,2,4,3,4,3,2,4,3,2,5,3,4,4,2,2,3,Does not change
2931,No,Yes,No strong feelings (neutral),1,2,3,2,2,3,4,2,5,5,1,4,2,5,4,5,4,5,4,5,5,Does not change
1957,No,Yes,No strong feelings (neutral),3,2,2,4,3,2,3,3,3,2,2,4,4,5,4,5,1,3,2,2,3,Positive
1038,No,Yes,NA,5,5,5,5,5,2,3,5,1,2,5,3,1,3,2,3,5,2,3,4,3,Does not change
962,No,Yes,More confident in vaccines,5,3,5,2,2,4,3,3,4,3,5,4,3,4,2,5,2,3,4,3,1,Positive
1724,Yes,Yes,More anxious about side effects,4,5,4,4,5,3,3,2,3,5,3,5,4,1,3,5,3,3,1,2,1,Does not change
663,No,No,More confident in vaccines,5,2,5,4,4,5,4,2,4,3,4,3,2,3,1,2,1,2,1,4,1,Negative
4439,No,Yes,Overwhelmed,4,4,2,4,5,3,3,3,4,3,1,4,4,5,5,3,3,2,4,1,4,Positive
2484,Yes,Yes,More confident in vaccines,3,3,5,2,5,3,3,4,4,3,1,3,5,2,3,1,3,3,4,1,3,Does not change
4878,Yes,Yes,Overwhelmed,3,3,1,5,1,5,4,3,5,1,5,3,3,1,4,2,3,3,3,4,5,Does not change
519,No,Yes,Overwhelmed,2,5,5,1,1,4,1,1,1,5,2,2,2,3,5,2,4,5,5,2,4,Does not change
2736,Yes,Yes,More confident in vaccines,5,4,5,4,5,4,2,2,3,3,1,3,1,1,4,4,4,3,2,2,2,Does not change
2414,No,Yes,More confident in vaccines,2,1,1,2,4,5,4,2,1,3,5,3,1,1,3,4,1,3,2,4,1,Does not change
2991,No,No,No strong feelings (neutral),5,2,3,1,3,2,3,4,5,3,5,4,5,4,4,5,5,2,4,5,5,Does not change
4937,Yes,No,No strong feelings (neutral),3,3,1,3,2,4,2,2,4,5,2,4,4,1,2,4,1,3,5,2,3,Does not change
1093,Yes,Yes,No strong feelings (neutral),5,5,2,4,1,5,3,3,3,1,3,2,4,3,2,4,5,1,3,2,3,Does not change
3513,No,Yes,Overwhelmed,5,2,1,2,2,4,3,4,3,4,2,1,3,2,4,4,5,1,1,4,5,Does not change
621,No,Yes,More confident in vaccines,3,2,2,1,2,5,4,1,3,4,5,5,4,3,5,3,4,5,2,5,3,Much more negative
2696,No,No,No strong feelings (neutral),5,2,5,5,2,2,3,4,4,5,5,4,2,5,4,3,2,3,1,3,2,Does not change
107,No,Yes,No strong feelings (neutral),5,3,1,4,1,1,3,4,3,4,3,4,3,1,5,4,3,5,5,3,5,Does not change
3372,Yes,Yes,More confident in vaccines,5,1,1,5,2,1,2,3,4,1,2,1,4,4,3,2,1,2,3,2,4,Does not change
2376,No,Yes,No strong feelings (neutral),1,5,4,5,3,1,2,3,5,2,4,4,4,2,4,4,2,3,4,3,3,Does not change
2892,No,Yes,No strong feelings (neutral),2,2,4,5,4,2,4,5,4,3,5,1,3,1,5,3,3,5,3,2,1,Does not change
1963,No,No,No strong feelings (neutral),2,1,1,4,1,5,3,1,5,2,2,4,3,5,5,3,3,3,3,1,4,Does not change
3210,Yes,Yes,More anxious about side effects,2,5,3,5,3,3,4,3,5,3,3,1,4,5,5,1,1,1,3,4,3,Does not change
4427,No,Yes,"Overwhelmed, More anxious about side effects",5,3,3,5,4,3,1,2,1,2,3,4,3,1,5,5,2,3,5,3,1,Does not change
2995,No,No,No strong feelings (neutral),4,1,4,3,4,3,1,3,2,4,5,2,4,2,2,4,1,3,5,3,2,Does not change
4596,Yes,Yes,More motivated to protect others,5,5,5,3,3,4,4,3,4,1,1,1,1,1,2,1,3,5,2,3,2,Does not change
4685,No,No,No strong feelings (neutral),4,2,5,3,2,4,3,5,4,4,3,3,4,4,4,2,5,1,4,4,2,Does not change
4624,Yes,No,Overwhelmed,1,4,4,4,3,5,2,3,2,1,1,3,1,2,5,5,3,4,3,1,4,Does not change
4527,No,Yes,More confident in vaccines,1,2,1,1,2,5,2,3,3,1,5,4,3,3,2,5,5,3,5,5,2,Positive
1855,No,No,More confident in vaccines,5,3,1,1,3,5,4,3,4,3,1,4,1,1,3,5,1,4,4,1,1,Does not change
2167,No,No,More confident in vaccines,3,3,5,2,4,5,3,2,3,2,4,5,1,2,2,3,1,2,1,2,4,Much more positive
1243,Yes,Yes,More confident in vaccines,5,1,3,2,2,1,1,2,4,3,3,4,2,1,5,4,3,3,2,4,4,Does not change
508,No,Yes,NA,4,1,4,4,3,3,2,4,3,4,4,4,1,1,4,4,5,5,4,3,2,Does not change
1953,Yes,Yes,More motivated to protect others,4,4,2,3,4,5,3,2,4,1,2,3,2,1,3,2,2,2,1,2,2,Does not change
2206,No,Yes,More confident in vaccines,5,5,5,3,2,5,3,5,3,4,4,3,4,1,4,3,2,2,4,3,2,Does not change
550,Yes,Yes,No strong feelings (neutral),3,5,2,3,3,5,3,4,3,5,4,5,5,2,3,2,4,1,1,3,2,Negative
285,No,Yes,No strong feelings (neutral),2,4,4,4,3,2,3,1,2,4,1,1,3,1,1,3,4,1,2,1,2,Does not change
3066,Yes,Yes,Overwhelmed,4,5,5,4,4,1,4,2,2,3,2,3,5,2,5,1,4,3,1,4,4,Does not change
294,No,Yes,"More motivated to protect others, More confident in vaccines",3,4,3,4,3,3,2,2,1,3,2,5,1,3,1,1,4,5,2,1,2,Does not change
1496,Yes,No,No strong feelings (neutral),3,4,5,5,5,5,2,2,2,1,1,4,3,5,1,1,1,1,3,4,2,Does not change
4288,No,Yes,More confident in vaccines,5,3,3,5,4,4,1,3,2,2,2,1,4,5,1,4,2,2,2,4,3,Positive
2381,No,No,NA,2,5,5,1,2,3,3,3,2,2,4,2,2,5,1,3,2,2,1,3,5,Does not change
2652,No,No,NA,1,1,5,5,1,2,3,2,1,4,4,2,4,4,1,5,3,5,5,2,5,Does not change
2245,Yes,Yes,No strong feelings (neutral),2,5,3,3,1,5,2,3,2,2,5,5,3,4,2,2,3,4,2,2,4,Does not change
4517,No,Yes,More confident in vaccines,5,4,5,3,2,5,5,3,5,3,1,1,1,1,1,4,1,2,3,1,3,Positive
2093,No,No,NA,1,4,1,5,4,5,2,3,4,3,4,2,2,2,3,3,4,3,3,1,3,Does not change
2372,No,No,No strong feelings (neutral),5,4,4,3,4,5,3,3,3,3,4,3,3,3,2,4,2,2,5,3,4,Does not change
1766,Yes,Yes,No strong feelings (neutral),5,3,5,2,4,3,3,3,5,2,5,1,4,2,3,3,2,1,4,1,3,Does not change
4909,No,No,Overwhelmed,4,2,3,5,3,3,5,3,4,3,2,4,3,1,5,3,5,5,5,5,3,Does not change
4568,Yes,Yes,More motivated to protect others,4,5,5,4,2,1,3,5,2,1,2,1,2,4,1,2,1,1,4,2,1,Does not change
4498,No,Yes,More anxious about side effects,5,4,5,4,3,2,2,1,3,3,1,2,2,2,2,2,3,2,1,2,3,Does not change
1373,Yes,No,No strong feelings (neutral),1,1,3,3,1,1,2,3,1,2,4,4,2,2,3,5,3,3,5,5,5,Does not change
347,Yes,Yes,No strong feelings (neutral),2,5,1,5,2,5,2,2,4,3,1,4,3,1,1,3,1,1,1,2,1,Does not change
137,No,Yes,Overwhelmed,4,5,4,2,1,2,4,5,3,2,3,1,3,3,1,5,3,5,1,3,4,Does not change
3959,Yes,No,More motivated to protect others,4,5,3,2,3,4,2,4,4,4,3,1,1,3,2,1,3,2,2,2,3,Does not change
1863,Yes,Yes,More motivated to protect others,2,2,4,5,3,3,5,2,1,1,3,1,5,4,4,3,3,2,2,4,1,Does not change
4082,No,No,"More confident in vaccines, Overwhelmed",5,5,2,3,1,5,3,3,1,4,1,1,3,3,4,1,4,3,1,2,1,Negative
4472,Yes,Yes,More confident in vaccines,4,2,1,2,3,5,5,1,2,2,3,3,3,1,3,1,1,1,1,1,4,Does not change
3956,Yes,Yes,Overwhelmed,3,1,5,5,2,2,2,2,5,2,4,4,3,3,5,1,1,4,4,1,3,Negative
3908,No,Yes,No strong feelings (neutral),2,4,4,1,5,3,3,3,4,2,1,2,4,1,5,2,5,1,3,4,2,Much more positive
2670,Yes,No,More confident in vaccines,5,4,2,3,1,2,1,3,2,1,1,3,1,2,1,3,3,2,5,2,1,Does not change
517,Yes,Yes,More motivated to protect others,5,4,2,5,4,5,2,3,1,4,1,2,5,3,2,3,4,4,4,2,2,Does not change
1140,Yes,No,No strong feelings (neutral),2,4,4,1,5,1,4,2,1,1,2,5,1,1,4,2,4,1,1,4,2,Does not change
265,No,No,No strong feelings (neutral),4,1,3,3,3,3,5,4,3,3,3,5,2,2,1,2,4,5,2,4,3,Much more positive
3997,No,Yes,NA,4,3,4,4,5,5,4,5,2,2,1,4,2,4,2,2,1,1,1,3,2,Positive
1870,Yes,Yes,More confident in vaccines,3,2,2,3,1,5,3,4,4,4,3,2,5,4,1,3,3,3,1,4,2,Positive
1626,Yes,No,More motivated to protect others,3,1,2,3,5,5,4,2,3,3,4,1,1,4,4,2,2,3,5,1,3,Much more positive
2124,No,No,NA,2,3,1,3,3,5,4,4,3,1,4,3,3,5,5,4,5,5,5,4,4,Positive
3369,No,No,Overwhelmed,4,3,3,3,2,2,2,5,1,4,3,3,3,1,4,3,4,3,2,5,3,Does not change
2116,Yes,Yes,Overwhelmed,3,3,4,1,1,3,1,2,1,2,3,4,1,4,4,3,3,3,4,3,1,Does not change
654,Yes,No,More motivated to protect others,2,2,2,5,5,4,1,4,2,3,4,3,3,2,4,3,2,4,4,3,1,Does not change
598,No,No,No strong feelings (neutral),5,4,4,3,4,4,3,4,5,3,4,4,5,2,1,4,3,4,2,3,4,Negative
1608,No,Yes,More anxious about side effects,3,3,2,5,4,4,2,4,4,2,3,2,2,1,3,5,1,3,2,2,2,Negative
4720,No,No,No strong feelings (neutral),1,5,4,2,2,2,3,5,3,3,4,2,4,1,3,5,4,1,1,5,2,Does not change
4808,No,Yes,More motivated to protect others,2,2,2,4,4,2,5,2,5,2,2,3,4,5,3,3,3,1,3,1,4,Positive
4962,Yes,Yes,"More motivated to protect others, More confident in vaccines",3,2,4,2,4,2,3,2,4,3,3,1,2,3,3,3,4,3,5,3,3,Does not change
3971,Yes,No,NA,1,1,1,4,1,5,4,4,3,1,4,3,4,5,4,5,2,4,5,4,3,Does not change
3746,No,No,"More confident in vaccines, Overwhelmed",1,1,4,2,2,3,3,3,4,3,3,1,5,3,5,3,5,3,4,5,1,Does not change
3496,No,Yes,No strong feelings (neutral),5,5,4,3,2,5,3,4,3,3,3,3,3,3,4,4,4,1,4,3,5,Does not change
533,No,No,NA,3,4,1,4,4,4,3,5,2,4,1,4,2,1,4,4,2,3,5,1,1,Does not change
2465,No,No,No strong feelings (neutral),4,3,4,3,5,4,2,4,3,2,4,3,3,4,5,4,3,3,2,2,4,Negative
3645,No,No,No strong feelings (neutral),1,3,2,3,3,3,2,4,3,3,2,5,1,2,4,1,2,2,2,3,1,Does not change
3003,No,Yes,Overwhelmed,5,5,4,3,4,3,4,2,3,3,5,2,1,2,4,5,5,3,3,5,3,Does not change
766,No,No,No strong feelings (neutral),4,3,1,5,3,3,1,1,3,4,4,3,5,3,4,5,5,4,4,1,3,Much more negative
13,Yes,Yes,"More confident in vaccines, Overwhelmed",3,4,3,5,3,5,1,2,5,2,2,3,3,2,5,4,3,3,2,5,3,Positive
1832,Yes,Yes,No strong feelings (neutral),4,5,5,3,4,5,4,2,4,4,5,1,3,4,1,2,1,1,1,4,1,Positive
2154,No,No,No strong feelings (neutral),2,1,2,4,4,4,2,5,1,5,5,3,1,1,2,2,3,4,4,2,2,Does not change
124,Yes,No,NA,3,5,3,3,1,3,4,2,3,3,5,3,3,2,1,4,4,5,1,4,4,Does not change
802,No,No,NA,3,4,1,2,4,3,3,5,1,3,3,5,3,1,3,2,3,2,2,4,5,Does not change
1355,Yes,Yes,More confident in vaccines,2,5,5,3,3,4,3,3,3,1,1,2,5,1,2,2,2,3,1,3,4,Does not change
4477,Yes,Yes,No strong feelings (neutral),4,5,4,5,5,4,1,4,3,2,4,3,4,1,3,3,3,2,2,3,1,Does not change
3452,No,No,No strong feelings (neutral),5,5,5,3,3,5,4,3,2,5,1,3,2,5,3,2,5,4,3,3,3,Does not change
42,Yes,Yes,More motivated to protect others,3,1,3,3,3,2,3,3,5,2,4,1,3,3,4,2,4,4,1,2,1,Negative
131,Yes,No,No strong feelings (neutral),5,3,5,5,5,2,5,4,4,4,1,4,2,3,4,4,3,2,1,3,2,Does not change
2174,No,Yes,More confident in vaccines,5,3,5,2,4,3,4,4,2,4,2,2,4,5,2,5,1,5,4,2,1,Positive
3994,Yes,No,More motivated to protect others,5,2,3,1,3,2,1,3,1,2,3,3,5,2,2,2,1,1,4,3,5,Much more positive
